name,group,description,k,objective,active_bounds,held_out_ai_runs,held_out_paired_rmse,held_out_paired_rmse_477m,held_out_paired_rmse_973m,held_out_paired_rmse_low,leave_one_size_out_ai_runs,leave_one_size_out_paired_rmse,leave_one_size_out_paired_rmse_low,leave_one_size_out_paired_rmse_high
benefit_none,benefit,No credit: AI tokens add no data,8,0.07587437096841917,,51,0.003285827079284492,0.0035939670509949656,0.0009505831233832209,0.002539473806399254,502,0.016524504284169222,0.007890840839509184,0.02556228292205936
benefit_linear,benefit,"Linear, $\eta r$ (no saturation)",9,0.02751839639340254,,51,0.0018706315317165772,0.0018648410697859473,0.0018974200509150737,0.001805790239035984,502,0.011645361332983896,0.006909215900015159,0.017151854270981336
benefit_exp_unit,benefit,"Exponential window, $\eta=1$ (CD's credit)",10,0.014561226910647752,,51,0.0009715277825910943,0.001054135223333296,0.00040369583553344487,0.0007978840764812265,502,0.00876495116300084,0.005060249484297617,0.01300946257639761
benefit_rational,benefit,"Rational window, free $\eta$",11,0.013678205270323941,,51,0.000978218166805767,0.0010610673966198394,0.00041044163588170634,0.0007392206096989771,502,0.009085072487671054,0.005643296874781072,0.013191293866058607
benefit_tanh,benefit,"Tanh window, free $\eta$",11,0.014240591046873615,,51,0.0008278259200553983,0.0008918255565713027,0.0004143622769238866,0.000631521992348273,502,0.009161809123281918,0.005971754298240936,0.013078720262429067
benefit_exp_constant,benefit,"Exponential window, no budget dependence ($\rho=0$)",10,0.018542212539036335,,51,0.0017141513508812435,0.0018208256231158747,0.0010856133775031614,0.0012438030005343821,502,0.00997128264318044,0.006257245191050749,0.014428718030402913
benefit_exp_size,benefit,"Exponential window, also size-dependent ($R^\star=K t^\rho n^\sigma$)",12,0.01381523415441667,,51,0.0014101914332882548,0.0015352090256242096,0.0005198536338305285,0.0008972668698664663,502,0.009976857230368558,0.005899964520070815,0.014708417512789332
ours,both,"Exponential window, free $\eta$, $R^\star=K t^\rho$, harm $\gamma t^{u}n^{v}[\log(1+r)-r/(1+r)]$ on the data term (ours)",11,0.013973260190467863,,51,0.0008294850692260867,0.0008939238691349946,0.00041205775802395975,0.0006432137253016409,502,0.009115086739716581,0.005819151126448182,0.013111251265120359
harm_none,harm,No harm (credit only),8,0.04535702427595014,logK,51,0.0032671126507457893,0.0034429438367408064,0.0022733495517959805,0.001808907176835218,502,0.014324450456707171,0.0059389598963943,0.022623059894944734
harm_logshare_constant,harm,"$\gamma\,[\log(1+r)-r/(1+r)]$ on the data term, no budget or size dependence",9,0.028516966199674254,,51,0.0028348191317487254,0.002975938936570272,0.0020516997755240366,0.001613228446546833,502,0.012614901818974376,0.0066288899427894,0.0191572179173837
harm_logshare_budget,harm,"$\gamma t^{u}[\log(1+r)-r/(1+r)]$ on the data term, no size dependence",10,0.01596873646374563,,51,0.0023577271915521374,0.002457279648534976,0.0018226164225160085,0.0013913685890669888,502,0.009930728936706476,0.005960206618886095,0.014576451321905482
harm_logshare_size,harm,"$\gamma n^{v}[\log(1+r)-r/(1+r)]$ on the data term, no budget dependence",10,0.025917323895648874,,51,0.0021588360419392506,0.002308927208487411,0.001237432017564631,0.001437164225503076,502,0.011481910248904569,0.006434564011517734,0.01717595966433437
harm_logshare_additive,harm,"$\gamma t^{u}n^{v}[\log(1+r)-r/(1+r)]$ added to the loss, not tied to the data term",11,0.014097821551617349,,51,0.0007976832141906985,0.0008561265772707049,0.00043040161287559214,0.0006267787878835554,502,0.009125640877123661,0.005839238561718508,0.013115724495224324
harm_log,harm,$\gamma t^{u}n^{v}\log(1+r)$ on the data term (harm starts at the first AI token),11,0.013340656890611325,,51,0.001145720854179483,0.001185777917349339,0.0009363985827098944,0.00106219016512185,502,0.00933469576665395,0.005838940304039302,0.01352226269179542
harm_boxcox,harm,"Box--Cox of $\log(1+r)$ with free curvature $\lambda$, on the data term",12,0.013241419391464868,,51,0.001127104918826758,0.0011633488013326173,0.0009396608247785504,0.0010539587909641275,502,0.009548482044333985,0.005875078303633625,0.013907165797984395
harm_power,harm,Power law $\gamma r^{p} t^{u} n^{v}$ added to the loss \citep{lovelace2026prescriptive},12,0.014785493951505996,,51,0.00155248069624706,0.0015771045492848203,0.0014319816894182672,0.0015669804671527576,502,0.00946230262128966,0.0059794506739848045,0.013659500261416054
