target,control,ai_share,ceg,status
c4,268m-g081-control,0.0,1.3315673515071926,ok
c4,268m-g081-control,0.0021054581113503223,1.3321883975740514,ok
c4,268m-g081-control,0.004210916222700645,1.330797879946647,ok
c4,268m-g081-control,0.006316374334050967,1.3285604380718141,ok
c4,268m-g081-control,0.00842183244540129,1.3259651576083524,ok
c4,268m-g081-control,0.010527290556751612,1.3232166433929453,ok
c4,268m-g081-control,0.012632748668101934,1.320400172225827,ok
c4,268m-g081-control,0.014738206779452256,1.3175511586233244,ok
c4,268m-g081-control,0.01684366489080258,1.3146842606321505,ok
c4,268m-g081-control,0.0189491230021529,1.3118055286843469,ok
c4,268m-g081-control,0.021054581113503223,1.3089174573351696,ok
c4,268m-g081-control,0.023160039224853546,1.3060210778878003,ok
c4,268m-g081-control,0.025265497336203868,1.3031168219260871,ok
c4,268m-g081-control,0.02737095544755419,1.3002048762868723,ok
c4,268m-g081-control,0.029476413558904513,1.2972853284111094,ok
c4,268m-g081-control,0.031581871670254835,1.2943582256359014,ok
c4,268m-g081-control,0.03368732978160516,1.2914235992803578,ok
c4,268m-g081-control,0.03579278789295548,1.288481474395083,ok
c4,268m-g081-control,0.0378982460043058,1.2855318736923578,ok
c4,268m-g081-control,0.040003704115656125,1.2825748191244983,ok
c4,268m-g081-control,0.04210916222700645,1.2796103325156996,ok
c4,268m-g081-control,0.04421462033835677,1.276638435813972,ok
c4,268m-g081-control,0.04632007844970709,1.2736591511925042,ok
c4,268m-g081-control,0.048425536561057414,1.2706725010889646,ok
c4,268m-g081-control,0.050530994672407736,1.2676785082226303,ok
c4,268m-g081-control,0.05263645278375806,1.2646771956013068,ok
c4,268m-g081-control,0.05474191089510838,1.2616685865246382,ok
c4,268m-g081-control,0.0568473690064587,1.2586527045859803,ok
c4,268m-g081-control,0.058952827117809026,1.2556295736737306,ok
c4,268m-g081-control,0.06105828522915935,1.2525992179724204,ok
c4,268m-g081-control,0.06316374334050967,1.2495616619636674,ok
c4,268m-g081-control,0.06526920145185999,1.2465169304271566,ok
c4,268m-g081-control,0.06737465956321032,1.243465048441575,ok
c4,268m-g081-control,0.06948011767456064,1.2404060413854707,ok
c4,268m-g081-control,0.07158557578591096,1.2373399349382033,ok
c4,268m-g081-control,0.07369103389726128,1.2342667550808135,ok
c4,268m-g081-control,0.0757964920086116,1.2311865280969272,ok
c4,268m-g081-control,0.07790195011996193,1.2280992805736226,ok
c4,268m-g081-control,0.08000740823131225,1.225005039402279,ok
c4,268m-g081-control,0.08211286634266257,1.2219038317800335,ok
c4,268m-g081-control,0.0842183244540129,1.2187956852081459,ok
c4,268m-g081-control,0.08632378256536322,1.2156806274965597,ok
c4,268m-g081-control,0.08842924067671354,1.2125586867620326,ok
c4,268m-g081-control,0.09053469878806386,1.209429891430307,ok
c4,268m-g081-control,0.09264015689941418,1.2062942702358102,ok
c4,268m-g081-control,0.0947456150107645,1.2031518522231912,ok
c4,268m-g081-control,0.09685107312211483,1.2000026667478694,ok
c4,268m-g081-control,0.09895653123346515,1.196846743476842,ok
c4,268m-g081-control,0.10106198934481547,1.1936841123894062,ok
c4,268m-g081-control,0.1031674474561658,1.1905148037778306,ok
c4,268m-g081-control,0.10527290556751612,1.1873388482481964,ok
c4,268m-g081-control,0.10737836367886644,1.1841562767210907,ok
c4,268m-g081-control,0.10948382179021676,1.1809671204328738,ok
c4,268m-g081-control,0.11158927990156708,1.1777714109339832,ok
c4,268m-g081-control,0.1136947380129174,1.1745691800931637,ok
c4,268m-g081-control,0.11580019612426773,1.1713604600955922,ok
c4,268m-g081-control,0.11790565423561805,1.1681452834447559,ok
c4,268m-g081-control,0.12001111234696837,1.1649236829621625,ok
c4,268m-g081-control,0.1221165704583187,1.1616956917886008,ok
c4,268m-g081-control,0.12422202856966902,1.1584613433845619,ok
c4,268m-g081-control,0.12632748668101934,1.155220671530843,ok
c4,268m-g081-control,0.12843294479236966,1.1519737103290713,ok
c4,268m-g081-control,0.13053840290371999,1.148720494202461,ok
c4,268m-g081-control,0.1326438610150703,1.1454610578968152,ok
c4,268m-g081-control,0.13474931912642063,1.1421954364787297,ok
c4,268m-g081-control,0.13685477723777095,1.1389236653394124,ok
c4,268m-g081-control,0.13896023534912127,1.1356457801935127,ok
c4,268m-g081-control,0.1410656934604716,1.1323618170793288,ok
c4,268m-g081-control,0.14317115157182192,1.1290718123598615,ok
c4,268m-g081-control,0.14527660968317224,1.1257758027231455,ok
c4,268m-g081-control,0.14738206779452256,1.1224738251825823,ok
c4,268m-g081-control,0.1494875259058729,1.1191659170776358,ok
c4,268m-g081-control,0.1515929840172232,1.1158521160746533,ok
c4,268m-g081-control,0.15369844212857353,1.112532460164834,ok
c4,268m-g081-control,0.15580390023992385,1.1092069876685915,ok
c4,268m-g081-control,0.15790935835127418,1.1058757372327475,ok
c4,268m-g081-control,0.1600148164626245,1.1025387478321516,ok
c4,268m-g081-control,0.16212027457397482,1.0991960587698277,ok
c4,268m-g081-control,0.16422573268532514,1.0958477096771706,ok
c4,268m-g081-control,0.16633119079667547,1.0924937405151136,ok
c4,268m-g081-control,0.1684366489080258,1.0891341915720136,ok
c4,268m-g081-control,0.1705421070193761,1.0857691034670125,ok
c4,268m-g081-control,0.17264756513072643,1.082398517148672,ok
c4,268m-g081-control,0.17475302324207675,1.0790224738949528,ok
c4,268m-g081-control,0.17685848135342708,1.075641015314059,ok
c4,268m-g081-control,0.1789639394647774,1.0722541833442953,ok
c4,268m-g081-control,0.18106939757612772,1.0688620202551333,ok
c4,268m-g081-control,0.18317485568747804,1.065464568645063,ok
c4,268m-g081-control,0.18528031379882837,1.0620618714446741,ok
c4,268m-g081-control,0.1873857719101787,1.058653971915211,ok
c4,268m-g081-control,0.189491230021529,1.0552409136485374,ok
c4,268m-g081-control,0.19159668813287933,1.0518227405676452,ok
c4,268m-g081-control,0.19370214624422966,1.0483994969266497,ok
c4,268m-g081-control,0.19580760435557998,1.0449712273116194,ok
c4,268m-g081-control,0.1979130624669303,1.041537976637946,ok
c4,268m-g081-control,0.20001852057828062,1.0380997901541453,ok
c4,268m-g081-control,0.20212397868963095,1.0346567134390414,ok
c4,268m-g081-control,0.20422943680098127,1.0312087924027142,ok
c4,268m-g081-control,0.2063348949123316,1.0277560732869309,ok
c4,268m-g081-control,0.2084403530236819,1.0242986026632204,ok
c4,268m-g081-control,0.21054581113503223,1.0208364274353101,ok
c4,268m-g081-control,0.21265126924638256,1.0173695948375998,ok
c4,268m-g081-control,0.21475672735773288,1.0138981524348778,ok
c4,268m-g081-control,0.2168621854690832,1.0104221481225206,ok
c4,268m-g081-control,0.21896764358043352,1.0069416301271716,ok
c4,268m-g081-control,0.22107310169178385,1.003456647003984,ok
c4,268m-g081-control,0.22315880974511895,0.9999999999999987,ok
c4,268m-g081-control,0.22317855980313417,0.9999672476398321,ok
c4,268m-g081-control,0.2252840179144845,0.9964734812505391,ok
c4,268m-g081-control,0.2273894760258348,0.9929753973814545,ok
c4,268m-g081-control,0.22949493413718514,0.9894730459079706,ok
c4,268m-g081-control,0.23160039224853546,0.9859664770328308,ok
c4,268m-g081-control,0.23370585035988578,0.982455741289059,ok
c4,268m-g081-control,0.2358113084712361,0.9789408895370871,ok
c4,268m-g081-control,0.23791676658258643,0.9754219729653012,ok
c4,268m-g081-control,0.24002222469393675,0.9718990430905092,ok
c4,268m-g081-control,0.24212768280528707,0.9683721517549104,ok
c4,268m-g081-control,0.2442331409166374,0.964841351129061,ok
c4,268m-g081-control,0.24633859902798771,0.961306693708909,ok
c4,268m-g081-control,0.24844405713933804,0.95776823231675,ok
c4,268m-g081-control,0.25054951525068836,0.9542260200989621,ok
c4,268m-g081-control,0.2526549733620387,0.950680110528147,ok
c4,268m-g081-control,0.254760431473389,0.9471305574002039,ok
c4,268m-g081-control,0.2568658895847393,0.943577414834652,ok
c4,268m-g081-control,0.25897134769608965,0.9400207372749708,ok
c4,268m-g081-control,0.26107680580743997,0.9364605794853004,ok
c4,268m-g081-control,0.2631822639187903,0.9328969965531677,ok
c4,268m-g081-control,0.2652877220301406,0.9293300438862923,ok
c4,268m-g081-control,0.26739318014149094,0.9257597772136966,ok
c4,268m-g081-control,0.26949863825284126,0.9221862525825892,ok
c4,268m-g081-control,0.2716040963641916,0.9186095263606282,ok
c4,268m-g081-control,0.2737095544755419,0.9150296552327375,ok
c4,268m-g081-control,0.2758150125868922,0.9114466962021862,ok
c4,268m-g081-control,0.27792047069824255,0.9078607065873193,ok
c4,268m-g081-control,0.2800259288095929,0.9042717440237148,ok
c4,268m-g081-control,0.2821313869209432,0.9006798664608258,ok
c4,268m-g081-control,0.2842368450322935,0.8970851321631664,ok
c4,268m-g081-control,0.28634230314364384,0.8934875997070797,ok
c4,268m-g081-control,0.28844776125499416,0.8898873279818236,ok
c4,268m-g081-control,0.2905532193663445,0.8862843761879132,ok
c4,268m-g081-control,0.2926586774776948,0.8826788038351585,ok
c4,268m-g081-control,0.29476413558904513,0.8790706707437802,ok
c4,268m-g081-control,0.29686959370039545,0.8754600370412282,ok
c4,268m-g081-control,0.2989750518117458,0.8718469631627886,ok
c4,268m-g081-control,0.3010805099230961,0.8682315098485018,ok
c4,268m-g081-control,0.3031859680344464,0.86461373814448,ok
c4,268m-g081-control,0.30529142614579674,0.8609937094001565,ok
c4,268m-g081-control,0.30739688425714706,0.8573714852667885,ok
c4,268m-g081-control,0.3095023423684974,0.8537471276981053,ok
c4,268m-g081-control,0.3116078004798477,0.8501206989470445,ok
c4,268m-g081-control,0.31371325859119803,0.8464922615662335,ok
c4,268m-g081-control,0.31581871670254835,0.8428618784048534,ok
c4,268m-g081-control,0.3179241748138987,0.8392296126089274,ok
c4,268m-g081-control,0.320029632925249,0.8355955276197529,ok
c4,268m-g081-control,0.3221350910365993,0.8319596871710926,ok
c4,268m-g081-control,0.32424054914794964,0.8283221552899769,ok
c4,268m-g081-control,0.32634600725929996,0.8246829962939642,ok
c4,268m-g081-control,0.3284514653706503,0.8210422747891817,ok
c4,268m-g081-control,0.3305569234820006,0.8174000556705614,ok
c4,268m-g081-control,0.33266238159335093,0.813756404119124,ok
c4,268m-g081-control,0.33476783970470125,0.8101113856000517,ok
c4,268m-g081-control,0.3368732978160516,0.8064650658627042,ok
c4,268m-g081-control,0.3389787559274019,0.8028175109378684,ok
c4,268m-g081-control,0.3410842140387522,0.7991687871357726,ok
c4,268m-g081-control,0.34318967215010254,0.7955189610459521,ok
c4,268m-g081-control,0.34529513026145287,0.7918680995345226,ok
c4,268m-g081-control,0.3474005883728032,0.7882162697419703,ok
c4,268m-g081-control,0.3495060464841535,0.784563539082981,ok
c4,268m-g081-control,0.35161150459550383,0.7809099752437696,ok
c4,268m-g081-control,0.35371696270685415,0.7772556461798112,ok
c4,268m-g081-control,0.3558224208182045,0.7736006201148654,ok
c4,268m-g081-control,0.3579278789295548,0.7699449655395234,ok
c4,268m-g081-control,0.3600333370409051,0.7662887512075635,ok
c4,268m-g081-control,0.36213879515225544,0.7626320461360947,ok
c4,268m-g081-control,0.36424425326360577,0.7589749196019737,ok
c4,268m-g081-control,0.3663497113749561,0.7553174411413751,ok
c4,268m-g081-control,0.3684551694863064,0.7516596805468079,ok
c4,268m-g081-control,0.37056062759765673,0.748001707865035,ok
c4,268m-g081-control,0.37266608570900706,0.7443435933958206,ok
c4,268m-g081-control,0.3747715438203574,0.7406854076886222,ok
c4,268m-g081-control,0.3768770019317077,0.7370272215422894,ok
c4,268m-g081-control,0.378982460043058,0.7333691060013813,ok
c4,268m-g081-control,0.38108791815440834,0.7297111323544803,ok
c4,268m-g081-control,0.38319337626575867,0.7260533721324144,ok
c4,268m-g081-control,0.385298834377109,0.722395897104989,ok
c4,268m-g081-control,0.3874042924884593,0.7187387792804564,ok
c4,268m-g081-control,0.38950975059980963,0.7150820909018022,ok
c4,268m-g081-control,0.39161520871115996,0.7114259044447209,ok
c4,268m-g081-control,0.3937206668225103,0.7077702926158354,ok
c4,268m-g081-control,0.3958261249338606,0.7041153283494318,ok
c4,268m-g081-control,0.3979315830452109,0.7004610848061956,ok
c4,268m-g081-control,0.40003704115656125,0.6968076353703486,ok
c4,268m-g081-control,0.40214249926791157,0.6931550536462106,ok
c4,268m-g081-control,0.4042479573792619,0.6895034134574294,ok
c4,268m-g081-control,0.4063534154906122,0.6858527888431334,ok
c4,268m-g081-control,0.40845887360196254,0.6822032540562426,ok
c4,268m-g081-control,0.41056433171331286,0.6785548835600669,ok
c4,268m-g081-control,0.4126697898246632,0.6749077520269744,ok
c4,268m-g081-control,0.4147752479360135,0.671261934334048,ok
c4,268m-g081-control,0.4168807060473638,0.6676175055624511,ok
c4,268m-g081-control,0.41898616415871415,0.6639745409924742,ok
c4,268m-g081-control,0.42109162227006447,0.6603331161030276,ok
c4,268m-g081-control,0.4231970803814148,0.6566933065677605,ok
c4,268m-g081-control,0.4253025384927651,0.6530551882517166,ok
c4,268m-g081-control,0.42740799660411544,0.6494188372101287,ok
c4,268m-g081-control,0.42951345471546576,0.6457843296839553,ok
c4,268m-g081-control,0.4316189128268161,0.6421517420983981,ok
c4,268m-g081-control,0.4337243709381664,0.638521151058842,ok
c4,268m-g081-control,0.4358298290495167,0.634892633348948,ok
c4,268m-g081-control,0.43793528716086705,0.6312662659267864,ok
c4,268m-g081-control,0.44004074527221737,0.6276421259227255,ok
c4,268m-g081-control,0.4421462033835677,0.6240202906355657,ok
c4,268m-g081-control,0.444251661494918,0.6204008375303744,ok
c4,268m-g081-control,0.44635711960626834,0.6167838442344815,ok
c4,268m-g081-control,0.44846257771761866,0.6131693885354355,ok
c4,268m-g081-control,0.450568035828969,0.6095575483766452,ok
c4,268m-g081-control,0.4526734939403193,0.6059484018556454,ok
c4,268m-g081-control,0.4547789520516696,0.6023420272192721,ok
c4,268m-g081-control,0.45688441016301995,0.5987385028623141,ok
c4,268m-g081-control,0.45898986827437027,0.5951379073224249,ok
c4,268m-g081-control,0.4610953263857206,0.5915403192777641,ok
c4,268m-g081-control,0.4632007844970709,0.5879458175443005,ok
c4,268m-g081-control,0.46530624260842124,0.58435448107089,ok
c4,268m-g081-control,0.46741170071977156,0.5807663889375116,ok
c4,268m-g081-control,0.4695171588311219,0.577181620350701,ok
c4,268m-g081-control,0.4716226169424722,0.5736002546408635,ok
c4,268m-g081-control,0.47372807505382253,0.5700223712581071,ok
c4,268m-g081-control,0.47583353316517285,0.5664480497698483,ok
c4,268m-g081-control,0.4779389912765232,0.5628773698559134,ok
c4,268m-g081-control,0.4800444493878735,0.5593104113057711,ok
c4,268m-g081-control,0.4821499074992238,0.5557472540153385,ok
c4,268m-g081-control,0.48425536561057414,0.552187977982401,ok
c4,268m-g081-control,0.48636082372192446,0.5486326633038563,ok
c4,268m-g081-control,0.4884662818332748,0.5450813901713001,ok
c4,268m-g081-control,0.4905717399446251,0.5415342388676528,ok
c4,268m-g081-control,0.49267719805597543,0.5379912897634563,ok
c4,268m-g081-control,0.49478265616732575,0.534452623313378,ok
c4,268m-g081-control,0.4968881142786761,0.5309183200520021,ok
c4,268m-g081-control,0.4989935723900264,0.5273884605898401,ok
c4,268m-g081-control,0.5010990305013767,0.523863125609686,ok
c4,268m-g081-control,0.503204488612727,0.520342395863298,ok
c4,268m-g081-control,0.5053099467240774,0.5168263521665974,ok
cosmopedia,268m-g081-control,0.0,,above_range
cosmopedia,268m-g081-control,0.0021054581113503223,,above_range
cosmopedia,268m-g081-control,0.004210916222700645,,above_range
cosmopedia,268m-g081-control,0.006316374334050967,0.19659057186615259,ok
cosmopedia,268m-g081-control,0.00842183244540129,0.2044477709912594,ok
cosmopedia,268m-g081-control,0.010527290556751612,0.2123054666577447,ok
cosmopedia,268m-g081-control,0.012632748668101934,0.22016360953118455,ok
cosmopedia,268m-g081-control,0.014738206779452256,0.22802215085385583,ok
cosmopedia,268m-g081-control,0.01684366489080258,0.2358810423765431,ok
cosmopedia,268m-g081-control,0.0189491230021529,0.24374023629805958,ok
cosmopedia,268m-g081-control,0.021054581113503223,0.25159968521131987,ok
cosmopedia,268m-g081-control,0.023160039224853546,0.2594593420551103,ok
cosmopedia,268m-g081-control,0.025265497336203868,0.2673191600707091,ok
cosmopedia,268m-g081-control,0.02737095544755419,0.27517909276280234,ok
cosmopedia,268m-g081-control,0.029476413558904513,0.28303909386408366,ok
cosmopedia,268m-g081-control,0.031581871670254835,0.290899117303093,ok
cosmopedia,268m-g081-control,0.03368732978160516,0.2987591171749399,ok
cosmopedia,268m-g081-control,0.03579278789295548,0.3066190477145006,ok
cosmopedia,268m-g081-control,0.0378982460043058,0.3144788632718767,ok
cosmopedia,268m-g081-control,0.040003704115656125,0.32233851828981763,ok
cosmopedia,268m-g081-control,0.04210916222700645,0.3301979672828994,ok
cosmopedia,268m-g081-control,0.04421462033835677,0.3380571648182787,ok
cosmopedia,268m-g081-control,0.04632007844970709,0.3459160654978525,ok
cosmopedia,268m-g081-control,0.048425536561057414,0.35377462394168346,ok
cosmopedia,268m-g081-control,0.050530994672407736,0.3616327947725646,ok
cosmopedia,268m-g081-control,0.05263645278375806,0.3694905326015853,ok
cosmopedia,268m-g081-control,0.05474191089510838,0.3773477920146572,ok
cosmopedia,268m-g081-control,0.0568473690064587,0.3852045275598307,ok
cosmopedia,268m-g081-control,0.058952827117809026,0.393060693735426,ok
cosmopedia,268m-g081-control,0.06105828522915935,0.40091624497882844,ok
cosmopedia,268m-g081-control,0.06316374334050967,0.408771135655879,ok
cosmopedia,268m-g081-control,0.06526920145185999,0.4166253200509038,ok
cosmopedia,268m-g081-control,0.06737465956321032,0.42447875235720217,ok
cosmopedia,268m-g081-control,0.06948011767456064,0.43233138666805276,ok
cosmopedia,268m-g081-control,0.07158557578591096,0.4401831769681611,ok
cosmopedia,268m-g081-control,0.07369103389726128,0.4480340771254572,ok
cosmopedia,268m-g081-control,0.0757964920086116,0.4558840408833224,ok
cosmopedia,268m-g081-control,0.07790195011996193,0.4637330218531183,ok
cosmopedia,268m-g081-control,0.08000740823131225,0.4715809735070504,ok
cosmopedia,268m-g081-control,0.08211286634266257,0.47942784917125764,ok
cosmopedia,268m-g081-control,0.0842183244540129,0.48727360201926806,ok
cosmopedia,268m-g081-control,0.08632378256536322,0.4951181850656193,ok
cosmopedia,268m-g081-control,0.08842924067671354,0.502961551159698,ok
cosmopedia,268m-g081-control,0.09053469878806386,0.5108036529798499,ok
cosmopedia,268m-g081-control,0.09264015689941418,0.5186444430276129,ok
cosmopedia,268m-g081-control,0.0947456150107645,0.5264838736221904,ok
cosmopedia,268m-g081-control,0.09685107312211483,0.5343218968950075,ok
cosmopedia,268m-g081-control,0.09895653123346515,0.5421584647844963,ok
cosmopedia,268m-g081-control,0.10106198934481547,0.5499935290310095,ok
cosmopedia,268m-g081-control,0.1031674474561658,0.5578270411717682,ok
cosmopedia,268m-g081-control,0.10527290556751612,0.5656589525360802,ok
cosmopedia,268m-g081-control,0.10737836367886644,0.5734892142405448,ok
cosmopedia,268m-g081-control,0.10948382179021676,0.5813177771844247,ok
cosmopedia,268m-g081-control,0.11158927990156708,0.5891445920450846,ok
cosmopedia,268m-g081-control,0.1136947380129174,0.5969696092735229,ok
cosmopedia,268m-g081-control,0.11580019612426773,0.6047927790899903,ok
cosmopedia,268m-g081-control,0.11790565423561805,0.6126140514796494,ok
cosmopedia,268m-g081-control,0.12001111234696837,0.6204333761883922,ok
cosmopedia,268m-g081-control,0.1221165704583187,0.6282507027186064,ok
cosmopedia,268m-g081-control,0.12422202856966902,0.6360659803250275,ok
cosmopedia,268m-g081-control,0.12632748668101934,0.6438791580107152,ok
cosmopedia,268m-g081-control,0.12843294479236966,0.6516901845230231,ok
cosmopedia,268m-g081-control,0.13053840290371999,0.6594990083495765,ok
cosmopedia,268m-g081-control,0.1326438610150703,0.6673055777143543,ok
cosmopedia,268m-g081-control,0.13474931912642063,0.6751098405738202,ok
cosmopedia,268m-g081-control,0.13685477723777095,0.6829117446129329,ok
cosmopedia,268m-g081-control,0.13896023534912127,0.690711237241451,ok
cosmopedia,268m-g081-control,0.1410656934604716,0.6985082655899618,ok
cosmopedia,268m-g081-control,0.14317115157182192,0.706302776506242,ok
cosmopedia,268m-g081-control,0.14527660968317224,0.7140947165513033,ok
cosmopedia,268m-g081-control,0.14738206779452256,0.7218840319957596,ok
cosmopedia,268m-g081-control,0.1494875259058729,0.7296706688160622,ok
cosmopedia,268m-g081-control,0.1515929840172232,0.7374545726907038,ok
cosmopedia,268m-g081-control,0.15369844212857353,0.7452356889965359,ok
cosmopedia,268m-g081-control,0.15580390023992385,0.7530139628050824,ok
cosmopedia,268m-g081-control,0.15790935835127418,0.7607893388787421,ok
cosmopedia,268m-g081-control,0.1600148164626245,0.7685617616671407,ok
cosmopedia,268m-g081-control,0.16212027457397482,0.776331175303422,ok
cosmopedia,268m-g081-control,0.16422573268532514,0.7840975236004898,ok
cosmopedia,268m-g081-control,0.16633119079667547,0.7918607500473718,ok
cosmopedia,268m-g081-control,0.1684366489080258,0.7996207978054258,ok
cosmopedia,268m-g081-control,0.1705421070193761,0.8073776097046684,ok
cosmopedia,268m-g081-control,0.17264756513072643,0.8151311282400093,ok
cosmopedia,268m-g081-control,0.17475302324207675,0.8228812955675424,ok
cosmopedia,268m-g081-control,0.17685848135342708,0.8306280535007784,ok
cosmopedia,268m-g081-control,0.1789639394647774,0.8383713435068807,ok
cosmopedia,268m-g081-control,0.18106939757612772,0.8461111067029224,ok
cosmopedia,268m-g081-control,0.18317485568747804,0.8538472838520279,ok
cosmopedia,268m-g081-control,0.18528031379882837,0.8615798153596324,ok
cosmopedia,268m-g081-control,0.1873857719101787,0.8693086412696132,ok
cosmopedia,268m-g081-control,0.189491230021529,0.8770337012604983,ok
cosmopedia,268m-g081-control,0.19159668813287933,0.8847549346414951,ok
cosmopedia,268m-g081-control,0.19370214624422966,0.8924722803487377,ok
cosmopedia,268m-g081-control,0.19580760435557998,0.9001856769413449,ok
cosmopedia,268m-g081-control,0.1979130624669303,0.9078950625971808,ok
cosmopedia,268m-g081-control,0.20001852057828062,0.9156003751096081,ok
cosmopedia,268m-g081-control,0.20212397868963095,0.9233015518828005,ok
cosmopedia,268m-g081-control,0.20422943680098127,0.930998529927999,ok
cosmopedia,268m-g081-control,0.2063348949123316,0.9386912458595223,ok
cosmopedia,268m-g081-control,0.2084403530236819,0.9463796358906092,ok
cosmopedia,268m-g081-control,0.21054581113503223,0.9540636358294021,ok
cosmopedia,268m-g081-control,0.21265126924638256,0.9617431810746819,ok
cosmopedia,268m-g081-control,0.21475672735773288,0.969418206611816,ok
cosmopedia,268m-g081-control,0.2168621854690832,0.9770886470085578,ok
cosmopedia,268m-g081-control,0.21896764358043352,0.9847544364106949,ok
cosmopedia,268m-g081-control,0.22107310169178385,0.9924155085378925,ok
cosmopedia,268m-g081-control,0.22315880974511895,0.9999999999999987,ok
cosmopedia,268m-g081-control,0.22317855980313417,1.0000717966793908,ok
cosmopedia,268m-g081-control,0.2252840179144845,1.0077232336895225,ok
cosmopedia,268m-g081-control,0.2273894760258348,1.01536975198347,ok
cosmopedia,268m-g081-control,0.22949493413718514,1.0230112835327478,ok
cosmopedia,268m-g081-control,0.23160039224853546,1.0306477598607853,ok
cosmopedia,268m-g081-control,0.23370585035988578,1.0382791120384167,ok
cosmopedia,268m-g081-control,0.2358113084712361,1.0459052706792182,ok
cosmopedia,268m-g081-control,0.23791676658258643,1.0535261659351103,ok
cosmopedia,268m-g081-control,0.24002222469393675,1.0611417274914534,ok
cosmopedia,268m-g081-control,0.24212768280528707,1.0687518845626054,ok
cosmopedia,268m-g081-control,0.2442331409166374,1.076356565886959,ok
cosmopedia,268m-g081-control,0.24633859902798771,1.083955699722366,ok
cosmopedia,268m-g081-control,0.24844405713933804,1.0915492138410525,ok
cosmopedia,268m-g081-control,0.25054951525068836,1.0991370355250027,ok
cosmopedia,268m-g081-control,0.2526549733620387,1.1067190915607246,ok
cosmopedia,268m-g081-control,0.254760431473389,1.1142953082344746,ok
cosmopedia,268m-g081-control,0.2568658895847393,1.1218656113271062,ok
cosmopedia,268m-g081-control,0.25897134769608965,1.12942992610894,ok
cosmopedia,268m-g081-control,0.26107680580743997,1.1369881773347101,ok
cosmopedia,268m-g081-control,0.2631822639187903,1.1445402892381393,ok
cosmopedia,268m-g081-control,0.2652877220301406,1.1520861855268982,ok
cosmopedia,268m-g081-control,0.26739318014149094,1.159625789377044,ok
cosmopedia,268m-g081-control,0.26949863825284126,1.1671590234277116,ok
cosmopedia,268m-g081-control,0.2716040963641916,1.1746858097757145,ok
cosmopedia,268m-g081-control,0.2737095544755419,1.1822060699698267,ok
cosmopedia,268m-g081-control,0.2758150125868922,1.1897197250053158,ok
cosmopedia,268m-g081-control,0.27792047069824255,1.1972266953183321,ok
cosmopedia,268m-g081-control,0.2800259288095929,1.20472690077995,ok
cosmopedia,268m-g081-control,0.2821313869209432,1.212220260690563,ok
cosmopedia,268m-g081-control,0.2842368450322935,1.2197066937739998,ok
cosmopedia,268m-g081-control,0.28634230314364384,1.2271861181714336,ok
cosmopedia,268m-g081-control,0.28844776125499416,1.2346584514354668,ok
cosmopedia,268m-g081-control,0.2905532193663445,1.242123610524023,ok
cosmopedia,268m-g081-control,0.2926586774776948,1.2495815117942304,ok
cosmopedia,268m-g081-control,0.29476413558904513,1.2570320709959926,ok
cosmopedia,268m-g081-control,0.29686959370039545,1.2644752032658433,ok
cosmopedia,268m-g081-control,0.2989750518117458,1.2719108231204495,ok
cosmopedia,268m-g081-control,0.3010805099230961,1.279338844450167,ok
cosmopedia,268m-g081-control,0.3031859680344464,1.286759180512389,ok
cosmopedia,268m-g081-control,0.30529142614579674,1.2941717439249234,ok
cosmopedia,268m-g081-control,0.30739688425714706,1.3015764466592736,ok
cosmopedia,268m-g081-control,0.3095023423684974,1.30897320003375,ok
cosmopedia,268m-g081-control,0.3116078004798477,1.3163619147066103,ok
cosmopedia,268m-g081-control,0.31371325859119803,1.3237425006690298,ok
cosmopedia,268m-g081-control,0.31581871670254835,1.3311148672376494,ok
cosmopedia,268m-g081-control,0.3179241748138987,1.3384789230481287,ok
cosmopedia,268m-g081-control,0.320029632925249,1.345834576047073,ok
cosmopedia,268m-g081-control,0.3221350910365993,1.3531817334850595,ok
cosmopedia,268m-g081-control,0.32424054914794964,1.3605203019089525,ok
cosmopedia,268m-g081-control,0.32634600725929996,1.3678501871543518,ok
cosmopedia,268m-g081-control,0.3284514653706503,1.3751712943378918,ok
cosmopedia,268m-g081-control,0.3305569234820006,1.3824835278493905,ok
cosmopedia,268m-g081-control,0.33266238159335093,1.3897867913439514,ok
cosmopedia,268m-g081-control,0.33476783970470125,1.3970809877338968,ok
cosmopedia,268m-g081-control,0.3368732978160516,1.4043660191805984,ok
cosmopedia,268m-g081-control,0.3389787559274019,1.4116417870863045,ok
cosmopedia,268m-g081-control,0.3410842140387522,1.4189081920856268,ok
cosmopedia,268m-g081-control,0.34318967215010254,1.426165134037106,ok
cosmopedia,268m-g081-control,0.34529513026145287,1.4334125120145642,ok
cosmopedia,268m-g081-control,0.3474005883728032,1.4406502242983932,ok
cosmopedia,268m-g081-control,0.3495060464841535,1.447878168366621,ok
cosmopedia,268m-g081-control,0.35161150459550383,1.455096240885967,ok
cosmopedia,268m-g081-control,0.35371696270685415,1.4623043377026426,ok
cosmopedia,268m-g081-control,0.3558224208182045,1.4695023538331387,ok
cosmopedia,268m-g081-control,0.3579278789295548,1.4766901834547816,ok
cosmopedia,268m-g081-control,0.3600333370409051,1.483867719896211,ok
cosmopedia,268m-g081-control,0.36213879515225544,1.491034855627673,ok
cosmopedia,268m-g081-control,0.36424425326360577,1.4981914822512172,ok
cosmopedia,268m-g081-control,0.3663497113749561,1.5053374904906744,ok
cosmopedia,268m-g081-control,0.3684551694863064,1.5124727701815879,ok
cosmopedia,268m-g081-control,0.37056062759765673,1.5195972102608437,ok
cosmopedia,268m-g081-control,0.37266608570900706,1.526710698756401,ok
cosmopedia,268m-g081-control,0.3747715438203574,1.5338131227764886,ok
cosmopedia,268m-g081-control,0.3768770019317077,1.5409043684989732,ok
cosmopedia,268m-g081-control,0.378982460043058,1.5479843211604312,ok
cosmopedia,268m-g081-control,0.38108791815440834,1.5550528650450088,ok
cosmopedia,268m-g081-control,0.38319337626575867,1.5621098834731995,ok
cosmopedia,268m-g081-control,0.385298834377109,1.5691552587903874,ok
cosmopedia,268m-g081-control,0.3874042924884593,1.5761888723552588,ok
cosmopedia,268m-g081-control,0.38950975059980963,1.5832106045279428,ok
cosmopedia,268m-g081-control,0.39161520871115996,1.5902203346580788,ok
cosmopedia,268m-g081-control,0.3937206668225103,1.597217941072666,ok
cosmopedia,268m-g081-control,0.3958261249338606,1.604203301063552,ok
cosmopedia,268m-g081-control,0.3979315830452109,1.611176290875051,ok
cosmopedia,268m-g081-control,0.40003704115656125,1.6181367856910769,ok
cosmopedia,268m-g081-control,0.40214249926791157,1.625084659622195,ok
cosmopedia,268m-g081-control,0.4042479573792619,1.6320197856923804,ok
cosmopedia,268m-g081-control,0.4063534154906122,1.6389420358257325,ok
cosmopedia,268m-g081-control,0.40845887360196254,1.6458512808327603,ok
cosmopedia,268m-g081-control,0.41056433171331286,1.6527473903965701,ok
cosmopedia,268m-g081-control,0.4126697898246632,1.6596302330588326,ok
cosmopedia,268m-g081-control,0.4147752479360135,1.6664996762054485,ok
cosmopedia,268m-g081-control,0.4168807060473638,1.6733555860518377,ok
cosmopedia,268m-g081-control,0.41898616415871415,1.6801978276290273,ok
cosmopedia,268m-g081-control,0.42109162227006447,1.6870262647669148,ok
cosmopedia,268m-g081-control,0.4231970803814148,1.6938407600807228,ok
cosmopedia,268m-g081-control,0.4253025384927651,1.7006411749545483,ok
cosmopedia,268m-g081-control,0.42740799660411544,1.7074273695257687,ok
cosmopedia,268m-g081-control,0.42951345471546576,1.7141992026689696,ok
cosmopedia,268m-g081-control,0.4316189128268161,1.7209565319796205,ok
cosmopedia,268m-g081-control,0.4337243709381664,1.7276992137574225,ok
cosmopedia,268m-g081-control,0.4358298290495167,1.7344271029893157,ok
cosmopedia,268m-g081-control,0.43793528716086705,1.741140053332441,ok
cosmopedia,268m-g081-control,0.44004074527221737,1.747837917096522,ok
cosmopedia,268m-g081-control,0.4421462033835677,1.7545205452260846,ok
cosmopedia,268m-g081-control,0.444251661494918,1.7611877872824135,ok
cosmopedia,268m-g081-control,0.44635711960626834,1.7678394914245836,ok
cosmopedia,268m-g081-control,0.44846257771761866,1.7744755043917908,ok
cosmopedia,268m-g081-control,0.450568035828969,1.781095671483118,ok
cosmopedia,268m-g081-control,0.4526734939403193,1.7876998365386783,ok
cosmopedia,268m-g081-control,0.4547789520516696,1.7942878419196655,ok
cosmopedia,268m-g081-control,0.45688441016301995,1.8008595284882731,ok
cosmopedia,268m-g081-control,0.45898986827437027,1.8074147355869858,ok
cosmopedia,268m-g081-control,0.4610953263857206,1.813953301017948,ok
cosmopedia,268m-g081-control,0.4632007844970709,1.820475061021515,ok
cosmopedia,268m-g081-control,0.46530624260842124,1.8269798502546326,ok
cosmopedia,268m-g081-control,0.46741170071977156,1.8334675017687798,ok
cosmopedia,268m-g081-control,0.4695171588311219,1.8399378469874819,ok
cosmopedia,268m-g081-control,0.4716226169424722,1.8463907156834372,ok
cosmopedia,268m-g081-control,0.47372807505382253,1.852825935955146,ok
cosmopedia,268m-g081-control,0.47583353316517285,1.8592433342032793,ok
cosmopedia,268m-g081-control,0.4779389912765232,1.8656427351062281,ok
cosmopedia,268m-g081-control,0.4800444493878735,1.8720239615956764,ok
cosmopedia,268m-g081-control,0.4821499074992238,1.8783868348315733,ok
cosmopedia,268m-g081-control,0.48425536561057414,1.8847311741755912,ok
cosmopedia,268m-g081-control,0.48636082372192446,1.8910567971667613,ok
cosmopedia,268m-g081-control,0.4884662818332748,1.8973635194931708,ok
cosmopedia,268m-g081-control,0.4905717399446251,1.9036511549657316,ok
cosmopedia,268m-g081-control,0.49267719805597543,1.9099195154902329,ok
cosmopedia,268m-g081-control,0.49478265616732575,1.9161684110391728,ok
cosmopedia,268m-g081-control,0.4968881142786761,1.9223976496230677,ok
cosmopedia,268m-g081-control,0.4989935723900264,1.9286070372611286,ok
cosmopedia,268m-g081-control,0.5010990305013767,1.9347963779512427,ok
cosmopedia,268m-g081-control,0.503204488612727,1.940965473639597,ok
cosmopedia,268m-g081-control,0.5053099467240774,1.9471141241895042,ok
