target,n_params,human_tpp,ai_share,label,cost
c4,268436282.0,20.0,0.22315880974511895,2026 crawl,1.3362690484793063
c4,268436282.0,20.0,0.311,August 2026,1.581986423152099
c4,268436282.0,20.0,0.423,end of 2027,2.1238639519354754
c4,268436282.0,20.0,0.507,end of 2028,2.978588580989584
c4,268436282.0,20.0,0.0,,1.000000000000004
c4,268436282.0,20.0,0.01,,1.0066766845883406
c4,268436282.0,20.0,0.02,,1.017132415149835
c4,268436282.0,20.0,0.03,,1.027971270062166
c4,268436282.0,20.0,0.04,,1.0391845286750645
c4,268436282.0,20.0,0.05,,1.0507876428516814
c4,268436282.0,20.0,0.06,,1.062797192097699
c4,268436282.0,20.0,0.07,,1.075230818143716
c4,268436282.0,20.0,0.08,,1.088107307625247
c4,268436282.0,20.0,0.09,,1.1014466838562538
c4,268436282.0,20.0,0.1,,1.1152703079295692
c4,268436282.0,20.0,0.11,,1.1296009902750537
c4,268436282.0,20.0,0.12,,1.1444631139740702
c4,268436282.0,20.0,0.13,,1.1598827713208364
c4,268436282.0,20.0,0.14,,1.1758879153462778
c4,268436282.0,20.0,0.15,,1.192508528284332
c4,268436282.0,20.0,0.16,,1.2097768092731171
c4,268436282.0,20.0,0.17,,1.227727383952906
c4,268436282.0,20.0,0.18,,1.2463975390622366
c4,268436282.0,20.0,0.19,,1.2658274856581497
c4,268436282.0,20.0,0.2,,1.2860606552146039
c4,268436282.0,20.0,0.21,,1.3071440336092848
c4,268436282.0,20.0,0.22,,1.3291285389230105
c4,268436282.0,20.0,0.23,,1.3520694500860702
c4,268436282.0,20.0,0.24,,1.3760268947597192
c4,268436282.0,20.0,0.25,,1.4010664065047427
c4,268436282.0,20.0,0.26,,1.4272595633382033
c4,268436282.0,20.0,0.27,,1.4546847223259325
c4,268436282.0,20.0,0.28,,1.4834278680354904
c4,268436282.0,20.0,0.29,,1.5135835966699165
c4,268436282.0,20.0,0.3,,1.5452562627589688
c4,268436282.0,20.0,0.31,,1.5785613217331083
c4,268436282.0,20.0,0.32,,1.6136269099946612
c4,268436282.0,20.0,0.33,,1.6505957148457593
c4,268436282.0,20.0,0.34,,1.689627200689813
c4,268436282.0,20.0,0.35000000000000003,,1.7309002764928043
c4,268436282.0,20.0,0.36,,1.7746165142802155
c4,268436282.0,20.0,0.37,,1.8210040619176118
c4,268436282.0,20.0,0.38,,1.8703224391758264
c4,268436282.0,20.0,0.39,,1.9228684694659612
c4,268436282.0,20.0,0.4,,1.9789836887281105
c4,268436282.0,20.0,0.41000000000000003,,2.0390637002233283
c4,268436282.0,20.0,0.42,,2.103570128986059
c4,268436282.0,20.0,0.43,,2.1730461039348548
c4,268436282.0,20.0,0.44,,2.248136611047928
c4,268436282.0,20.0,0.45,,2.3296157057039526
c4,268436282.0,20.0,0.46,,2.4184236005624986
c4,268436282.0,20.0,0.47000000000000003,,2.5157183372131446
c4,268436282.0,20.0,0.48,,2.6229496346232857
c4,268436282.0,20.0,0.49,,2.741967634277117
c4,268436282.0,20.0,0.5,,2.875188828067014
c4,268436282.0,20.0,0.51,,3.0258603741073986
c4,268436282.0,20.0,0.52,,3.198504173505685
c4,268436282.0,20.0,0.53,,3.399715278237541
c4,268436282.0,20.0,0.54,,3.639731764204552
c4,268436282.0,20.0,0.55,,3.9359312834034914
c4,268436282.0,20.0,0.56,,4.322235035389424
c4,268436282.0,20.0,0.5700000000000001,,4.8843984844260415
c4,268436282.0,20.0,0.58,,6.120980015290929
c4,268436282.0,20.0,0.59,,inf
c4,268436282.0,20.0,0.6,,inf
c4,8000000000.0,20.0,0.22315880974511895,2026 crawl,1.593157481468086
fw22,268436282.0,20.0,0.22315880974511895,2026 crawl,1.3262212829246776
fw22,268436282.0,20.0,0.311,August 2026,1.5587410134077866
fw22,268436282.0,20.0,0.423,end of 2027,2.050793376222331
fw22,268436282.0,20.0,0.507,end of 2028,2.7591552569210873
fw22,268436282.0,20.0,0.0,,1.000000000000004
fw22,268436282.0,20.0,0.01,,1.0049748107422447
fw22,268436282.0,20.0,0.02,,1.0151543227940476
fw22,268436282.0,20.0,0.03,,1.025913644515934
fw22,268436282.0,20.0,0.04,,1.037036764912186
fw22,268436282.0,20.0,0.05,,1.048527436866419
fw22,268436282.0,20.0,0.06,,1.060400400594771
fw22,268436282.0,20.0,0.07,,1.0726717570525035
fw22,268436282.0,20.0,0.08,,1.0853586199862761
fw22,268436282.0,20.0,0.09,,1.0984791755199836
fw22,268436282.0,20.0,0.1,,1.112052765125605
fw22,268436282.0,20.0,0.11,,1.1260999773629505
fw22,268436282.0,20.0,0.12,,1.1406427487756126
fw22,268436282.0,20.0,0.13,,1.1557044750157726
fw22,268436282.0,20.0,0.14,,1.1713101334437623
fw22,268436282.0,20.0,0.15,,1.1874864186291376
fw22,268436282.0,20.0,0.16,,1.2042618923906205
fw22,268436282.0,20.0,0.17,,1.2216671502588532
fw22,268436282.0,20.0,0.18,,1.2397350065362382
fw22,268436282.0,20.0,0.19,,1.2585007004701312
fw22,268436282.0,20.0,0.2,,1.2780021264612307
fw22,268436282.0,20.0,0.21,,1.2982800917104116
fw22,268436282.0,20.0,0.22,,1.3193786052819962
fw22,268436282.0,20.0,0.23,,1.3413452032496043
fw22,268436282.0,20.0,0.24,,1.3642313154190748
fw22,268436282.0,20.0,0.25,,1.3880926801234112
fw22,268436282.0,20.0,0.26,,1.4129898147999984
fw22,268436282.0,20.0,0.27,,1.4389885515427083
fw22,268436282.0,20.0,0.28,,1.4661606486406609
fw22,268436282.0,20.0,0.29,,1.4945844913581596
fw22,268436282.0,20.0,0.3,,1.5243458979941735
fw22,268436282.0,20.0,0.31,,1.5555390507341709
fw22,268436282.0,20.0,0.32,,1.5882675751737563
fw22,268436282.0,20.0,0.33,,1.622645797919756
fw22,268436282.0,20.0,0.34,,1.658800218719547
fw22,268436282.0,20.0,0.35000000000000003,,1.6968712426238535
fw22,268436282.0,20.0,0.36,,1.7370152294234622
fw22,268436282.0,20.0,0.37,,1.779406932949879
fw22,268436282.0,20.0,0.38,,1.8242424231039496
fw22,268436282.0,20.0,0.39,,1.871742610539397
fw22,268436282.0,20.0,0.4,,1.922157530466997
fw22,268436282.0,20.0,0.41000000000000003,,1.9757715919906997
fw22,268436282.0,20.0,0.42,,2.032910068582471
fw22,268436282.0,20.0,0.43,,2.0939472025825743
fw22,268436282.0,20.0,0.44,,2.159316435592821
fw22,268436282.0,20.0,0.45,,2.2295234787319473
fw22,268436282.0,20.0,0.46,,2.305163236427456
fw22,268436282.0,20.0,0.47000000000000003,,2.3869420516613404
fw22,268436282.0,20.0,0.48,,2.4757074460696273
fw22,268436282.0,20.0,0.49,,2.5724886545888457
fw22,268436282.0,20.0,0.5,,2.6785531096946142
fw22,268436282.0,20.0,0.51,,2.795487198630444
fw22,268436282.0,20.0,0.52,,2.9253152585488276
fw22,268436282.0,20.0,0.53,,3.070681326365141
fw22,268436282.0,20.0,0.54,,3.2351390930949506
fw22,268436282.0,20.0,0.55,,3.423640134151423
fw22,268436282.0,20.0,0.56,,3.643414569163686
fw22,268436282.0,20.0,0.5700000000000001,,3.9057111832396343
fw22,268436282.0,20.0,0.58,,4.229703205417508
fw22,268436282.0,20.0,0.59,,4.653133262715703
fw22,268436282.0,20.0,0.6,,5.273398982536649
fw22,8000000000.0,20.0,0.22315880974511895,2026 crawl,1.5124661832322197
fw26_human,268436282.0,20.0,0.22315880974511895,2026 crawl,1.3195081040274044
fw26_human,268436282.0,20.0,0.311,August 2026,1.5459493446136778
fw26_human,268436282.0,20.0,0.423,end of 2027,2.016087794459659
fw26_human,268436282.0,20.0,0.507,end of 2028,2.6661373869073026
fw26_human,268436282.0,20.0,0.0,,1.0000000000000004
fw26_human,268436282.0,20.0,0.01,,1.003057670699522
fw26_human,268436282.0,20.0,0.02,,1.0125674824010353
fw26_human,268436282.0,20.0,0.03,,1.023183579759763
fw26_human,268436282.0,20.0,0.04,,1.03423654894573
fw26_human,268436282.0,20.0,0.05,,1.0456569552133137
fw26_human,268436282.0,20.0,0.06,,1.0574497650683767
fw26_human,268436282.0,20.0,0.07,,1.069629362842966
fw26_human,268436282.0,20.0,0.08,,1.0822120040855978
fw26_human,268436282.0,20.0,0.09,,1.0952150410013917
fw26_human,268436282.0,20.0,0.1,,1.108656909856641
fw26_human,268436282.0,20.0,0.11,,1.1225572053421342
fw26_human,268436282.0,20.0,0.12,,1.136936770879704
fw26_human,268436282.0,20.0,0.13,,1.1518177986067266
fw26_human,268436282.0,20.0,0.14,,1.167223939415289
fw26_human,268436282.0,20.0,0.15,,1.1831804241849389
fw26_human,268436282.0,20.0,0.16,,1.1997141975717822
fw26_human,268436282.0,20.0,0.17,,1.2168540659191056
fw26_human,268436282.0,20.0,0.18,,1.2346308610863042
fw26_human,268436282.0,20.0,0.19,,1.253077622263718
fw26_human,268436282.0,20.0,0.2,,1.272229798159665
fw26_human,268436282.0,20.0,0.21,,1.292125472321786
fw26_human,268436282.0,20.0,0.22,,1.3128056147999139
fw26_human,268436282.0,20.0,0.23,,1.3343143638863144
fw26_human,268436282.0,20.0,0.24,,1.3566993423002347
fw26_human,268436282.0,20.0,0.25,,1.380012012939108
fw26_human,268436282.0,20.0,0.26,,1.4043080802278836
fw26_human,268436282.0,20.0,0.27,,1.4296479441960357
fw26_human,268436282.0,20.0,0.28,,1.4560972157452303
fw26_human,268436282.0,20.0,0.29,,1.4837273031968121
fw26_human,268436282.0,20.0,0.3,,1.512616082203514
fw26_human,268436282.0,20.0,0.31,,1.5428486635689438
fw26_human,268436282.0,20.0,0.32,,1.5745182765697103
fw26_human,268436282.0,20.0,0.33,,1.6077272891826382
fw26_human,268436282.0,20.0,0.34,,1.6425883914025647
fw26_human,268436282.0,20.0,0.35000000000000003,,1.6792259738871758
fw26_human,268436282.0,20.0,0.36,,1.7177777418763642
fw26_human,268436282.0,20.0,0.37,,1.7583966142387502
fw26_human,268436282.0,20.0,0.38,,1.8012529703297098
fw26_human,268436282.0,20.0,0.39,,1.8465373241190512
fw26_human,268436282.0,20.0,0.4,,1.8944635271889017
fw26_human,268436282.0,20.0,0.41000000000000003,,1.9452726317392395
fw26_human,268436282.0,20.0,0.42,,1.9992375845892458
fw26_human,268436282.0,20.0,0.43,,2.0566689775936453
fw26_human,268436282.0,20.0,0.44,,2.117922155237951
fw26_human,268436282.0,20.0,0.45,,2.1834060860067144
fw26_human,268436282.0,20.0,0.46,,2.253594555160563
fw26_human,268436282.0,20.0,0.47000000000000003,,2.3290404559609903
fw26_human,268436282.0,20.0,0.48,,2.4103942813494146
fw26_human,268436282.0,20.0,0.49,,2.4984284099661846
fw26_human,268436282.0,20.0,0.5,,2.5940695432016456
fw26_human,268436282.0,20.0,0.51,,2.6984428657712822
fw26_human,268436282.0,20.0,0.52,,2.8129335013727337
fw26_human,268436282.0,20.0,0.53,,2.939274241508153
fw26_human,268436282.0,20.0,0.54,,3.0796745762995883
fw26_human,268436282.0,20.0,0.55,,3.2370173409225127
fw26_human,268436282.0,20.0,0.56,,3.415171601523924
fw26_human,268436282.0,20.0,0.5700000000000001,,3.6195177630069018
fw26_human,268436282.0,20.0,0.58,,3.8578907647659237
fw26_human,268436282.0,20.0,0.59,,4.142433327540104
fw26_human,268436282.0,20.0,0.6,,4.493722551600988
fw26_human,8000000000.0,20.0,0.22315880974511895,2026 crawl,1.483155575679009
paloma,268436282.0,20.0,0.22315880974511895,2026 crawl,inf
paloma,268436282.0,20.0,0.311,August 2026,inf
paloma,268436282.0,20.0,0.423,end of 2027,inf
paloma,268436282.0,20.0,0.507,end of 2028,inf
paloma,268436282.0,20.0,0.0,,0.9999999999999826
paloma,268436282.0,20.0,0.01,,1.0098621022915473
paloma,268436282.0,20.0,0.02,,1.0224433367587185
paloma,268436282.0,20.0,0.03,,1.036888681041171
paloma,268436282.0,20.0,0.04,,1.053342411575078
paloma,268436282.0,20.0,0.05,,1.0719829114485362
paloma,268436282.0,20.0,0.06,,1.0930297296630356
paloma,268436282.0,20.0,0.07,,1.116753074324605
paloma,268436282.0,20.0,0.08,,1.143486680986628
paloma,268436282.0,20.0,0.09,,1.1736454768511673
paloma,268436282.0,20.0,0.1,,1.2077502339333495
paloma,268436282.0,20.0,0.11,,1.246462689557793
paloma,268436282.0,20.0,0.12,,1.2906368303809286
paloma,268436282.0,20.0,0.13,,1.341396025926523
paloma,268436282.0,20.0,0.14,,1.4002532330610062
paloma,268436282.0,20.0,0.15,,1.469306573167755
paloma,268436282.0,20.0,0.16,,1.5515749624017985
paloma,268436282.0,20.0,0.17,,1.6516143622743942
paloma,268436282.0,20.0,0.18,,1.7767543407570623
paloma,268436282.0,20.0,0.19,,1.939903260006773
paloma,268436282.0,20.0,0.2,,2.167193237221531
paloma,268436282.0,20.0,0.21,,2.5265816739628075
paloma,268436282.0,20.0,0.22,,3.3767052884813067
paloma,268436282.0,20.0,0.23,,inf
paloma,268436282.0,20.0,0.24,,inf
paloma,268436282.0,20.0,0.25,,inf
paloma,268436282.0,20.0,0.26,,inf
paloma,268436282.0,20.0,0.27,,inf
paloma,268436282.0,20.0,0.28,,inf
paloma,268436282.0,20.0,0.29,,inf
paloma,268436282.0,20.0,0.3,,inf
paloma,268436282.0,20.0,0.31,,inf
paloma,268436282.0,20.0,0.32,,inf
paloma,268436282.0,20.0,0.33,,inf
paloma,268436282.0,20.0,0.34,,inf
paloma,268436282.0,20.0,0.35000000000000003,,inf
paloma,268436282.0,20.0,0.36,,inf
paloma,268436282.0,20.0,0.37,,inf
paloma,268436282.0,20.0,0.38,,inf
paloma,268436282.0,20.0,0.39,,inf
paloma,268436282.0,20.0,0.4,,inf
paloma,268436282.0,20.0,0.41000000000000003,,inf
paloma,268436282.0,20.0,0.42,,inf
paloma,268436282.0,20.0,0.43,,inf
paloma,268436282.0,20.0,0.44,,inf
paloma,268436282.0,20.0,0.45,,inf
paloma,268436282.0,20.0,0.46,,inf
paloma,268436282.0,20.0,0.47000000000000003,,inf
paloma,268436282.0,20.0,0.48,,inf
paloma,268436282.0,20.0,0.49,,inf
paloma,268436282.0,20.0,0.5,,inf
paloma,268436282.0,20.0,0.51,,inf
paloma,268436282.0,20.0,0.52,,inf
paloma,268436282.0,20.0,0.53,,inf
paloma,268436282.0,20.0,0.54,,inf
paloma,268436282.0,20.0,0.55,,inf
paloma,268436282.0,20.0,0.56,,inf
paloma,268436282.0,20.0,0.5700000000000001,,inf
paloma,268436282.0,20.0,0.58,,inf
paloma,268436282.0,20.0,0.59,,inf
paloma,268436282.0,20.0,0.6,,inf
paloma,8000000000.0,20.0,0.22315880974511895,2026 crawl,inf
fw26,268436282.0,20.0,0.22315880974511895,2026 crawl,0.7179191471635097
fw26,268436282.0,20.0,0.311,August 2026,0.6834973150955936
fw26,268436282.0,20.0,0.423,end of 2027,0.6816660281703324
fw26,268436282.0,20.0,0.507,end of 2028,0.7127456883968201
fw26,268436282.0,20.0,0.0,,1.0000000000000004
fw26,268436282.0,20.0,0.01,,0.9777663005747778
fw26,268436282.0,20.0,0.02,,0.9568430415688857
fw26,268436282.0,20.0,0.03,,0.9371407021326713
fw26,268436282.0,20.0,0.04,,0.9185781986769078
fw26,268436282.0,20.0,0.05,,0.9010819594562038
fw26,268436282.0,20.0,0.06,,0.8845851194987783
fw26,268436282.0,20.0,0.07,,0.8690268182420181
fw26,268436282.0,20.0,0.08,,0.8543515851298364
fw26,268436282.0,20.0,0.09,,0.8405088008027342
fw26,268436282.0,20.0,0.1,,0.8274522234664662
fw26,268436282.0,20.0,0.11,,0.8151395716415241
fw26,268436282.0,20.0,0.12,,0.8035321558370073
fw26,268436282.0,20.0,0.13,,0.7925945528101611
fw26,268436282.0,20.0,0.14,,0.7822943170074197
fw26,268436282.0,20.0,0.15,,0.7726017245671569
fw26,268436282.0,20.0,0.16,,0.7634895459250403
fw26,268436282.0,20.0,0.17,,0.7549328436213694
fw26,268436282.0,20.0,0.18,,0.7469087923831745
fw26,268436282.0,20.0,0.19,,0.7393965189571557
fw26,268436282.0,20.0,0.2,,0.7323769595135534
fw26,268436282.0,20.0,0.21,,0.7258327327363076
fw26,268436282.0,20.0,0.22,,0.7197480269684421
fw26,268436282.0,20.0,0.23,,0.7141085000011032
fw26,268436282.0,20.0,0.24,,0.7089011902845631
fw26,268436282.0,20.0,0.25,,0.7041144385052049
fw26,268436282.0,20.0,0.26,,0.6997378186176494
fw26,268436282.0,20.0,0.27,,0.6957620775485435
fw26,268436282.0,20.0,0.28,,0.6921790829020409
fw26,268436282.0,20.0,0.29,,0.6889817780975298
fw26,268436282.0,20.0,0.3,,0.6861641444613575
fw26,268436282.0,20.0,0.31,,0.6837211698762773
fw26,268436282.0,20.0,0.32,,0.6816488236688785
fw26,268436282.0,20.0,0.33,,0.6799440374841894
fw26,268436282.0,20.0,0.34,,0.6786046919644012
fw26,268436282.0,20.0,0.35000000000000003,,0.6776296091106795
fw26,268436282.0,20.0,0.36,,0.6770185502689599
fw26,268436282.0,20.0,0.37,,0.676772219740965
fw26,268436282.0,20.0,0.38,,0.6768922740824954
fw26,268436282.0,20.0,0.39,,0.6773813372129206
fw26,268436282.0,20.0,0.4,,0.6782430215240789
fw26,268436282.0,20.0,0.41000000000000003,,0.6794819552446045
fw26,268436282.0,20.0,0.42,,0.6811038163877784
fw26,268436282.0,20.0,0.43,,0.6831153736896393
fw26,268436282.0,20.0,0.44,,0.6855245350295699
fw26,268436282.0,20.0,0.45,,0.6883404039206832
fw26,268436282.0,20.0,0.46,,0.6915733447634248
fw26,268436282.0,20.0,0.47000000000000003,,0.6952350576749096
fw26,268436282.0,20.0,0.48,,0.6993386638422151
fw26,268436282.0,20.0,0.49,,0.7038988025019287
fw26,268436282.0,20.0,0.5,,0.7089317408254204
fw26,268436282.0,20.0,0.51,,0.7144554981933989
fw26,268436282.0,20.0,0.52,,0.720489986579502
fw26,268436282.0,20.0,0.53,,0.7270571690373645
fw26,268436282.0,20.0,0.54,,0.7341812386063447
fw26,268436282.0,20.0,0.55,,0.7418888203264351
fw26,268436282.0,20.0,0.56,,0.7502091994948998
fw26,268436282.0,20.0,0.5700000000000001,,0.759174579818317
fw26,268436282.0,20.0,0.58,,0.7688203757310594
fw26,268436282.0,20.0,0.59,,0.7791855438854783
fw26,268436282.0,20.0,0.6,,0.7903129596946024
fw26,8000000000.0,20.0,0.22315880974511895,2026 crawl,0.6980477473397527
fw26_ai,268436282.0,20.0,0.22315880974511895,2026 crawl,0.15495124376152766
fw26_ai,268436282.0,20.0,0.311,August 2026,0.11641862128465094
fw26_ai,268436282.0,20.0,0.423,end of 2027,0.08846880249595261
fw26_ai,268436282.0,20.0,0.507,end of 2028,0.07501145745387233
fw26_ai,268436282.0,20.0,0.0,,1.0000000000000004
fw26_ai,268436282.0,20.0,0.01,,0.8031274134077128
fw26_ai,268436282.0,20.0,0.02,,0.6710540128933693
fw26_ai,268436282.0,20.0,0.03,,0.576307159475183
fw26_ai,268436282.0,20.0,0.04,,0.5050218547317703
fw26_ai,268436282.0,20.0,0.05,,0.44944368041243093
fw26_ai,268436282.0,20.0,0.06,,0.4048964740132415
fw26_ai,268436282.0,20.0,0.07,,0.3683927309458955
fw26_ai,268436282.0,20.0,0.08,,0.3379344447498816
fw26_ai,268436282.0,20.0,0.09,,0.3121347591773333
fw26_ai,268436282.0,20.0,0.1,,0.29000089040542915
fw26_ai,268436282.0,20.0,0.11,,0.2708034397374935
fw26_ai,268436282.0,20.0,0.12,,0.2539944802888119
fw26_ai,268436282.0,20.0,0.13,,0.23915442417508284
fw26_ai,268436282.0,20.0,0.14,,0.225956525225951
fw26_ai,268436282.0,20.0,0.15,,0.21414254606903282
fw26_ai,268436282.0,20.0,0.16,,0.20350569701960802
fw26_ai,268436282.0,20.0,0.17,,0.1938784316967511
fw26_ai,268436282.0,20.0,0.18,,0.18512355944103553
fw26_ai,268436282.0,20.0,0.19,,0.1771276684497573
fw26_ai,268436282.0,20.0,0.2,,0.169796187833824
fw26_ai,268436282.0,20.0,0.21,,0.16304963111396212
fw26_ai,268436282.0,20.0,0.22,,0.1568207040211072
fw26_ai,268436282.0,20.0,0.23,,0.1510520531634485
fw26_ai,268436282.0,20.0,0.24,,0.14569449578606372
fw26_ai,268436282.0,20.0,0.25,,0.14070561480734983
fw26_ai,268436282.0,20.0,0.26,,0.13604863412105467
fw26_ai,268436282.0,20.0,0.27,,0.13169151103637894
fw26_ai,268436282.0,20.0,0.28,,0.12760619847231644
fw26_ai,268436282.0,20.0,0.29,,0.12376804098242768
fw26_ai,268436282.0,20.0,0.3,,0.12015527711962275
fw26_ai,268436282.0,20.0,0.31,,0.11674862692014704
fw26_ai,268436282.0,20.0,0.32,,0.11353094799150909
fw26_ai,268436282.0,20.0,0.33,,0.11048694725248688
fw26_ai,268436282.0,20.0,0.34,,0.10760293809446331
fw26_ai,268436282.0,20.0,0.35000000000000003,,0.10486663482778155
fw26_ai,268436282.0,20.0,0.36,,0.10226697790091578
fw26_ai,268436282.0,20.0,0.37,,0.09979398464848953
fw26_ai,268436282.0,20.0,0.38,,0.09743862132121058
fw26_ai,268436282.0,20.0,0.39,,0.09519269293945085
fw26_ai,268436282.0,20.0,0.4,,0.09304874813986849
fw26_ai,268436282.0,20.0,0.41000000000000003,,0.09099999668686706
fw26_ai,268436282.0,20.0,0.42,,0.08904023772477838
fw26_ai,268436282.0,20.0,0.43,,0.08716379717377416
fw26_ai,268436282.0,20.0,0.44,,0.0853654729381226
fw26_ai,268436282.0,20.0,0.45,,0.08364048681247888
fw26_ai,268436282.0,20.0,0.46,,0.08198444214989292
fw26_ai,268436282.0,20.0,0.47000000000000003,,0.08039328650186572
fw26_ai,268436282.0,20.0,0.48,,0.07886327856207961
fw26_ai,268436282.0,20.0,0.49,,0.07739095884616402
fw26_ai,268436282.0,20.0,0.5,,0.07597312362382547
fw26_ai,268436282.0,20.0,0.51,,0.07460680168991099
fw26_ai,268436282.0,20.0,0.52,,0.07328923361995367
fw26_ai,268436282.0,20.0,0.53,,0.07201785320540582
fw26_ai,268436282.0,20.0,0.54,,0.07079027080575634
fw26_ai,268436282.0,20.0,0.55,,0.0696042583902906
fw26_ai,268436282.0,20.0,0.56,,0.06845773607250467
fw26_ai,268436282.0,20.0,0.5700000000000001,,0.06734875996597764
fw26_ai,268436282.0,20.0,0.58,,0.06627551121253826
fw26_ai,268436282.0,20.0,0.59,,0.06523628605248348
fw26_ai,268436282.0,20.0,0.6,,0.06422948682283325
fw26_ai,8000000000.0,20.0,0.22315880974511895,2026 crawl,0.1546992584685557
cosmopedia,268436282.0,20.0,0.22315880974511895,2026 crawl,0.17304502621813597
cosmopedia,268436282.0,20.0,0.311,August 2026,0.13078638198848225
cosmopedia,268436282.0,20.0,0.423,end of 2027,0.09986665820607453
cosmopedia,268436282.0,20.0,0.507,end of 2028,0.08490304893639275
cosmopedia,268436282.0,20.0,0.0,,1.0000000000000004
cosmopedia,268436282.0,20.0,0.01,,0.8229905879081691
cosmopedia,268436282.0,20.0,0.02,,0.6992636491800812
cosmopedia,268436282.0,20.0,0.03,,0.6079069551052784
cosmopedia,268436282.0,20.0,0.04,,0.537686380935896
cosmopedia,268436282.0,20.0,0.05,,0.4820274855600317
cosmopedia,268436282.0,20.0,0.06,,0.43682646141341636
cosmopedia,268436282.0,20.0,0.07,,0.39938919734124134
cosmopedia,268436282.0,20.0,0.08,,0.36787382341491576
cosmopedia,268436282.0,20.0,0.09,,0.340978405850123
cosmopedia,268436282.0,20.0,0.1,,0.31775660126627525
cosmopedia,268436282.0,20.0,0.11,,0.29750401258496834
cosmopedia,268436282.0,20.0,0.12,,0.2796855112395969
cosmopedia,268436282.0,20.0,0.13,,0.26388727305799947
cosmopedia,268436282.0,20.0,0.14,,0.24978424912558825
cosmopedia,268436282.0,20.0,0.15,,0.2371175716584232
cosmopedia,268436282.0,20.0,0.16,,0.22567852624192844
cosmopedia,268436282.0,20.0,0.17,,0.21529696687096245
cosmopedia,268436282.0,20.0,0.18,,0.2058328004471409
cosmopedia,268436282.0,20.0,0.19,,0.19716963204616916
cosmopedia,268436282.0,20.0,0.2,,0.1892099572359915
cosmopedia,268436282.0,20.0,0.21,,0.18187147917595314
cosmopedia,268436282.0,20.0,0.22,,0.17508425500963506
cosmopedia,268436282.0,20.0,0.23,,0.16878846157173788
cosmopedia,268436282.0,20.0,0.24,,0.16293262907156794
cosmopedia,268436282.0,20.0,0.25,,0.15747223225465679
cosmopedia,268436282.0,20.0,0.26,,0.15236855738942895
cosmopedia,268436282.0,20.0,0.27,,0.14758778406752326
cosmopedia,268436282.0,20.0,0.28,,0.1431002357574312
cosmopedia,268436282.0,20.0,0.29,,0.13887976400286214
cosmopedia,268436282.0,20.0,0.3,,0.13490323926403272
cosmopedia,268436282.0,20.0,0.31,,0.13115012746004706
cosmopedia,268436282.0,20.0,0.32,,0.12760213584219296
cosmopedia,268436282.0,20.0,0.33,,0.12424291530673029
cosmopedia,268436282.0,20.0,0.34,,0.12105780892433166
cosmopedia,268436282.0,20.0,0.35000000000000003,,0.11803363852612563
cosmopedia,268436282.0,20.0,0.36,,0.11515852279237425
cosmopedia,268436282.0,20.0,0.37,,0.11242172154875671
cosmopedia,268436282.0,20.0,0.38,,0.10981350196853763
cosmopedia,268436282.0,20.0,0.39,,0.10732502316734871
cosmopedia,268436282.0,20.0,0.4,,0.10494823630684419
cosmopedia,268436282.0,20.0,0.41000000000000003,,0.10267579782889047
cosmopedia,268436282.0,20.0,0.42,,0.10050099384983216
cosmopedia,268436282.0,20.0,0.43,,0.09841767407522763
cosmopedia,268436282.0,20.0,0.44,,0.09642019386507798
cosmopedia,268436282.0,20.0,0.45,,0.09450336330032559
cosmopedia,268436282.0,20.0,0.46,,0.09266240228292368
cosmopedia,268436282.0,20.0,0.47000000000000003,,0.0908929008516786
cosmopedia,268436282.0,20.0,0.48,,0.08919078402031971
cosmopedia,268436282.0,20.0,0.49,,0.08755228054769273
cosmopedia,268436282.0,20.0,0.5,,0.0859738951363349
cosmopedia,268436282.0,20.0,0.51,,0.08445238362813948
cosmopedia,268436282.0,20.0,0.52,,0.08298473082668653
cosmopedia,268436282.0,20.0,0.53,,0.08156813062726243
cosmopedia,268436282.0,20.0,0.54,,0.0801999681790691
cosmopedia,268436282.0,20.0,0.55,,0.0788778038410957
cosmopedia,268436282.0,20.0,0.56,,0.07759935872457971
cosmopedia,268436282.0,20.0,0.5700000000000001,,0.0763625016418682
cosmopedia,268436282.0,20.0,0.58,,0.07516523730449823
cosmopedia,268436282.0,20.0,0.59,,0.07400569563308927
cosmopedia,268436282.0,20.0,0.6,,0.07288212205864603
cosmopedia,8000000000.0,20.0,0.22315880974511895,2026 crawl,0.17265848542353618
