law,target,group,depth,n_params,human_tpp,ratio,observed_change,predicted_change
chinchilla_5,c4,f01,4,19923026,9.012478475910235,0.2847630917808673,0.0012695417268812203,0.00687451638461289
chinchilla_5,c4,f02,4,19923026,17.875547068000614,0.295501577352738,-0.0017680162017975009,0.002261750951294619
chinchilla_5,c4,f03,4,19923026,26.813632527508624,0.2954865066611102,-0.0027522583137496075,0.0011482414060031742
chinchilla_5,c4,f04,4,19923026,35.78370529657493,0.29432093354817995,-0.005248148059983276,0.000706219614627123
chinchilla_5,c4,f05,4,19923026,44.77408205962287,0.2930359684314745,-0.005906251857389064,0.00048357532080267905
chinchilla_5,c4,f06,6,35782802,9.997963826309633,0.29696208993882856,0.0026271163516357592,0.0024340134884165273
chinchilla_5,c4,f07,6,35782802,20.048375501728454,0.2935691530902751,-0.0014220942489944503,0.0007540505834722092
chinchilla_5,c4,f08,6,35782802,30.097563656417964,0.29249465577971673,-0.002577952424474125,0.00038065347703764116
chinchilla_5,c4,f09,6,35782802,40.156134866129264,0.29165619176567564,-0.0036198998016040928,0.00023423385131905486
chinchilla_5,c4,f10,6,35782802,50.229704202594306,0.2907681087472559,-0.0028855053866788188,0.00016056467229402904
chinchilla_5,c4,f11,9,86180184,2.9190108946622813,0.29425062947780245,0.01180919309130617,0.004797438868782568
chinchilla_5,c4,f12,9,86180184,11.705032319262628,0.2926045154353908,0.0025924164349324704,0.00046937638409933163
chinchilla_5,c4,f13,9,86180184,23.450550407272278,0.29063234587929615,-0.0009922605302278467,0.00014565293896007345
chinchilla_5,c4,f14,9,86180184,35.18605120406798,0.29017081940260964,-0.0018506252798871233,7.364969949206499e-05
chinchilla_5,c4,f15,9,86180184,46.938870761751915,0.2895938224811644,-0.0028808313812697605,4.53457988515915e-05
chinchilla_5,c4,f16,9,86180184,58.676666714937625,0.2894743282772637,-0.003596075414189402,3.1170867998253644e-05
chinchilla_5,c4,f17,26,972949562,3.6662052631665607,0.2872643889239477,0.005996461955501032,6.692353615806464e-05
chinchilla_5,c4,f18,26,972949562,14.66565827797762,0.28726438883624666,0.0010896990255758721,6.534353488951178e-06
chinchilla_5,c4,f19,26,972949562,29.332153780238816,0.2872643888375058,-0.0013788088486578756,2.041680416388877e-06
ours_logshare_11,c4,f01,4,19923026,9.012478475910235,0.2847630917808673,0.0012695417268812203,0.002840920438871649
ours_logshare_11,c4,f02,4,19923026,17.875547068000614,0.295501577352738,-0.0017680162017975009,-0.0003252075602292454
ours_logshare_11,c4,f03,4,19923026,26.813632527508624,0.2954865066611102,-0.0027522583137496075,-0.0007420655400937946
ours_logshare_11,c4,f04,4,19923026,35.78370529657493,0.29432093354817995,-0.005248148059983276,-0.0009726752279481575
ours_logshare_11,c4,f05,4,19923026,44.77408205962287,0.2930359684314745,-0.005906251857389064,-0.001161398862311181
ours_logshare_11,c4,f06,6,35782802,9.997963826309633,0.29696208993882856,0.0026271163516357592,0.0014038336198444012
ours_logshare_11,c4,f07,6,35782802,20.048375501728454,0.2935691530902751,-0.0014220942489944503,-0.000533652920756013
ours_logshare_11,c4,f08,6,35782802,30.097563656417964,0.29249465577971673,-0.002577952424474125,-0.0008827963608521378
ours_logshare_11,c4,f09,6,35782802,40.156134866129264,0.29165619176567564,-0.0036198998016040928,-0.0011222967893548099
ours_logshare_11,c4,f10,6,35782802,50.229704202594306,0.2907681087472559,-0.0028855053866788188,-0.001331232862052158
ours_logshare_11,c4,f11,9,86180184,2.9190108946622813,0.29425062947780245,0.01180919309130617,0.022993186933405862
ours_logshare_11,c4,f12,9,86180184,11.705032319262628,0.2926045154353908,0.0025924164349324704,0.00027032488036439457
ours_logshare_11,c4,f13,9,86180184,23.450550407272278,0.29063234587929615,-0.0009922605302278467,-0.000748506536196597
ours_logshare_11,c4,f14,9,86180184,35.18605120406798,0.29017081940260964,-0.0018506252798871233,-0.001079497668605874
ours_logshare_11,c4,f15,9,86180184,46.938870761751915,0.2895938224811644,-0.0028808313812697605,-0.001347793447932908
ours_logshare_11,c4,f16,9,86180184,58.676666714937625,0.2894743282772637,-0.003596075414189402,-0.0015955704420147442
ours_logshare_11,c4,f17,26,972949562,3.6662052631665607,0.2872643889239477,0.005996461955501032,0.007304935345466369
ours_logshare_11,c4,f18,26,972949562,14.66565827797762,0.28726438883624666,0.0010896990255758721,-0.0004982965776066667
ours_logshare_11,c4,f19,26,972949562,29.332153780238816,0.2872643888375058,-0.0013788088486578756,-0.0010390047599611366
chinchilla_5,fw22,f01,4,19923026,9.012478475910235,0.2847630917808673,0.002465444052959754,0.007855621794613842
chinchilla_5,fw22,f02,4,19923026,17.875547068000614,0.295501577352738,-0.0010435023090630152,0.0029082549026954803
chinchilla_5,fw22,f03,4,19923026,26.813632527508624,0.2954865066611102,-0.0020930581458172824,0.001581968326628362
chinchilla_5,fw22,f04,4,19923026,35.78370529657493,0.29432093354817995,-0.004706339602184182,0.0010217203180289932
chinchilla_5,fw22,f05,4,19923026,44.77408205962287,0.2930359684314745,-0.005288958349825054,0.0007266061476757796
chinchilla_5,fw22,f06,6,35782802,9.997963826309633,0.29696208993882856,0.0033017318394309774,0.0031383408839482175
chinchilla_5,fw22,f07,6,35782802,20.048375501728454,0.2935691530902751,-0.0005581506668138124,0.0010942062633157586
chinchilla_5,fw22,f08,6,35782802,30.097563656417964,0.29249465577971673,-0.0020006087238467526,0.0005916446017861086
chinchilla_5,fw22,f09,6,35782802,40.156134866129264,0.29165619176567564,-0.003101266368040561,0.00038221195261367146
chinchilla_5,fw22,f10,6,35782802,50.229704202594306,0.2907681087472559,-0.0023313124602030583,0.0002720686133920716
chinchilla_5,fw22,f11,9,86180184,2.9190108946622813,0.29425062947780245,0.013163575751325492,0.005843642872691671
chinchilla_5,fw22,f12,9,86180184,11.705032319262628,0.2926045154353908,0.0033313532273247523,0.0007243803587166952
chinchilla_5,fw22,f13,9,86180184,23.450550407272278,0.29063234587929615,-0.0006234961819158176,0.0002527352695650486
chinchilla_5,fw22,f14,9,86180184,35.18605120406798,0.29017081940260964,-0.0011630639051089895,0.00013683471855466936
chinchilla_5,fw22,f15,9,86180184,46.938870761751915,0.2895938224811644,-0.0022566438082648,8.843435337885206e-05
chinchilla_5,fw22,f16,9,86180184,58.676666714937625,0.2894743282772637,-0.0031286160769746674,6.311666513817079e-05
chinchilla_5,fw22,f17,26,972949562,3.6662052631665607,0.2872643889239477,0.006641628861106984,0.0001294699902426119
chinchilla_5,fw22,f18,26,972949562,14.66565827797762,0.28726438883624666,0.0009349174527385239,1.596264600005439e-05
chinchilla_5,fw22,f19,26,972949562,29.332153780238816,0.2872643888375058,-0.0013703604738333234,5.604272912989277e-06
ours_logshare_11,fw22,f01,4,19923026,9.012478475910235,0.2847630917808673,0.002465444052959754,0.003905626417712665
ours_logshare_11,fw22,f02,4,19923026,17.875547068000614,0.295501577352738,-0.0010435023090630152,-0.00014918141662822838
ours_logshare_11,fw22,f03,4,19923026,26.813632527508624,0.2954865066611102,-0.0020930581458172824,-0.000663657759992534
ours_logshare_11,fw22,f04,4,19923026,35.78370529657493,0.29432093354817995,-0.004706339602184182,-0.0009147568140812994
ours_logshare_11,fw22,f05,4,19923026,44.77408205962287,0.2930359684314745,-0.005288958349825054,-0.0011090595101657986
ours_logshare_11,fw22,f06,6,35782802,9.997963826309633,0.29696208993882856,0.0033017318394309774,0.0021249391585513124
ours_logshare_11,fw22,f07,6,35782802,20.048375501728454,0.2935691530902751,-0.0005581506668138124,-0.0004138522341018289
ours_logshare_11,fw22,f08,6,35782802,30.097563656417964,0.29249465577971673,-0.0020006087238467526,-0.0008211522074665208
ours_logshare_11,fw22,f09,6,35782802,40.156134866129264,0.29165619176567564,-0.003101266368040561,-0.00107213245659152
ours_logshare_11,fw22,f10,6,35782802,50.229704202594306,0.2907681087472559,-0.0023313124602030583,-0.0012841531679158244
ours_logshare_11,fw22,f11,9,86180184,2.9190108946622813,0.29425062947780245,0.013163575751325492,0.0229529371696034
ours_logshare_11,fw22,f12,9,86180184,11.705032319262628,0.2926045154353908,0.0033313532273247523,0.0006517024157563876
ours_logshare_11,fw22,f13,9,86180184,23.450550407272278,0.29063234587929615,-0.0006234961819158176,-0.0006756415891449071
ours_logshare_11,fw22,f14,9,86180184,35.18605120406798,0.29017081940260964,-0.0011630639051089895,-0.0010339712032766798
ours_logshare_11,fw22,f15,9,86180184,46.938870761751915,0.2895938224811644,-0.0022566438082648,-0.0013081424188421322
ours_logshare_11,fw22,f16,9,86180184,58.676666714937625,0.2894743282772637,-0.0031286160769746674,-0.0015583772023031255
ours_logshare_11,fw22,f17,26,972949562,3.6662052631665607,0.2872643889239477,0.006641628861106984,0.008055612169310222
ours_logshare_11,fw22,f18,26,972949562,14.66565827797762,0.28726438883624666,0.0009349174527385239,-0.00039588287072367227
ours_logshare_11,fw22,f19,26,972949562,29.332153780238816,0.2872643888375058,-0.0013703604738333234,-0.001015294538909751
chinchilla_5,fw26_human,f01,4,19923026,9.012478475910235,0.2847630917808673,0.004229931605978722,0.008809330216942185
chinchilla_5,fw26_human,f02,4,19923026,17.875547068000614,0.295501577352738,0.000603626925536905,0.0035139849357426088
chinchilla_5,fw26_human,f03,4,19923026,26.813632527508624,0.2954865066611102,-0.0005409341809234768,0.0019964228248749998
chinchilla_5,fw26_human,f04,4,19923026,35.78370529657493,0.29432093354817995,-0.003493662170193096,0.0013296586026222362
chinchilla_5,fw26_human,f05,4,19923026,44.77408205962287,0.2930359684314745,-0.004024487032156782,0.0009683687489072848
chinchilla_5,fw26_human,f06,6,35782802,9.997963826309633,0.29696208993882856,0.005014081278095962,0.0038101673701837696
chinchilla_5,fw26_human,f07,6,35782802,20.048375501728454,0.2935691530902751,0.0005114677615483698,0.0014311361569206578
chinchilla_5,fw26_human,f08,6,35782802,30.097563656417964,0.29249465577971673,-0.0008742216669291836,0.0008079673825456007
chinchilla_5,fw26_human,f09,6,35782802,40.156134866129264,0.29165619176567564,-0.0018572906948797422,0.0005381459645301615
chinchilla_5,fw26_human,f10,6,35782802,50.229704202594306,0.2907681087472559,-0.001316490567770442,0.00039223709754273255
chinchilla_5,fw26_human,f11,9,86180184,2.9190108946622813,0.29425062947780245,0.015452363138337342,0.006869276955982029
chinchilla_5,fw26_human,f12,9,86180184,11.705032319262628,0.2926045154353908,0.00465258426042227,0.0009886637938191765
chinchilla_5,fw26_human,f13,9,86180184,23.450550407272278,0.29063234587929615,0.00028908013137552877,0.00037128703950310764
chinchilla_5,fw26_human,f14,9,86180184,35.18605120406798,0.29017081940260964,-0.00026539613079799607,0.00020982318108591602
chinchilla_5,fw26_human,f15,9,86180184,46.938870761751915,0.2895938224811644,-0.0018041330803738424,0.00013979084321942694
chinchilla_5,fw26_human,f16,9,86180184,58.676666714937625,0.2894743282772637,-0.002318498746476708,0.0001021465675541493
chinchilla_5,fw26_human,f17,26,972949562,3.6662052631665607,0.2872643889239477,0.007772054844486835,0.00020494994520227466
chinchilla_5,fw26_human,f18,26,972949562,14.66565827797762,0.28726438883624666,0.0008953100328549255,2.9246044928424412e-05
chinchilla_5,fw26_human,f19,26,972949562,29.332153780238816,0.2872643888375058,-0.0016744566810922696,1.1045633073942322e-05
ours_logshare_11,fw26_human,f01,4,19923026,9.012478475910235,0.2847630917808673,0.004229931605978722,0.00522382079552247
ours_logshare_11,fw26_human,f02,4,19923026,17.875547068000614,0.295501577352738,0.000603626925536905,6.280975537265962e-05
ours_logshare_11,fw26_human,f03,4,19923026,26.813632527508624,0.2954865066611102,-0.0005409341809234768,-0.0005938997040752171
ours_logshare_11,fw26_human,f04,4,19923026,35.78370529657493,0.29432093354817995,-0.003493662170193096,-0.0008773119750228807
ours_logshare_11,fw26_human,f05,4,19923026,44.77408205962287,0.2930359684314745,-0.004024487032156782,-0.0010796793249395714
ours_logshare_11,fw26_human,f06,6,35782802,9.997963826309633,0.29696208993882856,0.005014081278095962,0.00302942104172069
ours_logshare_11,fw26_human,f07,6,35782802,20.048375501728454,0.2935691530902751,0.0005114677615483698,-0.00028653539661501924
ours_logshare_11,fw26_human,f08,6,35782802,30.097563656417964,0.29249465577971673,-0.0008742216669291836,-0.0007828520628146475
ours_logshare_11,fw26_human,f09,6,35782802,40.156134866129264,0.29165619176567564,-0.0018572906948797422,-0.0010527246176717723
ours_logshare_11,fw26_human,f10,6,35782802,50.229704202594306,0.2907681087472559,-0.001316490567770442,-0.001268360459044806
ours_logshare_11,fw26_human,f11,9,86180184,2.9190108946622813,0.29425062947780245,0.015452363138337342,0.024900095262254684
ours_logshare_11,fw26_human,f12,9,86180184,11.705032319262628,0.2926045154353908,0.00465258426042227,0.0011248796704545778
ours_logshare_11,fw26_human,f13,9,86180184,23.450550407272278,0.29063234587929615,0.00028908013137552877,-0.0006249684153065538
ours_logshare_11,fw26_human,f14,9,86180184,35.18605120406798,0.29017081940260964,-0.00026539613079799607,-0.0010290959384229128
ours_logshare_11,fw26_human,f15,9,86180184,46.938870761751915,0.2895938224811644,-0.0018041330803738424,-0.0013127334786828054
ours_logshare_11,fw26_human,f16,9,86180184,58.676666714937625,0.2894743282772637,-0.002318498746476708,-0.0015643189871568798
ours_logshare_11,fw26_human,f17,26,972949562,3.6662052631665607,0.2872643889239477,0.007772054844486835,0.009315756559122383
ours_logshare_11,fw26_human,f18,26,972949562,14.66565827797762,0.28726438883624666,0.0008953100328549255,-0.0003095360951689572
ours_logshare_11,fw26_human,f19,26,972949562,29.332153780238816,0.2872643888375058,-0.0016744566810922696,-0.0010553142527504468
chinchilla_5,fw26,f01,4,19923026,9.012478475910235,0.2847630917808673,0.019729518446508512,0.014416692325607565
chinchilla_5,fw26,f02,4,19923026,17.875547068000614,0.295501577352738,0.016258749319164312,0.009675286260214501
chinchilla_5,fw26,f03,4,19923026,26.813632527508624,0.2954865066611102,0.015127235335739155,0.007462784686723355
chinchilla_5,fw26,f04,4,19923026,35.78370529657493,0.29432093354817995,0.0120144529950944,0.006172170641769822
chinchilla_5,fw26,f05,4,19923026,44.77408205962287,0.2930359684314745,0.011668880844961226,0.005315414007455517
chinchilla_5,fw26,f06,6,35782802,9.997963826309633,0.29696208993882856,0.022333676644442885,0.010473139865666977
chinchilla_5,fw26,f07,6,35782802,20.048375501728454,0.2935691530902751,0.017863795932109874,0.006644403743559875
chinchilla_5,fw26,f08,6,35782802,30.097563656417964,0.29249465577971673,0.016031173953077016,0.005086084618690791
chinchilla_5,fw26,f09,6,35782802,40.156134866129264,0.29165619176567564,0.015206938272896868,0.004200849080912855
chinchilla_5,fw26,f10,6,35782802,50.229704202594306,0.2907681087472559,0.016224545703572863,0.003616646421980952
chinchilla_5,fw26,f11,9,86180184,2.9190108946622813,0.29425062947780245,0.03396048801611751,0.01431789716822686
chinchilla_5,fw26,f12,9,86180184,11.705032319262628,0.2926045154353908,0.02406470716335189,0.0058913098551868995
chinchilla_5,fw26,f13,9,86180184,23.450550407272278,0.29063234587929615,0.019658130083689232,0.0037174214046328067
chinchilla_5,fw26,f14,9,86180184,35.18605120406798,0.29017081940260964,0.019402845616543696,0.0028398991873789764
chinchilla_5,fw26,f15,9,86180184,46.938870761751915,0.2895938224811644,0.018044066201907485,0.002342128376707625
chinchilla_5,fw26,f16,9,86180184,58.676666714937625,0.2894743282772637,0.017670324458656315,0.0020185407568572965
chinchilla_5,fw26,f17,26,972949562,3.6662052631665607,0.2872643889239477,0.03130598090382367,0.0030915398139013486
chinchilla_5,fw26,f18,26,972949562,14.66565827797762,0.28726438883624666,0.025288583395727062,0.0012292896434177864
chinchilla_5,fw26,f19,26,972949562,29.332153780238816,0.2872643888375058,0.02280880017275009,0.000772955293038625
ours_logshare_11,fw26,f01,4,19923026,9.012478475910235,0.2847630917808673,0.019729518446508512,0.038025588885776035
ours_logshare_11,fw26,f02,4,19923026,17.875547068000614,0.295501577352738,0.016258749319164312,0.028854711532420894
ours_logshare_11,fw26,f03,4,19923026,26.813632527508624,0.2954865066611102,0.015127235335739155,0.02391999206296063
ours_logshare_11,fw26,f04,4,19923026,35.78370529657493,0.29432093354817995,0.0120144529950944,0.0207587034644808
ours_logshare_11,fw26,f05,4,19923026,44.77408205962287,0.2930359684314745,0.011668880844961226,0.018508541923700546
ours_logshare_11,fw26,f06,6,35782802,9.997963826309633,0.29696208993882856,0.022333676644442885,0.03257020971450945
ours_logshare_11,fw26,f07,6,35782802,20.048375501728454,0.2935691530902751,0.017863795932109874,0.023890688762618385
ours_logshare_11,fw26,f08,6,35782802,30.097563656417964,0.29249465577971673,0.016031173953077016,0.01973137721351023
ours_logshare_11,fw26,f09,6,35782802,40.156134866129264,0.29165619176567564,0.015206938272896868,0.01712034567037403
ours_logshare_11,fw26,f10,6,35782802,50.229704202594306,0.2907681087472559,0.016224545703572863,0.015269732849009192
ours_logshare_11,fw26,f11,9,86180184,2.9190108946622813,0.29425062947780245,0.03396048801611751,0.042627773562439075
ours_logshare_11,fw26,f12,9,86180184,11.705032319262628,0.2926045154353908,0.02406470716335189,0.024251087455398328
ours_logshare_11,fw26,f13,9,86180184,23.450550407272278,0.29063234587929615,0.019658130083689232,0.01773715479928269
ours_logshare_11,fw26,f14,9,86180184,35.18605120406798,0.29017081940260964,0.019402845616543696,0.014639743490390373
ours_logshare_11,fw26,f15,9,86180184,46.938870761751915,0.2895938224811644,0.018044066201907485,0.012700147442720796
ours_logshare_11,fw26,f16,9,86180184,58.676666714937625,0.2894743282772637,0.017670324458656315,0.011341360100567221
ours_logshare_11,fw26,f17,26,972949562,3.6662052631665607,0.2872643889239477,0.03130598090382367,0.01905658291849918
ours_logshare_11,fw26,f18,26,972949562,14.66565827797762,0.28726438883624666,0.025288583395727062,0.010577168358293223
ours_logshare_11,fw26,f19,26,972949562,29.332153780238816,0.2872643888375058,0.02280880017275009,0.007737525579789901
chinchilla_5,fw26_ai,f01,4,19923026,9.012478475910235,0.2847630917808673,0.0908812648997989,0.02563409920681548
chinchilla_5,fw26_ai,f02,4,19923026,17.875547068000614,0.295501577352738,0.08884540740606092,0.026132105792694715
chinchilla_5,fw26_ai,f03,4,19923026,26.813632527508624,0.2954865066611102,0.0882174207267436,0.025913480612797735
chinchilla_5,fw26_ai,f04,4,19923026,35.78370529657493,0.29432093354817995,0.08439477076625,0.025665111046430527
chinchilla_5,fw26_ai,f05,4,19923026,44.77408205962287,0.2930359684314745,0.08506641933529574,0.025441462857233352
chinchilla_5,fw26_ai,f06,6,35782802,9.997963826309633,0.29696208993882856,0.10469610004877383,0.027907314732176815
chinchilla_5,fw26_ai,f07,6,35782802,20.048375501728454,0.2935691530902751,0.10101528477509933,0.02735266609744373
chinchilla_5,fw26_ai,f08,6,35782802,30.097563656417964,0.29249465577971673,0.09734580932120589,0.02709679814735135
chinchilla_5,fw26_ai,f09,6,35782802,40.156134866129264,0.29165619176567564,0.097613377971946,0.026905897226546738
chinchilla_5,fw26_ai,f10,6,35782802,50.229704202594306,0.2907681087472559,0.10112982145850831,0.026736704813939027
chinchilla_5,fw26_ai,f11,9,86180184,2.9190108946622813,0.29425062947780245,0.12260634636841515,0.02937941733312481
chinchilla_5,fw26_ai,f12,9,86180184,11.705032319262628,0.2926045154353908,0.12075424929791373,0.02891866511929592
chinchilla_5,fw26_ai,f13,9,86180184,23.450550407272278,0.29063234587929615,0.11716300159092764,0.02857171258851434
chinchilla_5,fw26_ai,f14,9,86180184,35.18605120406798,0.29017081940260964,0.1188073559994749,0.02842366548419514
chinchilla_5,fw26_ai,f15,9,86180184,46.938870761751915,0.2895938224811644,0.11874578864150058,0.02829446080424241
chinchilla_5,fw26_ai,f16,9,86180184,58.676666714937625,0.2894743282772637,0.1188930403120397,0.028221112936778515
chinchilla_5,fw26_ai,f17,26,972949562,3.6662052631665607,0.2872643889239477,0.15761640666241755,0.03016466618651582
chinchilla_5,fw26_ai,f18,26,972949562,14.66565827797762,0.28726438883624666,0.15992151630987514,0.03008868957390461
chinchilla_5,fw26_ai,f19,26,972949562,29.332153780238816,0.2872643888375058,0.15911976155251906,0.030045810107292348
ours_logshare_11,fw26_ai,f01,4,19923026,9.012478475910235,0.2847630917808673,0.0908812648997989,0.11820788662869106
ours_logshare_11,fw26_ai,f02,4,19923026,17.875547068000614,0.295501577352738,0.08884540740606092,0.11392980005374895
ours_logshare_11,fw26_ai,f03,4,19923026,26.813632527508624,0.2954865066611102,0.0882174207267436,0.1102989745193068
ours_logshare_11,fw26_ai,f04,4,19923026,35.78370529657493,0.29432093354817995,0.08439477076625,0.10749547753646667
ours_logshare_11,fw26_ai,f05,4,19923026,44.77408205962287,0.2930359684314745,0.08506641933529574,0.10522985844399779
ours_logshare_11,fw26_ai,f06,6,35782802,9.997963826309633,0.29696208993882856,0.10469610004877383,0.12496306793307312
ours_logshare_11,fw26_ai,f07,6,35782802,20.048375501728454,0.2935691530902751,0.10101528477509933,0.11849606528006795
ours_logshare_11,fw26_ai,f08,6,35782802,30.097563656417964,0.29249465577971673,0.09734580932120589,0.11477535867832624
ours_logshare_11,fw26_ai,f09,6,35782802,40.156134866129264,0.29165619176567564,0.097613377971946,0.11207228798214278
ours_logshare_11,fw26_ai,f10,6,35782802,50.229704202594306,0.2907681087472559,0.10112982145850831,0.1099062078884494
ours_logshare_11,fw26_ai,f11,9,86180184,2.9190108946622813,0.29425062947780245,0.12260634636841515,0.14118748652643182
ours_logshare_11,fw26_ai,f12,9,86180184,11.705032319262628,0.2926045154353908,0.12075424929791373,0.1296752265098339
ours_logshare_11,fw26_ai,f13,9,86180184,23.450550407272278,0.29063234587929615,0.11716300159092764,0.12355756067982447
ours_logshare_11,fw26_ai,f14,9,86180184,35.18605120406798,0.29017081940260964,0.1188073559994749,0.12002569191103048
ours_logshare_11,fw26_ai,f15,9,86180184,46.938870761751915,0.2895938224811644,0.11874578864150058,0.11743633315512113
ours_logshare_11,fw26_ai,f16,9,86180184,58.676666714937625,0.2894743282772637,0.1188930403120397,0.11545068367579174
ours_logshare_11,fw26_ai,f17,26,972949562,3.6662052631665607,0.2872643889239477,0.15761640666241755,0.14446830725657156
ours_logshare_11,fw26_ai,f18,26,972949562,14.66565827797762,0.28726438883624666,0.15992151630987514,0.13365598708114843
ours_logshare_11,fw26_ai,f19,26,972949562,29.332153780238816,0.2872643888375058,0.15911976155251906,0.12813659221451354
chinchilla_5,cosmopedia,f01,4,19923026,9.012478475910235,0.2847630917808673,0.08315612884085154,0.024397614386981663
chinchilla_5,cosmopedia,f02,4,19923026,17.875547068000614,0.295501577352738,0.08508315105966333,0.02397514619933273
chinchilla_5,cosmopedia,f03,4,19923026,26.813632527508624,0.2954865066611102,0.0870184563275691,0.0232410609973287
chinchilla_5,cosmopedia,f04,4,19923026,35.78370529657493,0.29432093354817995,0.08458154637975247,0.02263896074240389
chinchilla_5,cosmopedia,f05,4,19923026,44.77408205962287,0.2930359684314745,0.0741709125916401,0.022147914536693476
chinchilla_5,cosmopedia,f06,6,35782802,9.997963826309633,0.29696208993882856,0.09567800714177806,0.025594213365629198
chinchilla_5,cosmopedia,f07,6,35782802,20.048375501728454,0.2935691530902751,0.088862799429469,0.024105234292248694
chinchilla_5,cosmopedia,f08,6,35782802,30.097563656417964,0.29249465577971673,0.07859807640815905,0.023301921014599093
chinchilla_5,cosmopedia,f09,6,35782802,40.156134866129264,0.29165619176567564,0.08721457111253657,0.022726916135185675
chinchilla_5,cosmopedia,f10,6,35782802,50.229704202594306,0.2907681087472559,0.08698542357941787,0.022265418694455832
chinchilla_5,cosmopedia,f11,9,86180184,2.9190108946622813,0.29425062947780245,0.12010504451329439,0.027838404438345888
chinchilla_5,cosmopedia,f12,9,86180184,11.705032319262628,0.2926045154353908,0.10087180137898322,0.025331465051850778
chinchilla_5,cosmopedia,f13,9,86180184,23.450550407272278,0.29063234587929615,0.1033849012732548,0.023962275043630663
chinchilla_5,cosmopedia,f14,9,86180184,35.18605120406798,0.29017081940260964,0.11270678814416872,0.02320930014095932
chinchilla_5,cosmopedia,f15,9,86180184,46.938870761751915,0.2895938224811644,0.1027974476480608,0.02265600984310196
chinchilla_5,cosmopedia,f16,9,86180184,58.676666714937625,0.2894743282772637,0.10204011479268901,0.022249647084751696
chinchilla_5,cosmopedia,f17,26,972949562,3.6662052631665607,0.2872643889239477,0.1263275664254704,0.025924959246519375
chinchilla_5,cosmopedia,f18,26,972949562,14.66565827797762,0.28726438883624666,0.14115263802252845,0.023533396408524105
chinchilla_5,cosmopedia,f19,26,972949562,29.332153780238816,0.2872643888375058,0.11103925754166186,0.022310291405358694
ours_logshare_11,cosmopedia,f01,4,19923026,9.012478475910235,0.2847630917808673,0.08315612884085154,0.11366297779064684
ours_logshare_11,cosmopedia,f02,4,19923026,17.875547068000614,0.295501577352738,0.08508315105966333,0.10493001026315006
ours_logshare_11,cosmopedia,f03,4,19923026,26.813632527508624,0.2954865066611102,0.0870184563275691,0.09896832771315402
ours_logshare_11,cosmopedia,f04,4,19923026,35.78370529657493,0.29432093354817995,0.08458154637975247,0.09464820866921912
ours_logshare_11,cosmopedia,f05,4,19923026,44.77408205962287,0.2930359684314745,0.0741709125916401,0.09128794032389023
ours_logshare_11,cosmopedia,f06,6,35782802,9.997963826309633,0.29696208993882856,0.09567800714177806,0.11527215265192617
ours_logshare_11,cosmopedia,f07,6,35782802,20.048375501728454,0.2935691530902751,0.088862799429469,0.10455173839933525
ours_logshare_11,cosmopedia,f08,6,35782802,30.097563656417964,0.29249465577971673,0.07859807640815905,0.09859293054398979
ours_logshare_11,cosmopedia,f09,6,35782802,40.156134866129264,0.29165619176567564,0.08721457111253657,0.09442896946801599
ours_logshare_11,cosmopedia,f10,6,35782802,50.229704202594306,0.2907681087472559,0.08698542357941787,0.09121106948513617
ours_logshare_11,cosmopedia,f11,9,86180184,2.9190108946622813,0.29425062947780245,0.12010504451329439,0.13383514212355135
ours_logshare_11,cosmopedia,f12,9,86180184,11.705032319262628,0.2926045154353908,0.10087180137898322,0.11255995646247288
ours_logshare_11,cosmopedia,f13,9,86180184,23.450550407272278,0.29063234587929615,0.1033849012732548,0.10236694472540758
ours_logshare_11,cosmopedia,f14,9,86180184,35.18605120406798,0.29017081940260964,0.11270678814416872,0.09670190148526948
ours_logshare_11,cosmopedia,f15,9,86180184,46.938870761751915,0.2895938224811644,0.1027974476480608,0.0927327378669018
ours_logshare_11,cosmopedia,f16,9,86180184,58.676666714937625,0.2894743282772637,0.10204011479268901,0.08974227858734314
ours_logshare_11,cosmopedia,f17,26,972949562,3.6662052631665607,0.2872643889239477,0.1263275664254704,0.11824041087741437
ours_logshare_11,cosmopedia,f18,26,972949562,14.66565827797762,0.28726438883624666,0.14115263802252845,0.09897321218685516
ours_logshare_11,cosmopedia,f19,26,972949562,29.332153780238816,0.2872643888375058,0.11103925754166186,0.09006108419793178
