law,target,pairs,paired_rmse,direction_right,filtering_helps,predicted_harm_where_it_helps
chinchilla_5,c4,19,0.003943286812562426,6,13,13
ours_logshare_11,c4,19,0.0032849544855566124,18,13,0
chinchilla_5,fw22,19,0.0038335818168769597,6,13,13
ours_logshare_11,fw22,19,0.002856836189846299,18,13,0
chinchilla_5,fw26_human,19,0.003668298129211745,9,10,10
ours_logshare_11,fw26_human,19,0.0026176053051359185,16,10,0
chinchilla_5,fw26,19,0.015334513860355274,19,0,0
ours_logshare_11,fw26,19,0.009225531442656016,19,0,0
chinchilla_5,fw26_ai,19,0.08741126153743553,19,0,0
ours_logshare_11,fw26_ai,19,0.018372553916811696,19,0,0
chinchilla_5,cosmopedia,19,0.0765788422388451,19,0,0
ours_logshare_11,cosmopedia,19,0.01788988646425345,19,0,0
