name,control,split,ratio,human_tpp,delta_human_bpb,delta_ai_bpb,critical_share
19.9m-g001-ai-r0.05,19.9m-g001-control,fit,0.043520068472402015,2.912700259488694,-0.014714300427526528,-0.04227807991647259,
19.9m-g001-ai-r0.1,19.9m-g001-control,fit,0.08751690661786969,2.9279521092829977,-0.03718309248725293,-0.08462041952261568,
19.9m-g001-ai-r0.25,19.9m-g001-control,fit,0.22420070577116105,2.9557295161889563,-0.07352408428812418,-0.15677825765507092,
19.9m-g001-ai-r0.5,19.9m-g001-control,fit,0.45624626353799913,2.9816985632604203,-0.09580578819369467,-0.2125547426266139,
19.9m-g001-ai-r1,19.9m-g001-control,fit,0.9532511904553251,2.964006823059911,-0.11465940159334709,-0.26551255713663324,
19.9m-g002-ai-r0.0227,19.9m-g002-control,fit,0.022677035868512666,2.894867125104389,-0.0011960538570379153,-0.01617811850115558,
19.9m-g002-ai-r0.0459,19.9m-g002-control,fit,0.04590392465329576,2.8934811910600327,-0.016591143530751307,-0.04612121872473507,
19.9m-g002-ai-r2.01,19.9m-g002-control,fit,2.0140207485303954,2.8943557570019736,-0.129563586864907,-0.3111199806309949,
19.9m-g002-ai-r4.24,19.9m-g002-control,fit,4.240344636728402,2.8950367278544937,-0.1447882869266579,-0.3545780829879158,
19.9m-g002-ai-r8.73,19.9m-g002-control,fit,8.733851479769218,2.894120250608517,-0.14732149538185157,-0.3776534161601498,
19.9m-g002-ai-r17.7,19.9m-g002-control,fit,17.68998871598758,2.8948674764566387,-0.14672701245297626,-0.3923839679974046,
19.9m-g002-ai-r35.5,19.9m-g002-control,fit,35.51571757860497,2.8945599428520548,-0.1448859936982494,-0.4027173613968186,
19.9m-g002-ai-r70.6,19.9m-g002-control,fit,70.5652321709472,2.894660379402205,-0.14641328191199854,-0.4133114094217749,
19.9m-g003-ai-r0.025,19.9m-g003-control,fit,0.022677035868512666,2.894867125104389,-0.013432209424005137,-0.03169432489294022,
19.9m-g003-ai-r0.05,19.9m-g003-control,fit,0.04590392465329576,2.8934811910600327,-0.022557280601162022,-0.05402189679788938,
19.9m-g003-ai-r0.1,19.9m-g003-control,fit,0.0897965557407165,2.897680051213104,-0.036226095163255145,-0.0849272345539025,
19.9m-g003-ai-r2,19.9m-g003-control,fit,2.0140207485303954,2.8943557570019736,-0.13485140523949335,-0.3186431921280587,
19.9m-g003-ai-r8,19.9m-g003-control,fit,8.733851479769218,2.894120250608517,-0.1483294650034077,-0.3789618283074707,
19.9m-g004-ai-r0.025,19.9m-g004-control,fit,0.022677035868512666,2.894867125104389,-0.008855119704080261,-0.025884896636664934,
19.9m-g004-ai-r0.05,19.9m-g004-control,fit,0.04590392465329576,2.8934811910600327,-0.017340430035812204,-0.04767622700723484,
19.9m-g004-ai-r0.1,19.9m-g004-control,fit,0.0897965557407165,2.897680051213104,-0.03377758148320731,-0.08187111285855209,
19.9m-g005-ai-r0.025,19.9m-g005-control,fit,0.022859321115988946,4.721008445203053,-0.0061720962887938935,-0.022659323949084653,
19.9m-g005-ai-r0.05,19.9m-g005-control,fit,0.04564266838172033,4.718811088235292,-0.00956610484221998,-0.038632401353272616,
19.9m-g005-ai-r0.1,19.9m-g005-control,fit,0.09149258634296993,4.725523171028337,-0.015573407386521687,-0.062048692317305365,
19.9m-g005-ai-r0.25,19.9m-g005-control,fit,0.2364218120895949,4.724990420631886,-0.022153794525193726,-0.10029592853988123,
19.9m-g005-ai-r0.5,19.9m-g005-control,fit,0.48340803842261154,4.727714053076074,-0.030004578165123252,-0.13701883499064405,
19.9m-g005-ai-r1,19.9m-g005-control,fit,0.9979052513469848,4.722031582953313,-0.038262677967959347,-0.1751016535076636,
19.9m-g005-ai-r2,19.9m-g005-control,fit,2.091780935012956,4.72388029810331,-0.04773997982149125,-0.21421680849771552,
19.9m-g005-ai-r4,19.9m-g005-control,fit,4.3125119041947535,4.723189790546877,-0.0476356363222219,-0.24010935880236406,
19.9m-g005-ai-r8,19.9m-g005-control,fit,8.788861790942759,4.723394076783316,-0.04541746694641158,-0.25874729916274586,
19.9m-g005-ai-r16,19.9m-g005-control,fit,17.67341987481296,4.723835475594922,-0.04019572105430402,-0.26944033815138735,
19.9m-g005-ai-r32,19.9m-g005-control,fit,35.2592120481887,4.723644038812177,-0.037560867524952135,-0.2788101434297511,
19.9m-g005-ai-r64,19.9m-g005-control,fit,70.11166090163724,4.723648807164133,-0.035067673477641614,-0.28492913776857065,
19.9m-g006-ai-r0.05,19.9m-g006-control,fit,0.04962639885117934,11.583021073204442,-0.0024323345728718415,-0.0355420960007089,
19.9m-g006-ai-r0.1,19.9m-g006-control,fit,0.09988866025753744,11.580071822422958,-0.004529433298490204,-0.05510918347495486,
19.9m-g006-ai-r0.25,19.9m-g006-control,fit,0.2541799215980102,11.540309639710353,-0.004252940377242886,-0.08425299757530136,
19.9m-g006-ai-r0.5,19.9m-g006-control,fit,0.5179230977601426,11.442180168815721,-0.002374786745439783,-0.10688990414731525,
19.9m-g006-ai-r1,19.9m-g006-control,fit,1.0509489583435623,11.291260725152895,-0.001053153751227276,-0.13266699009759064,
19.9m-g007-ai-r0.0244,19.9m-g007-control,fit,0.024387120767588217,11.572982638279948,-0.0011995610384913924,-0.021291956713467064,
19.9m-g007-ai-r0.0495,19.9m-g007-control,fit,0.04951917698713189,11.58420442758043,-0.0023904566172330277,-0.0357733738276349,
19.9m-g007-ai-r2.13,19.9m-g007-control,fit,2.129097928446192,11.580555734856743,1.0884502064767432e-05,-0.15757599369358566,6.906985016388158e-05
19.9m-g007-ai-r4.32,19.9m-g007-control,fit,4.320469675185927,11.578866784593867,0.009188362144823214,-0.17259073271666836,0.05054685827225831
19.9m-g007-ai-r8.71,19.9m-g007-control,fit,8.712140020778497,11.577974098914492,0.020394512651763952,-0.1836387012066678,0.09995682696011769
19.9m-g007-ai-r17.5,19.9m-g007-control,fit,17.452679717473128,11.578644328426817,0.029685721934923137,-0.19126923262970852,0.13435191798896617
19.9m-g007-ai-r34.7,19.9m-g007-control,fit,34.71571587123261,11.578962352405703,0.03545640640501557,-0.19634363544990097,0.15296117343761184
19.9m-g007-ai-r69,19.9m-g007-control,fit,69.00950225179464,11.579019622822356,0.040779827223868415,-0.19957549425968013,0.16966475704453934
19.9m-g008-ai-r2.13,19.9m-g008-control,fit,2.129097928446192,11.580555734856743,0.002928095493419214,-0.1547096825652352,0.01857483358037258
19.9m-g008-ai-r4.32,19.9m-g008-control,fit,4.320469675185927,11.578866784593867,0.013177163845260242,-0.16959444289498626,0.07209633969015504
19.9m-g008-ai-r17.5,19.9m-g008-control,fit,17.452679717473128,11.578644328426817,0.03307652705697128,-0.1867485621647077,0.15046747927674356
19.9m-g009-ai-r2.13,19.9m-g009-control,fit,2.129097928446192,11.580555734856743,-0.0005373326383961707,-0.15867366214784062,
19.9m-g009-ai-r4.32,19.9m-g009-control,fit,4.320469675185927,11.578866784593867,0.0077930487362845025,-0.1745163658564134,0.042746277002178694
19.9m-g009-ai-r17.5,19.9m-g009-control,fit,17.452679717473128,11.578644328426817,0.02738492010019944,-0.1924860790582904,0.12454994157942376
19.9m-g010-ai-r0.025,19.9m-g010-control,fit,0.02551641894110135,18.886427342914676,-0.004138376347202266,-0.02572898544493163,
19.9m-g010-ai-r0.05,19.9m-g010-control,fit,0.051588446187579164,18.881133117027503,-0.005320642786842189,-0.03972786138566964,
19.9m-g010-ai-r0.1,19.9m-g010-control,fit,0.10300303611472705,18.883775436522544,-0.004004591728893114,-0.053813237839097416,
19.9m-g010-ai-r0.25,19.9m-g010-control,fit,0.25821931512983914,18.886262357936992,-0.00550304433357951,-0.08390061464169529,
19.9m-g010-ai-r0.5,19.9m-g010-control,fit,0.5195092844745394,18.885867036463235,-0.002978659556847507,-0.10567089817342101,
19.9m-g010-ai-r1,19.9m-g010-control,fit,1.0463903488580006,18.884265070978675,0.0018855968768782816,-0.12699685600516708,0.014630361501607986
19.9m-g010-ai-r2,19.9m-g010-control,fit,2.118419829610386,18.881786230665963,0.012394955160720311,-0.14287389598547162,0.07982898739329215
19.9m-g010-ai-r4,19.9m-g010-control,fit,4.290126720372083,18.880675857171497,0.02438819898178135,-0.15493379848207123,0.13600227148204438
19.9m-g010-ai-r8,19.9m-g010-control,fit,8.645754487960758,18.881968180937974,0.03692403322815907,-0.16329448963124782,0.1844186676678614
19.9m-g010-ai-r16,19.9m-g010-control,fit,17.296292780784228,18.881371685204847,0.046975779461408296,-0.16964834574447984,0.21685386803875448
19.9m-g010-ai-r32,19.9m-g010-control,fit,34.44343914679456,18.881376804909053,0.05596601471164364,-0.17394658403975272,0.243423000808057
19.9m-g011-ai-r0.05,19.9m-g011-control,fit,0.051244324319334476,23.13038827535536,-0.0011205014367225985,-0.034479021168158486,
19.9m-g011-ai-r0.1,19.9m-g011-control,fit,0.10251981861090681,23.104872071140196,-0.0017990144231352367,-0.05130410353570303,
19.9m-g011-ai-r0.25,19.9m-g011-control,fit,0.2599494492507823,22.974929109664366,0.0019712917136951447,-0.07505283580290634,0.025593171610678228
19.9m-g011-ai-r0.5,19.9m-g011-control,fit,0.5215260946732557,22.830169824603953,0.003706094963163542,-0.09773207644541304,0.03653550642426301
19.9m-g011-ai-r1,19.9m-g011-control,fit,1.049844591709174,22.594687925418558,0.009463654494521911,-0.11810125495809765,0.07418697300950873
19.9m-g012-ai-r0.05,19.9m-g012-control,fit,0.05047814002844363,34.72088823254058,-0.00037291851930487674,-0.03377646871020734,
19.9m-g012-ai-r0.1,19.9m-g012-control,fit,0.10148114690091477,34.68998916128504,-0.0008314360983758817,-0.050481684841870544,
19.9m-g012-ai-r0.25,19.9m-g012-control,fit,0.2560040157738184,34.57064895663942,0.0019309432056071607,-0.07522200450815086,0.025027471572065835
19.9m-g012-ai-r0.5,19.9m-g012-control,fit,0.5151155255508129,34.39014901651988,0.005710529267940023,-0.09494045366550607,0.05673595131918406
19.9m-g012-ai-r1,19.9m-g012-control,fit,1.038840146219739,34.07496090202362,0.012935416350255302,-0.11392081611908134,0.10196910390967207
19.9m-g013-ai-r2.1,19.9m-g013-control,fit,2.1015879607894363,34.735883695579176,0.025504064809254823,-0.12767122963859878,0.16650246961292656
19.9m-g013-ai-r4.25,19.9m-g013-control,fit,4.252421239475502,34.735716953840246,0.03987757058901975,-0.13748578753860186,0.22483545085071005
19.9m-g013-ai-r8.57,19.9m-g013-control,fit,8.56908749449781,34.73616151482209,0.05451550685463058,-0.14453564665273044,0.27387686980982284
19.9m-g013-ai-r17.2,19.9m-g013-control,fit,17.165045185380926,34.736902466522906,0.06613518286261488,-0.149384241829135,0.30686413977397065
19.9m-g014-ai-r0.25,19.9m-g014-control,fit,0.2563902933647383,34.56002019974275,0.0018891403789789152,-0.07422797328181518,0.024818865142438543
19.9m-g014-ai-r1,19.9m-g014-control,fit,1.0388437441280622,34.07490077059579,0.013690355940245258,-0.11299082114678038,0.10806937743276929
19.9m-g015-ai-r0.05,19.9m-g015-control,fit,0.050862330790077674,37.76331687766708,-0.0007008054059043367,-0.034860612326173435,
19.9m-g015-ai-r0.1,19.9m-g015-control,fit,0.101756457349788,37.76251243159548,-0.00011213054664027666,-0.051068014860257804,
19.9m-g015-ai-r0.25,19.9m-g015-control,fit,0.25566794437871204,37.76544401437814,0.0016106194719744948,-0.07535713718329795,0.02092589860957269
19.9m-g015-ai-r0.5,19.9m-g015-control,fit,0.5129339764084785,37.76195438383707,0.006077721314705409,-0.09478259938173139,0.06025879426853858
19.9m-g015-ai-r1,19.9m-g015-control,fit,1.036016266719784,37.760632747254355,0.0165781088960939,-0.1105696925541707,0.13038455016132253
19.9m-g016-ai-r0.05,19.9m-g016-control,fit,0.05032076010942333,46.30145440757845,-1.2173138745907863e-05,-0.032367803786350846,
19.9m-g016-ai-r0.1,19.9m-g016-control,fit,0.10087751001436145,46.27868065824941,-0.0006651760943094942,-0.04851394006978771,
19.9m-g016-ai-r0.25,19.9m-g016-control,fit,0.2548086619888616,46.13810878929737,0.0021460126872887564,-0.07290051125163843,0.028595763996146977
19.9m-g016-ai-r0.5,19.9m-g016-control,fit,0.5125499071033046,45.93130973176464,0.006904692212350572,-0.09204869281932271,0.06977722096258251
19.9m-g016-ai-r1,19.9m-g016-control,fit,1.034344433640734,45.53368454169562,0.014511042868284862,-0.11070423571833421,0.11588875600549566
19.9m-g017-ai-r0.05,19.9m-g017-control,fit,0.050542787300955,54.72086067648559,-7.551435826691488e-05,-0.03268390236878127,
19.9m-g017-ai-r0.1,19.9m-g017-control,fit,0.10118730366686604,54.72539472668459,-0.0003092021522712596,-0.048725971510197086,
19.9m-g017-ai-r0.25,19.9m-g017-control,fit,0.2537884489393605,54.72864157282132,0.002222114892751703,-0.0734715070020846,0.029356699245267483
19.9m-g017-ai-r0.5,19.9m-g017-control,fit,0.5105659808378463,54.71959224467207,0.007909373073883064,-0.09192666803560956,0.07922362491526143
19.9m-g017-ai-r1,19.9m-g017-control,fit,1.0313893844971158,54.726383783266655,0.016202735747806063,-0.10897757799655161,0.12943517445478825
19.9m-g017-ai-r2,19.9m-g017-control,fit,2.088021359327928,54.723114550972326,0.029605827953342212,-0.12235952221421509,0.19481959486619
19.9m-g017-ai-r4,19.9m-g017-control,fit,4.227528546471026,54.72272595538449,0.04599576703653696,-0.13065820897716363,0.26037210185956816
19.9m-g017-ai-r8,19.9m-g017-control,fit,8.525212340865425,54.72296427259594,0.06053447877526863,-0.13733019953055492,0.3059387824728643
19.9m-g017-ai-r16,19.9m-g017-control,fit,17.133168141043697,54.7235705058057,0.07431103381228277,-0.14073101657719012,0.34556512866992534
19.9m-g018-ai-r0.05,19.9m-g018-control,fit,0.0503148831332447,57.87714185586065,4.158440519819173e-05,-0.03349724997481929,0.0012398882062212581
19.9m-g018-ai-r0.1,19.9m-g018-control,fit,0.1007822455286132,57.85335716572372,0.00023452391521727733,-0.04872954847532007,0.004789714248984746
19.9m-g018-ai-r0.25,19.9m-g018-control,fit,0.2542773417422659,57.69706649983792,0.0028574326781154458,-0.07351089651010034,0.037416461882688004
19.9m-g018-ai-r0.5,19.9m-g018-control,fit,0.5115287824494628,57.45292371751159,0.007808155638037162,-0.09205490911788572,0.07818862416371074
19.9m-g018-ai-r1,19.9m-g018-control,fit,1.0319347292239007,56.984604597715226,0.016357247266180153,-0.10925932833748409,0.13021567565883407
19.9m-g019-ai-r0.05,19.9m-g019-control,fit,0.05039618132195419,72.96715539095317,-0.00074123750123678,-0.03367442246370811,
19.9m-g019-ai-r0.1,19.9m-g019-control,fit,0.10087132776357213,72.9682159226214,0.00017843786947180362,-0.05018527851974697,0.003542984558423122
19.9m-g019-ai-r0.25,19.9m-g019-control,fit,0.25306857920892195,72.97844152790846,0.0034510078395684207,-0.07358522177563676,0.04479720589657819
19.9m-g019-ai-r0.5,19.9m-g019-control,fit,0.5091980943295443,72.9732737386379,0.009210633418732517,-0.09210972865197165,0.09090604524592086
19.9m-g019-ai-r1,19.9m-g019-control,fit,1.0281477018134637,72.97268868694947,0.01830973607905584,-0.10920596612242917,0.14358808964659892
19.9m-g020-ai-r0.05,19.9m-g020-control,fit,0.05027802245502511,87.4952694937004,0.0005147710480764012,-0.03303897051993043,0.015341688408521044
19.9m-g020-ai-r0.1,19.9m-g020-control,fit,0.10072568023759076,87.50172252949929,0.0012822676313293258,-0.04879947684675068,0.025603493741927344
19.9m-g020-ai-r0.25,19.9m-g020-control,fit,0.2525999905000946,87.50184645645696,0.0038025364826013153,-0.07279767400309156,0.049641332034088076
19.9m-g020-ai-r0.5,19.9m-g020-control,fit,0.5083814217211056,87.50193881190538,0.009769737300202364,-0.09107454636703272,0.09687943574908461
19.9m-g020-ai-r1,19.9m-g020-control,fit,1.02670898732613,87.50214088964196,0.01895271926249742,-0.10714844511164867,0.15029773401825308
35.8m-g021-ai-r0.05,35.8m-g021-control,fit,0.0460615475905232,3.249573160872086,-0.005070105695079485,-0.036010815086657155,
35.8m-g021-ai-r0.1,35.8m-g021-control,fit,0.09263735213186909,3.2585606068524204,-0.0085022056522297,-0.05619043240246968,
35.8m-g021-ai-r0.25,35.8m-g021-control,fit,0.2390604194475388,3.2696270962793803,-0.019909920081631505,-0.09887406894378625,
35.8m-g021-ai-r0.5,35.8m-g021-control,fit,0.48507996882828164,3.270613799332987,-0.027981418825025806,-0.1335356958771925,
35.8m-g021-ai-r1,35.8m-g021-control,fit,1.0059331835132572,3.2321565259199097,-0.037818361762162356,-0.17238132664497163,
35.8m-g022-ai-r0.0234,35.8m-g022-control,fit,0.02340994197422212,3.2355966701545618,-0.0020450273553083154,-0.02175799656675448,
35.8m-g022-ai-r0.0465,35.8m-g022-control,fit,0.046489954499597794,3.2412423431792736,-0.0037050513664695917,-0.03515668548980555,
35.8m-g022-ai-r2.1,35.8m-g022-control,fit,2.1007344420653893,3.2368425200463617,-0.0439110242967613,-0.20576151130919285,
35.8m-g022-ai-r4.31,35.8m-g022-control,fit,4.3124060004040965,3.2379669428906097,-0.04908172947913192,-0.23643557123828018,
35.8m-g022-ai-r8.76,35.8m-g022-control,fit,8.755000766685383,3.238299560777828,-0.05005676498017375,-0.2574635158067946,
35.8m-g022-ai-r17.6,35.8m-g022-control,fit,17.58211126899036,3.2379664398556605,-0.04906187402584172,-0.27440262416181116,
35.8m-g022-ai-r35,35.8m-g022-control,fit,35.049316090855925,3.2381231352424553,-0.048373378334269246,-0.2852243640712461,
35.8m-g022-ai-r69.6,35.8m-g022-control,fit,69.56834226602705,3.238060507391232,-0.04717091164395737,-0.29346487876810146,
35.8m-g023-ai-r0.025,35.8m-g023-control,fit,0.02379483322433583,4.715611929999222,-0.0020670319461046915,-0.022995185612937785,
35.8m-g023-ai-r0.05,35.8m-g023-control,fit,0.047786319929156086,4.7195069016674545,-0.004289159028663558,-0.03713641199782225,
35.8m-g023-ai-r0.1,35.8m-g023-control,fit,0.0968614441141104,4.7153996492504975,-0.007124111464759331,-0.05762465676701567,
35.8m-g023-ai-r0.25,35.8m-g023-control,fit,0.24678304777928783,4.718350871460541,-0.012105662693939534,-0.09165249954406374,
35.8m-g023-ai-r0.5,35.8m-g023-control,fit,0.5062744662171647,4.7177312441882,-0.01763271796094701,-0.12272006354094467,
35.8m-g023-ai-r1,35.8m-g023-control,fit,1.0405923943403748,4.717421458498415,-0.021325142926888807,-0.1533885425665562,
35.8m-g023-ai-r2,35.8m-g023-control,fit,2.1244863935571403,4.717532657168658,-0.02471913630524969,-0.1835451345420176,
35.8m-g023-ai-r4,35.8m-g023-control,fit,4.328285302813575,4.718732786772819,-0.02615327549115798,-0.20829113386234444,
35.8m-g023-ai-r8,35.8m-g023-control,fit,8.743559920514475,4.7180403032719465,-0.021247254044081343,-0.22552986142421994,
35.8m-g023-ai-r16,35.8m-g023-control,fit,17.529655012536715,4.717890790106376,-0.018044379416692014,-0.23847150078585555,
35.8m-g023-ai-r32,35.8m-g023-control,fit,34.894657427516755,4.717896938311315,-0.014242149918195723,-0.2480766446343179,
35.8m-g023-ai-r64,35.8m-g023-control,fit,69.11616349768447,4.717949393678002,-0.011571439451271814,-0.2546727189407534,
35.8m-g024-ai-r0.05,35.8m-g024-control,fit,0.051067824985919684,12.950321330341877,-0.0021951597479112905,-0.03707214133586667,
35.8m-g024-ai-r0.1,35.8m-g024-control,fit,0.10194279646032464,12.944118434324958,-0.0024797564027256858,-0.053379994147628174,
35.8m-g024-ai-r0.25,35.8m-g024-control,fit,0.25641432511320345,12.897864789906615,-0.003653200905304521,-0.08125479857591544,
35.8m-g024-ai-r0.5,35.8m-g024-control,fit,0.5185740477727634,12.808377778799995,-0.0019256933793760922,-0.1043590646679371,
35.8m-g024-ai-r1,35.8m-g024-control,fit,1.045408733644297,12.679108919418887,0.00041565473682592113,-0.12665301150476083,0.003271103326414601
35.8m-g025-ai-r0.0256,35.8m-g025-control,fit,0.02559153866011426,12.964858369671553,-0.0006165166259446409,-0.023277031711999685,
35.8m-g025-ai-r0.0514,35.8m-g025-control,fit,0.051361421925670885,12.967609160400574,-0.0016998794540175055,-0.03647053989081073,
35.8m-g025-ai-r2.11,35.8m-g025-control,fit,2.114181289301099,12.966742738592691,0.005700611740929062,-0.14667037864017396,0.037412710429137234
35.8m-g025-ai-r4.28,35.8m-g025-control,fit,4.278443250102478,12.967195805403948,0.01392264091142259,-0.16316010107656365,0.07862223475378047
35.8m-g025-ai-r8.61,35.8m-g025-control,fit,8.611997008227439,12.966801174486001,0.025061335517239325,-0.17289685549647849,0.1265991338317628
35.8m-g025-ai-r17.2,35.8m-g025-control,fit,17.2308246164003,12.967157043766443,0.034564124017093745,-0.18141335210445397,0.1600357807572571
35.8m-g025-ai-r34.4,35.8m-g025-control,fit,34.38249922054606,12.966975168685783,0.04164163534446219,-0.18696084098028443,0.18215741147662454
35.8m-g026-ai-r0.025,35.8m-g026-control,fit,0.025536886631785837,18.88041143340312,-0.0013605848987627844,-0.024756981580785542,
35.8m-g026-ai-r0.05,35.8m-g026-control,fit,0.05099536027073584,18.876150783272927,-0.001729115336520648,-0.03692090334034137,
35.8m-g026-ai-r0.1,35.8m-g026-control,fit,0.10187301090656739,18.88219033266316,-0.003175361239168062,-0.05415934063538719,
35.8m-g026-ai-r0.25,35.8m-g026-control,fit,0.2559416825407828,18.881600384452845,-0.0028992695864471507,-0.08124738629821615,
35.8m-g026-ai-r0.5,35.8m-g026-control,fit,0.5141541183662504,18.8791640185137,-0.0011426455883645215,-0.1029718146532349,
35.8m-g026-ai-r1,35.8m-g026-control,fit,1.0376349274568821,18.879097031026244,0.003040186236610065,-0.12502141367595798,0.023740030100246307
35.8m-g026-ai-r2,35.8m-g026-control,fit,2.1017639585473935,18.878463486453633,0.012601526357141069,-0.1396685033261691,0.082757758590772
35.8m-g026-ai-r4,35.8m-g026-control,fit,4.253836602852585,18.878852919343768,0.02327398673886716,-0.1524228647238296,0.13246672632496545
35.8m-g026-ai-r8,35.8m-g026-control,fit,8.571697233539526,18.878841964360422,0.03415474603549806,-0.16418994185335067,0.17219894517486747
35.8m-g026-ai-r16,35.8m-g026-control,fit,17.166025515149542,18.879105247263755,0.04479662841215504,-0.1710082488334117,0.20757931416527006
35.8m-g026-ai-r32,35.8m-g026-control,fit,34.40955383147123,18.8789569078464,0.05353171384836175,-0.17538115153759526,0.2338519233425564
35.8m-g027-ai-r0.05,35.8m-g027-control,fit,0.0502394968583335,25.928046132329158,-0.0007039441566769611,-0.03533096728016438,
35.8m-g027-ai-r0.1,35.8m-g027-control,fit,0.10077132775826546,25.915787785428318,-0.00098255064109809,-0.049893927428867446,
35.8m-g027-ai-r0.25,35.8m-g027-control,fit,0.2548887665736273,25.832927197819778,0.0012265236464787943,-0.0751666772564833,0.016055403255543346
35.8m-g027-ai-r0.5,35.8m-g027-control,fit,0.5123500076241425,25.722180700102804,0.002971471302620987,-0.09691043279394018,0.029749846376059343
35.8m-g027-ai-r1,35.8m-g027-control,fit,1.0332593743507514,25.509741104120355,0.009390729848194779,-0.11565114656411601,0.07510067920949905
35.8m-g028-ai-r0.05,35.8m-g028-control,fit,0.05045247677140917,37.75786407112557,-0.0007371327704970287,-0.03553159951326068,
35.8m-g028-ai-r0.1,35.8m-g028-control,fit,0.10099553142190004,37.76120861077341,-0.0007881438764183457,-0.05209263582151502,
35.8m-g028-ai-r0.25,35.8m-g028-control,fit,0.25321151196908565,37.75778294276675,0.0009430708432971446,-0.07664262623092799,0.0121552151860532
35.8m-g028-ai-r0.5,35.8m-g028-control,fit,0.5093043833530042,37.7583071331306,0.004232768237756757,-0.09579643757863299,0.04231532384178161
35.8m-g028-ai-r1,35.8m-g028-control,fit,1.0286213059530964,37.75984203249371,0.010750580124540887,-0.11509752293430109,0.08542504704671082
35.8m-g029-ai-r0.05,35.8m-g029-control,fit,0.050338280363373386,38.88492399225751,-0.000987698470989118,-0.0354554887576044,
35.8m-g029-ai-r0.1,35.8m-g029-control,fit,0.10060422098998266,38.879583940911054,-0.0010351461730850886,-0.05082533383609611,
35.8m-g029-ai-r0.25,35.8m-g029-control,fit,0.25370202481487175,38.78314884340248,0.0013751596781483855,-0.07384362907758135,0.018282130048838812
35.8m-g029-ai-r0.5,35.8m-g029-control,fit,0.5100544253992522,38.641925274605384,0.004113879065374304,-0.09580486229905383,0.04117224665961292
35.8m-g029-ai-r1,35.8m-g029-control,fit,1.0286242831865533,38.35204034608581,0.011779186839628197,-0.11298967105174784,0.0944080681565842
35.8m-g030-ai-r2.08,35.8m-g030-control,fit,2.082523470949339,38.90046573211343,0.021854033004853113,-0.12901596703379647,0.1448534035875561
35.8m-g030-ai-r4.21,35.8m-g030-control,fit,4.214592995935422,38.90025345136471,0.03523074920574021,-0.13972708934667555,0.20136708076206258
35.8m-g030-ai-r8.51,35.8m-g030-control,fit,8.505916179285515,38.90062041536043,0.04919393291583907,-0.14749424268327094,0.25011128791039366
35.8m-g031-ai-r0.25,35.8m-g031-control,fit,0.25348276622560983,38.789932772732556,0.0007498059400776746,-0.07622725938522967,0.00974064075980258
35.8m-g031-ai-r1,35.8m-g031-control,fit,1.029340532086217,38.33850412273471,0.010811770713925695,-0.11513893433531819,0.08584128774585689
35.8m-g032-ai-r0.05,35.8m-g032-control,fit,0.05017019282156607,51.85951441142032,-0.000743884928178451,-0.035905238756618885,
35.8m-g032-ai-r0.1,35.8m-g032-control,fit,0.100326906818463,51.85251029251427,-0.0011906945713213712,-0.051802756014394435,
35.8m-g032-ai-r0.25,35.8m-g032-control,fit,0.2529385012966496,51.74627504017153,0.0015981699480258627,-0.07436850531898453,0.021037776662050266
35.8m-g032-ai-r0.5,35.8m-g032-control,fit,0.5088301993737004,51.56437111884083,0.005148394851326232,-0.09547227137380598,0.05116637609819669
35.8m-g032-ai-r1,35.8m-g032-control,fit,1.0260918633604879,51.199968940386505,0.013505072126213769,-0.1121843960555089,0.10744792162449161
35.8m-g033-ai-r0.05,35.8m-g033-control,fit,0.05026138825355464,54.72189458500203,0.0002610063940942098,-0.034781312625314253,0.0074483196716989344
35.8m-g033-ai-r0.1,35.8m-g033-control,fit,0.10069999105798828,54.72352771591224,0.00015316218143257565,-0.050973310070340894,0.002995751020690906
35.8m-g033-ai-r0.25,35.8m-g033-control,fit,0.25246239956225136,54.72567072863662,0.0025891964849447113,-0.07561606417259059,0.03310770225909649
35.8m-g033-ai-r0.5,35.8m-g033-control,fit,0.5083032544331462,54.72492850056852,0.00651267152003987,-0.09403647198752851,0.0647710292982223
35.8m-g033-ai-r1,35.8m-g033-control,fit,1.0261707327910046,54.723260324890155,0.014327853213245811,-0.11134939215003192,0.11400515003197499
35.8m-g033-ai-r2,35.8m-g033-control,fit,2.0774457839466547,54.72619408060889,0.025785292848375274,-0.12692997194426492,0.1688455498105383
35.8m-g033-ai-r4,35.8m-g033-control,fit,4.207054235277902,54.72548035785459,0.04047314015206904,-0.1355664744353935,0.22990927494879623
35.8m-g033-ai-r8,35.8m-g033-control,fit,8.502216231333737,54.72462335397882,0.05477379616574618,-0.14360181836281438,0.27611153868844235
35.8m-g034-ai-r0.05,35.8m-g034-control,fit,0.05016555689756821,64.82119116887492,-0.0006920518810227261,-0.03455523765674895,
35.8m-g034-ai-r0.1,35.8m-g034-control,fit,0.1003151194991925,64.81633221456498,-0.0011204845202565927,-0.0507350159654798,
35.8m-g034-ai-r0.25,35.8m-g034-control,fit,0.25260822243769054,64.6969746248491,0.0013616692939926178,-0.07466431814020225,0.01791057689544941
35.8m-g034-ai-r0.5,35.8m-g034-control,fit,0.507991375828691,64.49131739319911,0.004775712665003651,-0.09553382789128295,0.04760975514910129
35.8m-g034-ai-r1,35.8m-g034-control,fit,1.0245433667533224,64.04891232385881,0.01465709267081694,-0.10981682518413483,0.11775232051341636
35.8m-g035-ai-r0.05,35.8m-g035-control,fit,0.05017579604161607,72.96847275962347,0.0007431846362369043,-0.033926180560546415,0.021436349700047527
35.8m-g035-ai-r0.1,35.8m-g035-control,fit,0.100367194377745,72.96901715522446,0.0022235341345020476,-0.048023577651647664,0.04425197897871914
35.8m-g035-ai-r0.25,35.8m-g035-control,fit,0.2518808984887711,72.96829334382478,0.003309854856423433,-0.07313336908769874,0.04329821121676976
35.8m-g035-ai-r0.5,35.8m-g035-control,fit,0.5073408618203947,72.96617640507861,0.007217218698978289,-0.09404177858386265,0.07127483870711111
35.8m-g035-ai-r1,35.8m-g035-control,fit,1.0235805741390454,72.96723297409744,0.01541696365944123,-0.11054353961257546,0.12239522119205642
35.8m-g036-ai-r0.05,35.8m-g036-control,fit,0.05007957798619492,87.50042464533661,0.00037504228211249213,-0.03411103065695065,0.010875180910716958
35.8m-g036-ai-r0.1,35.8m-g036-control,fit,0.10030614262236709,87.50109784583108,0.0017317092775768206,-0.048255406087817754,0.034643112828544216
35.8m-g036-ai-r0.25,35.8m-g036-control,fit,0.2518529468185234,87.50070436071496,0.0024455926043907006,-0.0745034095710938,0.03178199242679526
35.8m-g036-ai-r0.5,35.8m-g036-control,fit,0.5068356917130319,87.5031979887992,0.007132109221641869,-0.09425891712450352,0.07034260800648275
35.8m-g036-ai-r1,35.8m-g036-control,fit,1.0229633288297102,87.50048221489195,0.015807171304622836,-0.11023182794944564,0.1254149223508103
86.2m-g037-ai-r0.05,86.2m-g037-control,fit,0.051051552037584574,3.773862550583554,-0.004230762641440178,-0.041878429373752746,
86.2m-g037-ai-r0.1,86.2m-g037-control,fit,0.10180429771002084,3.7767143662631306,-0.007086598952455114,-0.06037887303016909,
86.2m-g037-ai-r0.25,86.2m-g037-control,fit,0.25804015153041,3.7574137228576814,-0.012722733582919865,-0.09367000961646854,
86.2m-g037-ai-r0.5,86.2m-g037-control,fit,0.518669547203787,3.733491170081512,-0.019355395835809697,-0.12427140508507539,
86.2m-g037-ai-r1,86.2m-g037-control,fit,1.047739862491825,3.6928259981436105,-0.027142536745087265,-0.15834785508756832,
86.2m-g038-ai-r2.12,86.2m-g038-control,fit,2.1242511119622773,3.777620247364522,-0.03598156689975229,-0.19237438518025984,
86.2m-g038-ai-r4.3,86.2m-g038-control,fit,4.299837242952995,3.777703340712292,-0.03843125527910707,-0.21794389344062048,
86.2m-g038-ai-r8.66,86.2m-g038-control,fit,8.663873026915386,3.7777647701471606,-0.03731531606402316,-0.23633987395525224,
86.2m-g038-ai-r17.3,86.2m-g038-control,fit,17.340030970614823,3.777878868302254,-0.03458631568410353,-0.25017799843006305,
86.2m-g038-ai-r34.5,86.2m-g038-control,fit,34.47757830320863,3.7778328948566644,-0.03204146123709983,-0.2612015745315741,
86.2m-g039-ai-r0.025,86.2m-g039-control,fit,0.025518262838415382,4.722067267807179,-0.0023797425236864456,-0.026759086564132284,
86.2m-g039-ai-r0.05,86.2m-g039-control,fit,0.05156537354878136,4.720808486554171,-0.00360933451858636,-0.04087147179743611,
86.2m-g039-ai-r0.1,86.2m-g039-control,fit,0.10300758692795663,4.721258346350247,-0.006178745206277592,-0.05975182186728023,
86.2m-g039-ai-r0.25,86.2m-g039-control,fit,0.25798914855632243,4.719928539488846,-0.011386213849785332,-0.09160603191432104,
86.2m-g039-ai-r0.5,86.2m-g039-control,fit,0.5191258731408603,4.721527735424654,-0.01736218237224718,-0.12101202878035733,
86.2m-g039-ai-r1,86.2m-g039-control,fit,1.0456323207667306,4.71967235530618,-0.021070210290432323,-0.1516360092027612,
86.2m-g039-ai-r2,86.2m-g039-control,fit,2.117871952807222,4.721930507829967,-0.027394662243260814,-0.18206505599824507,
86.2m-g039-ai-r4,86.2m-g039-control,fit,4.284979702417486,4.720727655907535,-0.02733347190264701,-0.20473017730407694,
86.2m-g039-ai-r8,86.2m-g039-control,fit,8.632855338679564,4.7208332370234904,-0.024031835214708197,-0.221393710720023,
86.2m-g039-ai-r16,86.2m-g039-control,fit,17.276452397244068,4.7210511293408235,-0.020363162708544102,-0.2340432433992904,
86.2m-g039-ai-r32,86.2m-g039-control,fit,34.44337075355742,4.720884141997191,-0.016743480039376202,-0.24421311133946755,
86.2m-g040-ai-r0.05,86.2m-g040-control,fit,0.05037996866064597,15.122477308704749,-0.0020326046986878232,-0.03896544313971284,
86.2m-g040-ai-r0.1,86.2m-g040-control,fit,0.10089836352866602,15.119288965546883,-0.002336786640878108,-0.05511312053054351,
86.2m-g040-ai-r0.25,86.2m-g040-control,fit,0.25327053518954895,15.09170798474972,-0.003467677275489578,-0.08258448498763815,
86.2m-g040-ai-r0.5,86.2m-g040-control,fit,0.5102198499035884,15.029605297663323,-0.002353995662312647,-0.10359049894957273,
86.2m-g040-ai-r1,86.2m-g040-control,fit,1.029474271732903,14.913240983565316,-0.0006949381286617262,-0.12717560351578705,
86.2m-g040-ai-r2.08,86.2m-g040-control,fit,2.0839856363243556,14.71991827030678,0.006302751858421329,-0.143743616202756,0.04200536100848208
86.2m-g040-ai-r4.22,86.2m-g040-control,fit,4.218859323996937,14.497814694849108,0.013725843700822526,-0.15947689131154552,0.07924726881386944
86.2m-g041-ai-r2.08,86.2m-g041-control,fit,2.0840106155107265,15.130107032493688,0.005234989743647223,-0.14403600317714882,0.035070375303425064
86.2m-g041-ai-r4.22,86.2m-g041-control,fit,4.218756225963634,15.129923150314927,0.013757457590667599,-0.15865477585178944,0.07979397584487055
86.2m-g041-ai-r8,86.2m-g041-control,fit,8.507785616975234,15.130065398792835,0.02376562800238069,-0.16902051953923158,0.12327456254216064
86.2m-g042-ai-r1,86.2m-g042-control,fit,1.0291481825589068,14.915637578587672,-0.0005696398545789183,-0.12687911939018315,
86.2m-g043-ai-r1,86.2m-g043-control,fit,1.029474271732903,14.913240983565316,-0.0012136330505543302,-0.12762944418238897,
86.2m-g044-ai-r0.025,86.2m-g044-control,fit,0.025179505443931365,18.87670784040099,-0.0006759663119528803,-0.02584364184008814,
86.2m-g044-ai-r0.05,86.2m-g044-control,fit,0.05027178642219635,18.877529688263373,-0.0012783007200333207,-0.03855914139692518,
86.2m-g044-ai-r0.1,86.2m-g044-control,fit,0.10078201796061094,18.87900216133212,-0.0015925352721914976,-0.05369347534118929,
86.2m-g044-ai-r0.25,86.2m-g044-control,fit,0.2526614192460578,18.877450470516518,-0.0016258828510383738,-0.08019042901365747,
86.2m-g044-ai-r0.5,86.2m-g044-control,fit,0.5086546774773921,18.876057783770804,-0.00038323457835487407,-0.10135830513607191,
86.2m-g044-ai-r1,86.2m-g044-control,fit,1.0271861571965644,18.876414884424012,0.002749094653907269,-0.12259864123546127,0.021931745590790808
86.2m-g044-ai-r2,86.2m-g044-control,fit,2.0805644625283857,18.87750791991811,0.009622804109860827,-0.14005619956366977,0.064289605580549
86.2m-g044-ai-r4,86.2m-g044-control,fit,4.212734269478959,18.87735763014848,0.018926980361813506,-0.15300174605647865,0.11008620116085378
86.2m-g044-ai-r8,86.2m-g044-control,fit,8.507048184597714,18.877254091265343,0.030056055966491413,-0.16279717078400324,0.15584938075926863
86.2m-g045-ai-r0.05,86.2m-g045-control,fit,0.05010421910281181,30.25869007195436,-0.0006109446405437868,-0.03791460440062677,
86.2m-g045-ai-r0.1,86.2m-g045-control,fit,0.10027313091491588,30.255761069157153,-0.0012854379760898205,-0.05451632394912331,
86.2m-g045-ai-r0.25,86.2m-g045-control,fit,0.2524685936388051,30.202742071193537,0.00042934115297110775,-0.07814925870346223,0.00546384325701315
86.2m-g045-ai-r0.5,86.2m-g045-control,fit,0.5074591398038434,30.11426002525128,0.0018942812432664047,-0.09926733860365888,0.01872529568163078
86.2m-g045-ai-r1,86.2m-g045-control,fit,1.0236086525322328,29.912936818515032,0.008072904800251357,-0.11625895134048847,0.06493030065531297
86.2m-g046-ai-r0.05,86.2m-g046-control,fit,0.05006459689783924,37.76250887326952,-0.0009020511495403394,-0.03733217552852963,
86.2m-g046-ai-r0.1,86.2m-g046-control,fit,0.10025547190504824,37.759486206248994,-0.0013137553939934765,-0.05399916521445669,
86.2m-g046-ai-r0.25,86.2m-g046-control,fit,0.25180159259080354,37.761394115844546,0.00021471921132543148,-0.07805805706511038,0.0027432170103064706
86.2m-g046-ai-r0.5,86.2m-g046-control,fit,0.5067879178445343,37.76254934661082,0.0026344283787557154,-0.09778798622570095,0.026233469779950915
86.2m-g046-ai-r1,86.2m-g046-control,fit,1.0228792625623746,37.76103116697917,0.008047298494808786,-0.11592098349653024,0.06491417292828988
86.2m-g047-ai-r0.05,86.2m-g047-control,fit,0.050040161527163604,45.39370085355121,-0.0007800662638650646,-0.03857783617671773,
86.2m-g047-ai-r0.1,86.2m-g047-control,fit,0.10017751753478422,45.387585770297264,-0.000433661071110647,-0.05390944383718754,
86.2m-g047-ai-r0.25,86.2m-g047-control,fit,0.25170092015449136,45.336758598705245,0.0009536625412358557,-0.07764622529035359,0.012133128526585211
86.2m-g047-ai-r0.5,86.2m-g047-control,fit,0.5062826310226759,45.20667195372894,0.0038679716123427577,-0.09658408110930716,0.03850565028333277
86.2m-g047-ai-r1,86.2m-g047-control,fit,1.0220490663141435,44.904012551191585,0.009980266700914009,-0.11465282467534965,0.08007718167548196
86.2m-g047-ai-r2.07,86.2m-g047-control,fit,2.0700805868033636,44.36174534043696,0.020237836323274694,-0.12837756803384048,0.1361758991998179
86.2m-g047-ai-r4.2,86.2m-g047-control,fit,4.198812118320196,43.66232990405312,0.03234057321489703,-0.13907511513566495,0.18866752236094847
86.2m-g048-ai-r0.25,86.2m-g048-control,fit,0.2517507040202808,45.334955492784744,0.0005269690639779778,-0.0773753105802445,0.0067644883613756975
86.2m-g048-ai-r1,86.2m-g048-control,fit,1.0220780464804242,44.903368992574904,0.01083420070409058,-0.11358248818465744,0.08707996331407275
86.2m-g049-ai-r0.05,86.2m-g049-control,fit,0.05003795433618739,54.72168548630623,-0.0007407474212637322,-0.038076790742273436,
86.2m-g049-ai-r0.1,86.2m-g049-control,fit,0.10013702416625722,54.723694091904,-0.0011190923946065023,-0.054179625399118914,
86.2m-g049-ai-r0.25,86.2m-g049-control,fit,0.25161158532780425,54.7210182911654,0.0009402209163058561,-0.07779590621879684,0.011941416863094353
86.2m-g049-ai-r0.5,86.2m-g049-control,fit,0.5060444263340543,54.72274171519523,0.003931650414871202,-0.09677348470425762,0.03904121086000499
86.2m-g049-ai-r1,86.2m-g049-control,fit,1.0215905861979424,54.72159112586717,0.010314719166525377,-0.11354528116400653,0.08327724155497813
86.2m-g049-ai-r2,86.2m-g049-control,fit,2.069637912155272,54.72143611343415,0.02025570732583082,-0.12789108581490005,0.13672727499804244
86.2m-g049-ai-r4,86.2m-g049-control,fit,4.199890882396986,54.722193398890866,0.033452665924120106,-0.1377241360061513,0.1954275669769026
86.2m-g050-ai-r0.05,86.2m-g050-control,fit,0.05004253501647469,60.526728893964766,-0.00023379401945988754,-0.03805781168053457,
86.2m-g050-ai-r0.1,86.2m-g050-control,fit,0.10010680661506591,60.52620086074543,-0.0003043257321515558,-0.05369082902538613,
86.2m-g050-ai-r0.25,86.2m-g050-control,fit,0.2514431332434643,60.45984303073662,0.0018963395791539162,-0.07676091245767513,0.0241088968918722
86.2m-g050-ai-r0.5,86.2m-g050-control,fit,0.5057531006487659,60.30080005398921,0.004894730701054506,-0.09563220390823135,0.048690738657044166
86.2m-g050-ai-r1,86.2m-g050-control,fit,1.0212877366683673,59.894567874211084,0.011311051503276048,-0.11324939502797082,0.09080773085088925
86.2m-g051-ai-r0.05,86.2m-g051-control,fit,0.04996972429245177,72.96505724564246,-0.000799243814654016,-0.03873479572047134,
86.2m-g051-ai-r0.1,86.2m-g051-control,fit,0.10006637002359899,72.96592496251806,0.00043960123842012866,-0.052492922756803284,0.008304936270558304
86.2m-g051-ai-r0.25,86.2m-g051-control,fit,0.25144491057296137,72.96783428775227,0.001878448177330072,-0.07685589155473316,0.023858054614067026
86.2m-g051-ai-r0.5,86.2m-g051-control,fit,0.5056560507874525,72.96766096484546,0.005247623358550557,-0.09576348481237384,0.05195095325229847
86.2m-g051-ai-r1,86.2m-g051-control,fit,1.0211591509345461,72.9676627169884,0.012350227029318428,-0.11196645903171643,0.0993448861985826
86.2m-g052-ai-r0.05,86.2m-g052-control,fit,0.04999287609790382,75.66343783856391,-3.219079109262335e-05,-0.03794146156346501,
86.2m-g052-ai-r0.1,86.2m-g052-control,fit,0.10012190087144615,75.65533052238551,-0.00022099123989627323,-0.054073671023965875,
86.2m-g052-ai-r0.25,86.2m-g052-control,fit,0.2514367867688752,75.57397172649341,0.002329002827537119,-0.07659321902611083,0.02951010213392095
86.2m-g052-ai-r0.5,86.2m-g052-control,fit,0.5057790932921167,75.37368888653104,0.005643107199748476,-0.09538305123049517,0.055857881636120196
86.2m-g052-ai-r1,86.2m-g052-control,fit,1.0213907514796068,74.8643943832842,0.012714804735759588,-0.11228085890483142,0.10172196671013627
86.2m-g053-ai-r0.05,86.2m-g053-control,fit,0.04993997833993767,87.4991301480628,9.580093267058665e-05,-0.037448185504743825,0.0025516984678834306
86.2m-g053-ai-r0.1,86.2m-g053-control,fit,0.10006924152470889,87.49915501456809,0.0010054204593806793,-0.05202715721065698,0.018958544041292595
86.2m-g053-ai-r0.25,86.2m-g053-control,fit,0.25130166808739024,87.49849714871809,0.0029785232300325593,-0.0755267856766697,0.037940405196956975
86.2m-g053-ai-r0.5,86.2m-g053-control,fit,0.5056589383841732,87.50122572260928,0.006967321696438988,-0.0931540528458209,0.06958875393283954
86.2m-g053-ai-r1,86.2m-g053-control,fit,1.0206660300422072,87.50007031778907,0.014422517508658639,-0.10927434790032275,0.11659565875799022
135m-g054-ai-r0.0025,135m-g054-control,fit,0.0025557410008243864,4.067110369577348,2.1846123313018495e-05,-0.0041349198132425435,0.005255557721183825
135m-g054-ai-r0.005,135m-g054-control,fit,0.005068368032766513,4.068511999686309,-0.0011506978262185719,-0.009389349911554046,
135m-g054-ai-r0.01,135m-g054-control,fit,0.010163788157102697,4.067174590811968,-0.00044537398246979887,-0.013566652671834656,
135m-g054-ai-r0.025,135m-g054-control,fit,0.02566949067792801,4.066151730699064,-0.0010493127183410778,-0.026421608981846645,
135m-g054-ai-r0.05,135m-g054-control,fit,0.051163036235073525,4.063406400444822,-0.002528723352738238,-0.04038689975368004,
135m-g054-ai-r0.1,135m-g054-control,fit,0.10250132326891806,4.060519601611588,-0.004795769374485559,-0.05805064977262908,
135m-g054-ai-r0.25,135m-g054-control,fit,0.2569806727170768,4.045609696086074,-0.010548536321740465,-0.09057353384944522,
135m-g054-ai-r0.5,135m-g054-control,fit,0.5166976469598857,4.024948164289199,-0.01606936110502777,-0.11946530257856491,
135m-g054-ai-r1,135m-g054-control,fit,1.0413701075772697,3.987275923004484,-0.02219143167204929,-0.14955713013921612,
135m-g054-ai-r2,135m-g054-control,fit,2.1079123700370745,4.069368839738678,-0.027369804491442218,-0.178869523433823,
135m-g054-ai-r4,135m-g054-control,fit,4.263853977125512,4.069718570824918,-0.02724192595873909,-0.20139896095652365,
135m-g054-ai-r8,135m-g054-control,fit,8.593492283127402,4.069685510233088,-0.025590267637597197,-0.21873998563124797,
135m-g054-ai-r16,135m-g054-control,fit,17.18527893104366,4.0698503696243655,-0.021925012755124484,-0.23072040339435307,
135m-g055-ai-r0.025,135m-g055-control,fit,0.025420277591041984,4.067139948161406,-0.0006800707939215167,-0.02517283320201369,
135m-g055-ai-r0.05,135m-g055-control,fit,0.05104668265649817,4.063856230013479,-0.002358193433616318,-0.0393562749572095,
135m-g056-ai-r0.025,135m-g056-control,fit,0.02552335206542848,4.066731163406218,-0.0017846799570764293,-0.026483714113606394,
135m-g056-ai-r0.05,135m-g056-control,fit,0.05112992331627735,4.063534406738991,-0.0035019866051870796,-0.04075237362155093,
135m-g057-ai-r0.0025,135m-g057-control,fit,0.002539413138917711,4.720553839432542,-0.0002117483813558474,-0.003960192149094155,
135m-g057-ai-r0.005,135m-g057-control,fit,0.005043235424242618,4.720363238319273,-0.0011910744454930455,-0.009069336218106794,
135m-g057-ai-r0.01,135m-g057-control,fit,0.010114804642376105,4.719686168931374,-0.001886150891142413,-0.015623798629941787,
135m-g057-ai-r0.025,135m-g057-control,fit,0.025621111591866107,4.720132967452927,-0.004113118073172162,-0.029587325856226476,
135m-g057-ai-r0.05,135m-g057-control,fit,0.05103449778514888,4.720323302425475,-0.003959524273083215,-0.04119879103816804,
135m-g057-ai-r0.1,135m-g057-control,fit,0.10214472085435218,4.719463564396363,-0.006331888729843138,-0.05922058070271752,
135m-g057-ai-r0.25,135m-g057-control,fit,0.2561613592035907,4.72089941576641,-0.010535611395340538,-0.09020509546948707,
135m-g057-ai-r0.5,135m-g057-control,fit,0.5145932508791854,4.721490277738986,-0.016327427019282803,-0.11869852434528161,
135m-g057-ai-r1,135m-g057-control,fit,1.0380047151340939,4.72036236596913,-0.02040418240230124,-0.14697741660835584,
135m-g057-ai-r2,135m-g057-control,fit,2.1029659741800404,4.720398080575375,-0.022910643934449748,-0.17345584008531623,
135m-g057-ai-r4,135m-g057-control,fit,4.2553068096473075,4.72094018704636,-0.021634889640104515,-0.194461539840889,
135m-g057-ai-r8,135m-g057-control,fit,8.5754602319051,4.720949612863575,-0.018174235932068683,-0.21068088770286797,
135m-g057-ai-r16,135m-g057-control,fit,17.165376085712857,4.720822072315668,-0.013626502997624801,-0.22231322765826544,
135m-g057-ai-r32,135m-g057-control,fit,34.39370529083505,4.720855036801126,-0.009772969589081248,-0.2320604720820053,
135m-g058-ai-r0.0025,135m-g058-control,fit,0.00248261423685654,16.277360903658938,-0.0003718124809491963,-0.005407431639385951,
135m-g058-ai-r0.005,135m-g058-control,fit,0.005027701582826827,16.27856306129725,-0.00029805221095169365,-0.00881634224291139,
135m-g058-ai-r0.01,135m-g058-control,fit,0.010061101091008336,16.278027002134877,-0.00018622541438617635,-0.014125973910345424,
135m-g058-ai-r0.025,135m-g058-control,fit,0.025141980614225217,16.276757141254173,-0.001044518144064921,-0.02639675475988046,
135m-g058-ai-r0.05,135m-g058-control,fit,0.05017696406225069,16.276268602996154,-0.0011141052711434174,-0.03856779254542286,
135m-g058-ai-r0.1,135m-g058-control,fit,0.1005715860086779,16.27055719354491,-0.0018174590929085355,-0.05470128177342304,
135m-g058-ai-r0.25,135m-g058-control,fit,0.2522383441030275,16.24991344142678,-0.0021445076193508106,-0.08021923026601763,
135m-g058-ai-r0.5,135m-g058-control,fit,0.5078880883957961,16.193852731889407,-0.0009706347321456477,-0.10055390941890618,
135m-g058-ai-r1,135m-g058-control,fit,1.0249625079757207,16.07833398954271,0.002563834224402317,-0.12037059793837934,0.02085529805845979
135m-g058-ai-r2,135m-g058-control,fit,2.0756822509890847,16.27918131358573,0.008048872472468993,-0.13840439926327786,0.05495863886873068
135m-g058-ai-r2.07,135m-g058-control,fit,2.073932254603167,15.887479369843238,0.00885713898283258,-0.13728265462185751,0.06060730458393316
135m-g058-ai-r4,135m-g058-control,fit,4.204258055263692,16.27909827768067,0.017208346766201754,-0.151629165488955,0.1019225321218636
135m-g058-ai-r4.2,135m-g058-control,fit,4.2031817155853695,15.643324267348232,0.0174877264326313,-0.15134301177029386,0.10358141306953256
135m-g059-ai-r0.25,135m-g059-control,fit,0.2527074496747718,16.243828281689193,-0.002417646353654601,-0.08197032426543094,
135m-g059-ai-r1,135m-g059-control,fit,1.0254975063787624,16.074087189445013,0.002299756994171731,-0.1229734939138647,0.018357925395102833
135m-g060-ai-r0.025,135m-g060-control,fit,0.02466359491560913,16.284356286841916,-0.0008369426568566318,-0.02614418870382562,
135m-g060-ai-r0.05,135m-g060-control,fit,0.049399947910121464,16.288320179352823,-0.0014119962781242723,-0.038997925095169084,
135m-g060-ai-r0.25,135m-g060-control,fit,0.25246252796223023,16.247004796876006,-0.0025678329784580844,-0.08155460730407227,
135m-g060-ai-r1,135m-g060-control,fit,1.0254909220826933,16.07413944173997,0.0014698988538007773,-0.12204148253470481,0.011900918257704559
135m-g061-ai-r0.025,135m-g061-control,fit,0.02466788620431144,16.28428808828207,-0.0016078804970988125,-0.028831871021737232,
135m-g061-ai-r0.05,135m-g061-control,fit,0.049370797725343286,16.2887726481503,-0.0019504073412328626,-0.04098534716535074,
135m-g061-ai-r0.25,135m-g061-control,fit,0.2524337263420623,16.247378421484783,-0.002873308035216793,-0.08297469437729388,
135m-g061-ai-r1,135m-g061-control,fit,1.024472199609496,16.08222801272147,0.0015618955717755512,-0.12382485550228972,0.012456623673524708
135m-g062-ai-r0.25,135m-g062-control,fit,0.252037152225806,16.252524666328657,-0.001994803860145389,-0.08076068363608213,
135m-g062-ai-r1,135m-g062-control,fit,1.0248093120695665,16.07955046703039,0.0023260710547027275,-0.12146299720181941,0.01879060152454272
135m-g063-ai-r0.0025,135m-g063-control,fit,0.002498531003481555,18.879119083970842,-0.00037209632929924297,-0.004828006181116229,
135m-g063-ai-r0.005,135m-g063-control,fit,0.005011756420989106,18.878187731909296,-0.0004687075109403027,-0.008748753960766353,
135m-g063-ai-r0.01,135m-g063-control,fit,0.010049759479693988,18.87996042871899,-0.0006163143746664712,-0.014808597705108228,
135m-g063-ai-r0.025,135m-g063-control,fit,0.025125599630458073,18.878315228100416,-0.0010502548162386605,-0.025936677845105338,
135m-g063-ai-r0.05,135m-g063-control,fit,0.050196872950493215,18.881589934427804,-0.0016081745450828855,-0.03877088356798564,
135m-g063-ai-r0.1,135m-g063-control,fit,0.10045610203464425,18.878644710313438,-0.0016761294819560568,-0.05462855247670917,
135m-g063-ai-r0.25,135m-g063-control,fit,0.25199864471193467,18.88137079711497,-0.0017421193722767514,-0.07949488784623926,
135m-g063-ai-r0.5,135m-g063-control,fit,0.5074265840665618,18.880613619369946,-0.00018938381811195448,-0.10008025031071277,
135m-g063-ai-r1,135m-g063-control,fit,1.023816976260115,18.87975376305607,0.0031343873193780958,-0.11955772962172806,0.02554677022063808
135m-g063-ai-r2,135m-g063-control,fit,2.074034918712559,18.88025166059612,0.00982660896653409,-0.13618576270618266,0.06729983804769776
135m-g063-ai-r4,135m-g063-control,fit,4.204121322555384,18.87957289825752,0.01935569759571165,-0.14904164866803382,0.11494063312254683
135m-g063-ai-r8,135m-g063-control,fit,8.50352098168964,18.879920145363695,0.029902445249935794,-0.15891321906303257,0.15836845612751427
135m-g064-ai-r0.025,135m-g064-control,fit,0.024900832433423385,32.561173775504656,-0.0005476307858938156,-0.026645381765386,
135m-g064-ai-r0.05,135m-g064-control,fit,0.0500353474595131,32.5569275150812,-0.0010550767553862972,-0.03839182102307326,
135m-g064-ai-r0.1,135m-g064-control,fit,0.1003108599479784,32.548825223066956,-0.0010021896631305927,-0.05407676321355903,
135m-g064-ai-r0.25,135m-g064-control,fit,0.2516696185284445,32.514593944739694,0.00032239202038231163,-0.07740990569816952,0.004147465466022993
135m-g064-ai-r0.5,135m-g064-control,fit,0.5061499689407171,32.42508135737032,0.0027012713067556815,-0.0967502638566331,0.027161685360791735
135m-g064-ai-r1,135m-g064-control,fit,1.0218101984989472,32.20680511326705,0.007866022141837625,-0.1140422399207851,0.06452411025100947
135m-g065-ai-r0.025,135m-g065-control,fit,0.025002898153747257,37.761150242750645,-0.00046695168126975606,-0.02644045936859929,
135m-g065-ai-r0.05,135m-g065-control,fit,0.05002053672873873,37.75844772418855,-0.0006763546443581125,-0.03849317402061547,
135m-g065-ai-r0.1,135m-g065-control,fit,0.10011367156695057,37.75847237177647,-0.0005593028987176396,-0.05433991553030859,
135m-g065-ai-r0.25,135m-g065-control,fit,0.2515106135472232,37.75888518560647,0.0004051869271243236,-0.07772634891011732,0.005185958816531928
135m-g065-ai-r0.5,135m-g065-control,fit,0.5058695279335885,37.759089648215635,0.0032333951662285587,-0.09619208024464831,0.03252079160664324
135m-g065-ai-r1,135m-g065-control,fit,1.0214369080740804,37.7598653079552,0.00833247478735788,-0.11355362309354466,0.06836279881155696
135m-g066-ai-r0.05,135m-g066-control,fit,0.04997095013565075,48.838386468352994,-0.0005151762969478613,-0.03876502536492743,
135m-g066-ai-r0.1,135m-g066-control,fit,0.10015685027377155,48.8300725427157,-0.0005738518058613362,-0.053520459353602945,
135m-g066-ai-r0.25,135m-g066-control,fit,0.251401528746118,48.78233939852759,0.0011856654054640536,-0.07617276253609007,0.015326906673437678
135m-g066-ai-r0.5,135m-g066-control,fit,0.5057827549812471,48.6494832515648,0.004045536542410799,-0.09506164106432813,0.04081981386316583
135m-g066-ai-r1,135m-g066-control,fit,1.0205551673667441,48.34021467768148,0.010076920671263867,-0.11138012053474489,0.08296695334584965
135m-g067-ai-r0.05,135m-g067-control,fit,0.04993836188516484,54.72431686223401,-0.00020250975193214504,-0.038538296049144716,
135m-g067-ai-r0.1,135m-g067-control,fit,0.10006913411569406,54.725047729011614,0.00015282111562353595,-0.05389060242775967,0.002827746756288658
135m-g067-ai-r0.25,135m-g067-control,fit,0.2512934332023376,54.724574079848395,0.0015733539898292737,-0.07660510251021391,0.020125160565537703
135m-g067-ai-r0.5,135m-g067-control,fit,0.5056971915734148,54.72476913142595,0.004912031021651386,-0.09470124636723432,0.04931100703046885
135m-g067-ai-r1,135m-g067-control,fit,1.0207249785769292,54.72534780267493,0.010491901485933708,-0.1116490477649299,0.0858999504284557
135m-g068-ai-r0.05,135m-g068-control,fit,0.05001226594471703,65.11528637192578,-0.0006950555488380861,-0.03907592408143801,
135m-g068-ai-r0.1,135m-g068-control,fit,0.10021537184107843,65.10330029575775,-0.0006637404336367059,-0.05414886659125029,
135m-g068-ai-r0.25,135m-g068-control,fit,0.2513655609221047,65.044988723248,0.0014522681645717794,-0.07588695643938803,0.018777899209729373
135m-g068-ai-r0.5,135m-g068-control,fit,0.5055224227539808,64.87719417684693,0.004704926210234439,-0.09396895402775962,0.04768157691667245
135m-g068-ai-r1,135m-g068-control,fit,1.0205867165076985,64.45261320099674,0.011153535322000252,-0.11012890292261324,0.09196331705918366
135m-g069-ai-r0.05,135m-g069-control,fit,0.049914931944752855,72.9661535611558,-0.00032396152015434776,-0.03912538914012509,
135m-g069-ai-r0.1,135m-g069-control,fit,0.10007579411932754,72.9651141042118,-0.00012739914990722578,-0.05372197635191467,
135m-g069-ai-r0.25,135m-g069-control,fit,0.251218408834284,72.96427840756118,0.0017511114690843543,-0.07673739735329888,0.022310418370249063
135m-g069-ai-r0.5,135m-g069-control,fit,0.5054919705767389,72.96514888732553,0.005098374851299936,-0.09411078777699966,0.05139016111245369
135m-g069-ai-r1,135m-g069-control,fit,1.0207049749631647,72.96529523515107,0.011816723482773628,-0.11010612595381752,0.09691967943153422
135m-g070-ai-r0.05,135m-g070-control,fit,0.04998948756252534,81.39587372172797,-0.0005851738971002218,-0.038987322874786345,
135m-g070-ai-r0.1,135m-g070-control,fit,0.10017451509612228,81.38214751402462,-0.0002759518431043606,-0.05416609457594723,
135m-g070-ai-r0.25,135m-g070-control,fit,0.25131213882725995,81.30970709986411,0.0019090386209771326,-0.07607075369510985,0.024481196528953874
135m-g070-ai-r0.5,135m-g070-control,fit,0.5055549198957896,81.0947422673294,0.005258226748752426,-0.09413950374477575,0.05290087331616481
135m-g070-ai-r1,135m-g070-control,fit,1.0207195247000103,80.56047145971222,0.012081841821982908,-0.11016056644530814,0.09883510962550057
135m-g071-ai-r0.05,135m-g071-control,fit,0.04993401616072438,87.49872685671707,-0.0006055888376284013,-0.03878952548131087,
135m-g071-ai-r0.1,135m-g071-control,fit,0.10009950591525871,87.50058190190163,-0.0004833855305237389,-0.053725501448050994,
135m-g071-ai-r0.25,135m-g071-control,fit,0.25118057835231006,87.49844425223499,0.0018663942001615474,-0.07620594123168534,0.02390596092505537
135m-g071-ai-r0.5,135m-g071-control,fit,0.505480122059985,87.49913788148999,0.005289838648424916,-0.09376480966577405,0.05340323486532075
135m-g071-ai-r1,135m-g071-control,fit,1.0206074841626682,87.49927779758144,0.01216977535406838,-0.10939488593933011,0.10010948267849329
268m-g072-ai-r0.0025,268m-g072-control,fit,0.0024991561140609454,4.373821270553881,-5.743811917413577e-05,-0.005450492873173118,
268m-g072-ai-r0.005,268m-g072-control,fit,0.005011642037161947,4.374547182113035,-0.00024745580722074223,-0.009248582468983413,
268m-g072-ai-r0.01,268m-g072-control,fit,0.01009470427061251,4.373802908654501,-0.0006269242329288716,-0.015542745358338661,
268m-g072-ai-r0.025,268m-g072-control,fit,0.025258953581407353,4.373881530664324,-0.0014211451010148757,-0.027728057090035674,
268m-g072-ai-r0.05,268m-g072-control,fit,0.050603842303026454,4.372471982010241,-0.002416920687014157,-0.04066901716744131,
268m-g072-ai-r0.1,268m-g072-control,fit,0.10111974501429133,4.3705375490188025,-0.0042309974817930085,-0.05775958595613806,
268m-g072-ai-r0.25,268m-g072-control,fit,0.2538113285408056,4.361687478595013,-0.007668814955706926,-0.08686277467011194,
268m-g072-ai-r0.5,268m-g072-control,fit,0.5106759508252973,4.344068496672145,-0.010569220433096937,-0.11161455139757559,
268m-g072-ai-r1,268m-g072-control,fit,1.0309280353679873,4.308361952353371,-0.01337967757753733,-0.13699795223734412,
268m-g073-ai-r0.025,268m-g073-control,fit,0.025251140038423617,4.373914864459343,-0.001353465803030196,-0.027697363617140813,
268m-g073-ai-r0.05,268m-g073-control,fit,0.05057465216816127,4.372593470803623,-0.002457519708063294,-0.04090167450991833,
268m-g074-ai-r0.025,268m-g074-control,fit,0.025282958180073856,4.373779126474416,-0.0017632908271191239,-0.02764195656703239,
268m-g074-ai-r0.05,268m-g074-control,fit,0.050573536938831605,4.372598112501051,-0.0028894617676942236,-0.04159038193833575,
268m-g075-ai-r0.0025,268m-g075-control,fit,0.0024995851035451155,4.718659502965401,-0.0001607604111895089,-0.0053974977309472205,
268m-g075-ai-r0.005,268m-g075-control,fit,0.004999334013039279,4.718583134749274,-0.0005986394040998766,-0.009671546126276076,
268m-g075-ai-r0.01,268m-g075-control,fit,0.010079503074471806,4.71805468904535,-0.0007325750267458409,-0.015485724384758481,
268m-g075-ai-r0.025,268m-g075-control,fit,0.02521304368428024,4.718897958063657,-0.001394073033540888,-0.027031628164959742,
268m-g075-ai-r0.05,268m-g075-control,fit,0.05055030606139279,4.718494648201095,-0.0021777447436248654,-0.04019318006054562,
268m-g075-ai-r0.1,268m-g075-control,fit,0.10104438863049026,4.718516862038791,-0.003761813075771836,-0.05711154281583297,
268m-g075-ai-r0.25,268m-g075-control,fit,0.25327559669102145,4.718869750252315,-0.007407573970031556,-0.08621850001118869,
268m-g075-ai-r0.5,268m-g075-control,fit,0.5094840085401433,4.718847577392687,-0.010289999234151082,-0.11102904629557331,
268m-g075-ai-r1,268m-g075-control,fit,1.0296334472508606,4.719125781216118,-0.012982633192343385,-0.13643989281168334,
268m-g075-ai-r2,268m-g075-control,fit,2.084776993592269,4.718848676349943,-0.013318464847483114,-0.15932360249608302,
268m-g075-ai-r4,268m-g075-control,fit,4.221229085392942,4.718552382572487,-0.011396757286041392,-0.17816365934056577,
268m-g076-ai-r0.0025,268m-g076-control,fit,0.002494471884041419,17.499263348461962,-0.00014164679469153008,-0.0056892109072529395,
268m-g076-ai-r0.005,268m-g076-control,fit,0.005010771426272401,17.498203886611723,-9.519417883552261e-05,-0.01019395559836822,
268m-g076-ai-r0.01,268m-g076-control,fit,0.010043231776102108,17.498036900987923,-0.00016655056924863576,-0.016183617611228995,
268m-g076-ai-r0.025,268m-g076-control,fit,0.024970461098005863,17.500450486793735,-0.0006710498396127473,-0.027991996917650863,
268m-g076-ai-r0.05,268m-g076-control,fit,0.05000815062591275,17.4998103088017,-0.0009948951834484188,-0.040005895612947096,
268m-g076-ai-r0.1,268m-g076-control,fit,0.10012699039100652,17.497926088843684,-0.001384816741336392,-0.0556894862173366,
268m-g076-ai-r0.25,268m-g076-control,fit,0.2516987638581724,17.476195807241883,-0.0007276306919911102,-0.07894554490404959,
268m-g076-ai-r0.5,268m-g076-control,fit,0.506024832552335,17.429937846479337,0.0005417771910870561,-0.09791574502614864,0.00550264904992921
268m-g076-ai-r1,268m-g076-control,fit,1.021518663380338,17.313662711212785,0.004243503228114065,-0.11613729362960423,0.035250665711488764
268m-g077-ai-r0.25,268m-g077-control,fit,0.25149247953048315,17.47907642007946,-0.0015163069395475182,-0.07999512582020751,
268m-g077-ai-r1,268m-g077-control,fit,1.022461846569551,17.305588415205364,0.0041647747412921765,-0.11651324702775467,0.03451146016681237
268m-g078-ai-r0.025,268m-g078-control,fit,0.02479791285307134,17.5033970892206,-0.0002458228707007404,-0.028191334919780098,
268m-g078-ai-r0.05,268m-g078-control,fit,0.04967274892043862,17.505402019388722,-0.0008216260406788134,-0.040015678901828,
268m-g078-ai-r0.25,268m-g078-control,fit,0.25165231426783025,17.476844359660742,-0.001489143572910967,-0.07939660758742006,
268m-g078-ai-r0.5,268m-g078-control,fit,0.5063372186028219,17.426323204700026,-0.0002041379617924166,-0.09883593426625725,
268m-g078-ai-r1,268m-g078-control,fit,1.0220338256672326,17.309251634620686,0.003733814583008477,-0.11641775921563435,0.03107586912898724
268m-g079-ai-r0.025,268m-g079-control,fit,0.024813763773204395,17.503126362031793,-0.00023957323157042243,-0.027329783569164712,
268m-g079-ai-r0.05,268m-g079-control,fit,0.04968877542786808,17.505134749258673,-0.0010080569403734252,-0.04020193694197771,
268m-g079-ai-r0.25,268m-g079-control,fit,0.25171127044481506,17.476021192247032,-0.000790635323591693,-0.07925921212772713,
268m-g079-ai-r0.5,268m-g079-control,fit,0.5062388889234181,17.427460822900237,0.00038929639495777213,-0.09827934811931571,0.00394549248015114
268m-g079-ai-r1,268m-g079-control,fit,1.0222620854899158,17.30729787860793,0.0038469787754809026,-0.11684728629470875,0.03187374953767435
268m-g080-ai-r0.25,268m-g080-control,fit,0.2512993678810711,17.481773946638107,-0.00154663517797049,-0.07905220449792605,
268m-g080-ai-r1,268m-g080-control,fit,1.021253374962578,17.31593512012657,0.0037353738831464867,-0.1161898448930011,0.031147526110575086
268m-g081-ai-r0.0025,268m-g081-control,fit,0.002498071871984124,18.87856300662069,-0.00018535794795626614,-0.006014080335842387,
268m-g081-ai-r0.005,268m-g081-control,fit,0.005002008921201583,18.878169099361912,-0.0003333073701204947,-0.010206563752064635,
268m-g081-ai-r0.01,268m-g081-control,fit,0.010000604051988157,18.879494352406507,-0.00038003239083472806,-0.015722162178383514,
268m-g081-ai-r0.025,268m-g081-control,fit,0.024998866618210925,18.879535952595262,-0.0006749030623055541,-0.027043209911207455,
268m-g081-ai-r0.05,268m-g081-control,fit,0.05002166175477199,18.87976074337075,-0.000999677567917967,-0.039670498775013496,
268m-g081-ai-r0.1,268m-g081-control,fit,0.10010475159410971,18.879536071804182,-0.0011078852358287206,-0.055177966738755524,
268m-g081-ai-r0.25,268m-g081-control,fit,0.25145614169844904,18.879511343403273,-0.0011125071626419958,-0.07829105754088417,
268m-g081-ai-r0.5,268m-g081-control,fit,0.5059312071377654,18.87841880480225,0.0008321533067833231,-0.09676949178976024,0.00852601721989615
268m-g081-ai-r1,268m-g081-control,fit,1.021467772351249,18.878357829438272,0.004307111877062342,-0.11523095191273047,0.03603130032820659
268m-g081-ai-r2,268m-g081-control,fit,2.069306656946648,18.878900244937828,0.011026518782752404,-0.13078595929902725,0.07775422115107311
268m-g081-ai-r4,268m-g081-control,fit,4.19988419750787,18.87881786412166,0.020070278726751378,-0.1430217046429902,0.12306109909308402
268m-g082-ai-r0.025,268m-g082-control,fit,0.024880906111533187,35.00395938280802,-0.0003092138445341952,-0.028018292000219658,
268m-g082-ai-r0.05,268m-g082-control,fit,0.0499409674516309,35.001860158382016,-0.0007114242199429688,-0.04026802850461153,
268m-g082-ai-r0.1,268m-g082-control,fit,0.10017110447984974,34.994448932205074,-0.0004268584128023223,-0.05444691476630026,
268m-g082-ai-r0.25,268m-g082-control,fit,0.2513259740835214,34.96280448408237,0.0008174051336202748,-0.0768127619935306,0.010529477957730562
268m-g082-ai-r0.5,268m-g082-control,fit,0.5055704897361728,34.870395515312644,0.003158385814228226,-0.0944385010225346,0.03236154263312551
268m-g082-ai-r1,268m-g082-control,fit,1.0205476329181111,34.64396654845637,0.008590665087392813,-0.11056912149657672,0.0720936595613919
268m-g083-ai-r0.025,268m-g083-control,fit,0.024950764960727147,37.75703281794076,-0.0003970190104944926,-0.027771390636003535,
268m-g083-ai-r0.05,268m-g083-control,fit,0.04992039303525839,37.757582769679395,-0.0004416443992424357,-0.03970777512056023,
268m-g083-ai-r0.1,268m-g083-control,fit,0.10008638205998108,37.757927231312195,-0.0002627749111140387,-0.05456393519027514,
268m-g083-ai-r0.25,268m-g083-control,fit,0.2511943139946233,37.75755820146548,0.000845986000605703,-0.07618059724678683,0.010983039425344638
268m-g083-ai-r0.5,268m-g083-control,fit,0.5055447853926885,37.75744750853016,0.003705773550308211,-0.09335899618969823,0.03817835822651554
268m-g083-ai-r1,268m-g083-control,fit,1.0206240369836381,37.75798254052707,0.008853031266833677,-0.10951800196672601,0.0747905211688541
268m-g084-ai-r0.05,268m-g084-control,fit,0.05000161737452731,52.49975758493034,-0.00038166084946622547,-0.040018348159683415,
268m-g084-ai-r0.1,268m-g084-control,fit,0.10016894843857477,52.49177626815737,-8.769794541796383e-05,-0.05467829284001802,
268m-g084-ai-r0.25,268m-g084-control,fit,0.25133795803024434,52.443704472855124,0.001346903706820557,-0.0763602404949083,0.017333074335147042
268m-g084-ai-r0.5,268m-g084-control,fit,0.5055271816686036,52.30709789818948,0.0043252110031388735,-0.09317306083449473,0.04436192479741343
268m-g084-ai-r1,268m-g084-control,fit,1.0205535145857934,51.96579855401216,0.010242627904924029,-0.10897424042675219,0.08591592824287045
268m-g085-ai-r0.05,268m-g085-control,fit,0.049929303123899815,54.724498382077876,-0.00036922774444059225,-0.04000693648386355,
268m-g085-ai-r0.1,268m-g085-control,fit,0.10008026980657163,54.724176301920316,-2.9279168754281493e-05,-0.05438463557419071,
268m-g085-ai-r0.25,268m-g085-control,fit,0.25124697610635105,54.72492639798967,0.0015729651598811456,-0.07578546379457407,0.0203334682611927
268m-g085-ai-r0.5,268m-g085-control,fit,0.5054644441332488,54.72494920787198,0.004430303056032092,-0.09302058047698913,0.04546190753140667
268m-g085-ai-r1,268m-g085-control,fit,1.0205638837136828,54.7242675153726,0.010148758932188584,-0.10848957013116522,0.08554367726107358
268m-g086-ai-r0.05,268m-g086-control,fit,0.049969277591664925,70.00183281856064,-0.00016666575048096544,-0.039377447478598504,
268m-g086-ai-r0.1,268m-g086-control,fit,0.10006436786329298,69.99568871990263,0.00017700967194567152,-0.05404283840253943,0.0032646655833948957
268m-g086-ai-r0.25,268m-g086-control,fit,0.25123556769544053,69.93066135150836,0.0016687546490598004,-0.07559952345196796,0.021596891894988455
268m-g086-ai-r0.5,268m-g086-control,fit,0.5053522670500084,69.75090097172483,0.004901239808921765,-0.09195729168486833,0.05060204540924718
268m-g086-ai-r1,268m-g086-control,fit,1.0204321571201675,69.29189318007317,0.011358317850904465,-0.10720696978710376,0.09579800359092076
268m-g087-ai-r0.05,268m-g087-control,fit,0.04994517658423747,72.96675492622118,-0.00020375410727546672,-0.04047404812996336,
268m-g087-ai-r0.1,268m-g087-control,fit,0.10007215557698215,72.96729023388873,0.0001495144440479823,-0.054387914791380276,0.002741501499870032
268m-g087-ai-r0.25,268m-g087-control,fit,0.25124580992628254,72.96611622343957,0.0013824765472711942,-0.07659360405358917,0.01772949520696915
268m-g087-ai-r0.5,268m-g087-control,fit,0.5054166477705568,72.96675327964795,0.0049124467189280985,-0.0925546977268824,0.050401053061109286
268m-g087-ai-r1,268m-g087-control,fit,1.0205918151508255,72.96629239932626,0.010987354427289597,-0.1084269527931615,0.09201036863200832
268m-g088-ai-r0.05,268m-g088-control,fit,0.049968944425029034,87.50231878863529,-0.00038184916953709624,-0.040336147446389914,
268m-g088-ai-r0.1,268m-g088-control,fit,0.10005998452758463,87.49495953382338,0.00016318319741248644,-0.05459986294216701,0.0029798049764537707
268m-g088-ai-r0.25,268m-g088-control,fit,0.25122226793466895,87.41425584191335,0.001828909301500814,-0.07619755341804368,0.023439602895681425
268m-g088-ai-r0.5,268m-g088-control,fit,0.5054148305442369,87.1850027448972,0.0053978477966309946,-0.09230918834672353,0.05524523114907857
268m-g088-ai-r1,268m-g088-control,fit,1.0206439465457346,86.60578812516856,0.012126360985274975,-0.1073868504355876,0.1014646066414559
477m-g089-ai-r0.0025,477m-g089-control,held_out,0.002499999675951325,4.560016399465788,-0.00012561570659341825,-0.00577831683904495,
477m-g089-ai-r0.025,477m-g089-control,held_out,0.024999999609177447,4.558551291317081,-0.0010073792866439613,-0.02879420815249123,
477m-g089-ai-r0.05,477m-g089-control,held_out,0.049999999609203705,4.55885760440674,-0.0024058162708902042,-0.041776670401641125,
477m-g089-ai-r0.1,477m-g089-control,held_out,0.09999999981611889,4.55942845976184,-0.0037648831655938686,-0.05872408926555961,
477m-g089-ai-r0.25,477m-g089-control,held_out,0.24999999977013249,4.559108780595305,-0.007224968181843594,-0.08657735160592739,
477m-g089-ai-r0.5,477m-g089-control,held_out,0.5,4.559694859067284,-0.010152734052945811,-0.11050479896563437,
477m-g089-ai-r1,477m-g089-control,held_out,1.0,4.5604274592532414,-0.012256577721870388,-0.1343380487542657,
477m-g090-ai-r0.0025,477m-g090-control,held_out,0.0025022960495013325,4.717852316214945,-7.244576107445777e-05,-0.006374200725794754,
477m-g090-ai-r0.025,477m-g090-control,held_out,0.025085299892079985,4.718972949730686,-0.0014079843391761049,-0.029319659940150955,
477m-g090-ai-r0.05,477m-g090-control,held_out,0.05021498273396343,4.719063131449931,-0.0023451070544736607,-0.04243475717324108,
477m-g090-ai-r0.1,477m-g090-control,held_out,0.10062138379924096,4.7186006823771045,-0.0033395452445664775,-0.05892846803546592,
477m-g090-ai-r0.25,477m-g090-control,held_out,0.2521578240871544,4.717996819498306,-0.007051036062866722,-0.08739898278889391,
477m-g090-ai-r0.5,477m-g090-control,held_out,0.5078553012669174,4.718136302904906,-0.00958026143661328,-0.1102347281240399,
477m-g090-ai-r1,477m-g090-control,held_out,1.0247179244534845,4.718593482679117,-0.011670495311033147,-0.13429890612267725,
477m-g091-ai-r0.0025,477m-g091-control,held_out,0.0024999999054858032,18.240065599959134,-1.660624794486143e-05,-0.007503082839032671,
477m-g091-ai-r0.025,477m-g091-control,held_out,0.024999999945419044,18.240637740151165,-0.00040116652994315327,-0.02976042613091634,
477m-g091-ai-r0.05,477m-g091-control,held_out,0.05,18.241709837012966,-0.0007386684373366093,-0.04188901264200562,
477m-g091-ai-r0.1,477m-g091-control,held_out,0.1,18.241709837012966,-0.0007722876747268126,-0.05632788022988999,
477m-g091-ai-r0.25,477m-g091-control,held_out,0.25,18.241709837012966,-0.0008073669524029103,-0.07944885112807876,
477m-g091-ai-r0.5,477m-g091-control,held_out,0.5,18.241709837012966,0.0006335221522432155,-0.09716153355112034,0.006478059117475672
477m-g091-ai-r1,477m-g091-control,held_out,1.0,18.241709837012966,0.004365503040082874,-0.11424392399708311,0.036805700433195365
477m-g092-ai-r0.0025,477m-g092-control,held_out,0.0025036642627459882,18.88015273948634,-0.00022426781011308794,-0.007538060989475293,
477m-g092-ai-r0.025,477m-g092-control,held_out,0.02496246317974008,18.878153981758075,-0.0007708793789256152,-0.030535563250906672,
477m-g092-ai-r0.05,477m-g092-control,held_out,0.04991818320590167,18.879495317980854,-0.0009671800414917664,-0.042409163319473864,
477m-g092-ai-r0.1,477m-g092-control,held_out,0.10007440473836317,18.879791738035724,-0.0012052342739169442,-0.05718962110180292,
477m-g092-ai-r0.25,477m-g092-control,held_out,0.25123362984253983,18.878900612447183,-0.00115943642480687,-0.07972062865883245,
477m-g092-ai-r0.5,477m-g092-control,held_out,0.5055127040822984,18.87855381546622,0.00020784789206673704,-0.09739942168141236,0.0021294304509795596
477m-g092-ai-r1,477m-g092-control,held_out,1.0206908260533831,18.87935988401138,0.0034688345607863935,-0.11513584114824443,0.029247030439983477
477m-g093-ai-r0.05,477m-g093-control,held_out,0.05,36.48341967402593,-0.0006440872316246793,-0.042763519768276415,
477m-g093-ai-r0.25,477m-g093-control,held_out,0.25,36.48341967402593,0.0008053924525311951,-0.07797822620587747,0.01022284157856761
477m-g093-ai-r1,477m-g093-control,held_out,1.0,36.48341967402593,0.008368357099629575,-0.11066281633747294,0.07030391163917674
477m-g094-ai-r0.05,477m-g094-control,held_out,0.049959707835511416,37.757497313800016,-0.0006312645503363523,-0.042215034659328854,
477m-g094-ai-r0.1,477m-g094-control,held_out,0.1000674690291561,37.757823668669054,-0.0001048477592215935,-0.05565709902252913,
477m-g094-ai-r0.25,477m-g094-control,held_out,0.2512620543587665,37.758699956801394,0.000573789612971165,-0.07690324045850971,0.00740593195740444
477m-g094-ai-r0.5,477m-g094-control,held_out,0.5054318480765602,37.75767563575209,0.00425466859326995,-0.09309894603734703,0.04370324213860149
477m-g094-ai-r1,477m-g094-control,held_out,1.0207063200919442,37.75843024794045,0.008657904806030903,-0.10966406403586454,0.07317242005666585
477m-g095-ai-r0.25,477m-g095-control,held_out,0.25,54.725129511038894,0.0010109772697164399,-0.07651709979187016,0.013040143752222073
477m-g095-ai-r0.5,477m-g095-control,held_out,0.5,54.725129511038894,0.005052541925400167,-0.09197894150068331,0.05207116027705674
477m-g095-ai-r1,477m-g095-control,held_out,1.0,54.725129511038894,0.010376964547325063,-0.1078798192703102,0.08774942301261518
477m-g096-ai-r0.05,477m-g096-control,held_out,0.05,72.96683934805186,0.00013620019015669893,-0.041646962025528644,0.0032596908164497316
477m-g096-ai-r0.25,477m-g096-control,held_out,0.25,72.96683934805186,0.0022535083709949166,-0.07564549034649237,0.028928592255307563
477m-g096-ai-r0.5,477m-g096-control,held_out,0.5,72.96683934805186,0.005200646581017709,-0.09183956404720894,0.05359269675271054
973m-g098-ai-r0.05,973m-g098-control,held_out,0.04999999997822306,18.878733600786596,-0.0006289537113155497,-0.042606479927341456,
973m-g098-ai-r0.1,973m-g098-control,held_out,0.09999999996189064,18.878873565904335,-0.0008957898181466417,-0.056760874551230855,
973m-g098-ai-r0.25,973m-g098-control,held_out,0.25,18.87836409345133,-0.00022951266091264522,-0.077522540699065,
973m-g098-ai-r0.5,973m-g098-control,held_out,0.4999999999727791,18.87893888275372,0.002079799648878944,-0.09412216254604072,0.021619098004102624
973m-g098-ai-r1,973m-g098-control,held_out,1.0,18.87911850460343,0.005665319017254644,-0.11088685794201075,0.04860757786819078
973m-g099-ai-r0.05,973m-g099-control,held_out,0.049999999976862004,37.75746720260099,0.0002633028043644847,-0.04252502566857197,0.00615361276687925
973m-g099-ai-r0.1,973m-g099-control,held_out,0.09999999998911162,37.75774713180867,0.00020291873237687774,-0.05664433042420114,0.00356954356433265
973m-g099-ai-r0.25,973m-g099-control,held_out,0.24999999998638947,37.75759037137014,0.0017321797045969367,-0.07675235806478742,0.022070330715162016
973m-g099-ai-r0.5,973m-g099-control,held_out,0.5,37.75787776550744,0.005676000272955006,-0.09250039039904051,0.057814309877395664
