target,n_params,human_tpp,optimal_ratio,optimal_share,largest_loss_reduction
c4,268436282.0,5.0,0.598465097884524,0.3743998531319563,0.00849251062960621
c4,268436282.0,5.193244124838054,0.530748149289431,0.34672467155083797,0.007549741343376493
c4,268436282.0,5.393956908032993,0.47122204695433884,0.32029294825335347,0.006699819661555639
c4,268436282.0,5.602427004454396,0.41880637046321495,0.2951821891851826,0.00593581047938474
c4,268436282.0,5.8189542251433695,0.37257559161039994,0.27144267600829813,0.005250874518399229
c4,268436282.0,6.043849968485474,0.3317355988220788,0.249100196101613,0.004638361361607557
c4,268436282.0,6.277437668047968,0.2956041861405867,0.22815933238155695,0.0040918821751286805
c4,268436282.0,6.520053257725441,0.2635938817317145,0.20860648784597438,0.0036053637466026967
c4,268436282.0,6.772045654862771,0.23519793839243516,0.19041315653306276,0.0031730859019509783
c4,268436282.0,7.033777262050233,0.20997824108879215,0.1735388571118803,0.0027897045720233216
c4,268436282.0,7.305624488312372,0.18755495059738111,0.15793370277563537,0.002450262819433946
c4,268436282.0,7.5879782904402475,0.1675982310639583,0.1435410114583992,0.0021501920504624072
c4,268436282.0,7.881244735245502,0.1498207464413146,0.13029922003495634,0.0018853054683252157
c4,268436282.0,8.18584558354491,0.1339717693926351,0.11814383127402855,0.0016517856062450154
c4,268436282.0,8.502218896715227,0.11983190687481236,0.10700883421801674,0.001446167537940246
c4,268436282.0,8.830819666690687,0.10720869015639456,0.09682789803722656,0.0012653191189219148
c4,268436282.0,9.17212047030915,0.0959330975954764,0.08753554191032069,0.001106419377828849
c4,268436282.0,9.526612148947967,0.0858563446108456,0.07906786660772812,0.0009669359615401829
c4,268436282.0,9.89480451442697,0.07684710398314587,0.07136305952711057,0.0008446023457764351
c4,268436282.0,10.0,0.07450889437359436,0.06934227791295366,0.0008132646946644728
c4,268436282.0,10.277227082193782,0.068789252281209,0.06436184882509453,0.0007373953562477276
c4,268436282.0,10.674429832845878,0.061580137641492345,0.058007997190211796,0.0006435134041045121
c4,268436282.0,11.086984003084579,0.055128611278266154,0.05224823845074109,0.0005613557221151311
c4,268436282.0,11.515482907238495,0.04935381514026281,0.04703257798101767,0.00048950279248694
c4,268436282.0,11.960542790537875,0.04418386672098602,0.04231425913496928,0.0004266980810572196
c4,268436282.0,12.42280371536699,0.039554745207270404,0.03804969905590092,0.0003718311330186408
c4,268436282.0,12.902930481769193,0.03540948608098275,0.03419853358211677,0.0003239220398760789
c4,268436282.0,13.40161358352834,0.03169710474028346,0.030723266155004675,0.0002821072535280633
c4,268436282.0,13.919570201201681,0.028372372487523324,0.027589590353242936,0.00024562669909122814
c4,268436282.0,14.457545233532294,0.02539462802588731,0.02476571198230053,0.0002138121214574351
c4,268436282.0,15.016312368724398,0.02272770908194509,0.022222639398659386,0.0001860765899667216
c4,268436282.0,15.596675197122195,0.020339171499051244,0.019933735827440156,0.00016190507966706846
c4,268436282.0,16.199468366892454,0.01820004356405548,0.01787472282985667,0.00014084604525177458
c4,268436282.0,16.825558784372827,0.016284333123542164,0.016023402696263542,0.00012250390405510458
c4,268436282.0,17.475846860812297,0.01456883536275857,0.014359632244715549,0.00010653234665680689
c4,268436282.0,18.1512678072966,0.013032707864278355,0.012865041536274284,9.262839716928095e-05
c4,268436282.0,18.852792979721034,0.011657323535160658,0.011522996239897729,8.052714964823515e-05
c4,268436282.0,19.581431275744873,0.01042594563650137,0.01031836690410173,6.999711197364089e-05
c4,268436282.0,20.0,0.009796096463342886,0.009701063905527288,6.47304970331497e-05
c4,268436282.0,20.338230585736433,0.009323654089043863,0.009237526586512872,6.0836093694449644e-05
c4,268436282.0,21.124279299795464,0.008336906887231202,0.008267977528430953,5.286757953881782e-05
c4,268436282.0,21.940707873020184,0.007453807428666676,0.007398659247406186,4.593753540715895e-05
c4,268436282.0,22.788690451270018,0.00666342811482501,0.006619320746859342,3.991159860672333e-05
c4,268436282.0,23.669446559762214,0.005956212340804372,0.005920945929589317,3.467260875111844e-05
c4,268436282.0,24.58424285693068,0.0053234438668344425,0.0052952548747481395,3.0118440143112046e-05
c4,268436282.0,25.534394956069427,0.0047573387157424495,0.004734813603673868,2.616010051981199e-05
c4,268436282.0,26.521269317380394,0.004250961096197868,0.004232966918505808,2.2720064779879756e-05
c4,268436282.0,27.546285213146692,0.0037980549948643605,0.0037836843536061563,1.973081573214408e-05
c4,268436282.0,28.610916768857496,0.003393004955973804,0.003381531403164087,1.7133567012050932e-05
c4,268436282.0,29.716695083219946,0.003030836768002339,0.0030216785535411824,1.4877146117919793e-05
c4,268436282.0,30.865210430107172,0.0027070077495013447,0.002699699641650072,1.2917018047065021e-05
c4,268436282.0,32.05811454560886,0.0024175050684249475,0.002411674832294483,1.1214432284467613e-05
c4,268436282.0,33.29712300347371,0.0021587339749693578,0.002154083880910702,9.73567791406893e-06
c4,268436282.0,34.584017682359985,0.0019274404904224965,0.0019237326102966644,8.451433440970213e-06
c4,268436282.0,35.920649328442266,0.0017207677510326577,0.0017178117958919434,7.336199513541253e-06
c4,268436282.0,37.308940217060155,0.0015360867914266147,0.0015337308477298133,6.367804162521473e-06
c4,268436282.0,38.750886917236365,0.001371080582943233,0.0013692032948915054,5.526971441183193e-06
c4,268436282.0,40.0,0.0012466308567747324,0.0012450787032441553,4.9092666479788605e-06
c4,268436282.0,40.24856316304031,0.0012236668730344498,0.0012221713424495223,4.796945460516788e-06
c4,268436282.0,41.80412283592648,0.0010919885466661586,0.001090797408389464,4.1631628080462946e-06
c4,268436282.0,43.4198030623367,0.0009743922657024864,0.0009734437496417391,3.6129672018603287e-06
c4,268436282.0,45.09792743102108,0.0008693745086956454,0.0008686193531722378,3.1353610000506293e-06
c4,268436282.0,46.84090933470462,0.0007755962204004277,0.0007749951371012633,2.7207888579905415e-06
c4,268436282.0,48.65125544090534,0.0006918531098111925,0.0006913747800195908,2.3609494159693156e-06
c4,268436282.0,50.531569296895405,0.0006170965636790272,0.0006167159903606098,2.0486314217249557e-06
c4,268436282.0,52.48455507398981,0.0005503895767090853,0.0005500868146600113,1.7775711447232112e-06
c4,268436282.0,54.513021456547364,0.0004908330420716054,0.0004905922431884645,1.542328337711396e-06
c4,268436282.0,56.61988568127707,0.00043768280357678877,0.0004374913211488078,1.3381783540156178e-06
c4,268436282.0,58.80817773265887,0.0003902488543627935,0.0003900966196039023,1.1610183293653265e-06
c4,268436282.0,60.0,0.00036725832532904915,0.0003671234961686573,1.0769671937582714e-06
c4,268436282.0,61.08104470051255,0.0003479193662095158,0.00034779836042438827,1.0072856078124914e-06
c4,268436282.0,63.44175530598146,0.0003101717628928044,0.0003100755862016022,8.738868246815912e-07
c4,268436282.0,65.89370460244032,0.0002764879623234264,0.0002764115378605607,7.581362608810593e-07
c4,268436282.0,68.44041885808748,0.0002464384038587979,0.00024637768693488326,6.577022655385178e-07
c4,268436282.0,71.08556062724374,0.00021963852237560723,0.00021959029188836884,5.705606939132579e-07
c4,268436282.0,73.83293401765056,0.0001957388910839792,0.00019570058486851252,4.949544483157098e-07
c4,268436282.0,76.6864901613439,0.00017442199698382676,0.0001743915792563157,4.2935832589297007e-07
c4,268436282.0,79.65033289697007,0.00015541850288530357,0.0001553943517278012,3.7244847850281815e-07
c4,268436282.0,80.0,0.00015335804356960095,0.00015333452848630063,3.6638035960656623e-07
c4,268436282.0,82.72872467171699,0.00013847044490605538,0.0001384512734966165,3.230758842676096e-07
c4,268436282.0,85.92609267134783,0.00012336619396619748,0.00012335097662568916,2.8024330422926624e-07
c4,268436282.0,89.24703518715346,0.00010989508291321157,0.00010988300731101237,2.43085268580856e-07
c4,268436282.0,92.69632822897994,9.788693199984017e-05,9.787735108623006e-05,2.1085069612514218e-07
c4,268436282.0,96.27893239384197,8.718916271993247e-05,8.718156143258654e-05,1.82887799016207e-07
c4,268436282.0,100.0,7.76574582956993e-05,7.765142808316133e-05,1.5863097824198036e-07
fw22,268436282.0,5.0,0.7467664223952689,0.42751361190654147,0.010472838871621204
fw22,268436282.0,5.193244124838054,0.6648261609233396,0.3993366854318388,0.009391076777281349
fw22,268436282.0,5.393956908032993,0.5925763763699048,0.372086629666462,0.008407089859182815
fw22,268436282.0,5.602427004454396,0.5287679277172945,0.3458784803961928,0.007514496819500671
fw22,268436282.0,5.8189542251433695,0.4723241920924672,0.32080175998548255,0.006706888689987811
fw22,268436282.0,6.043849968485474,0.42231641533149833,0.2969215645543044,0.0059779268091448845
fw22,268436282.0,6.277437668047968,0.3779430414920523,0.2742805980447576,0.005321423533353964
fw22,268436282.0,6.520053257725441,0.33851156495257106,0.2529014868575797,0.004731406380956593
fw22,268436282.0,6.772045654862771,0.30342263754748283,0.2327891420686096,0.0042021668521255995
fw22,268436282.0,7.033777262050233,0.27215712227031225,0.2139335758971472,0.003728295505414758
fw22,268436282.0,7.305624488312372,0.24426417187802446,0.19631214769235494,0.003304705042448175
fw22,268436282.0,7.5879782904402475,0.21935136676490616,0.17989184474928926,0.002926643193762013
fw22,268436282.0,7.881244735245502,0.19707678119689265,0.16463169638947153,0.002589697146594405
fw22,268436282.0,8.18584558354491,0.1771418413529445,0.1504847038223933,0.0022897911396304593
fw22,268436282.0,8.502218896715227,0.15928472059218177,0.13739913738431445,0.0020231786950403174
fw22,268436282.0,8.830819666690687,0.14327612388781635,0.12532066479320203,0.0017864307838005855
fw22,268436282.0,9.17212047030915,0.1289142100396325,0.11419309713100939,0.001576421040553777
fw22,268436282.0,9.526612148947967,0.11602106510814056,0.10395956558122701,0.0013903089691850168
fw22,268436282.0,9.89480451442697,0.10443977219022196,0.09456357405810074,0.0012255219165590026
fw22,268436282.0,10.0,0.10142472882226897,0.09208502966037485,0.0011830485812347469
fw22,268436282.0,10.277227082193782,0.09403143748952705,0.08594948396117474,0.0010797364433755563
fw22,268436282.0,10.674429832845878,0.08467292782771513,0.07806309686118046,0.0009508595898247707
fw22,268436282.0,11.086984003084579,0.07625497870139629,0.07085214954675997,0.0008370104201185224
fw22,268436282.0,11.515482907238495,0.06868037147216474,0.06426652281219859,0.0007365021335153932
fw22,268436282.0,11.960542790537875,0.061862575250932396,0.058258551240788804,0.0006478249489904053
fw22,268436282.0,12.42280371536699,0.05572432077972627,0.05278302269153936,0.0005696299047003306
fw22,268436282.0,12.902930481769193,0.050196730112235376,0.0477974542035289,0.000500713660166463
fw22,268436282.0,13.40161358352834,0.04521809414193067,0.04326187462249432,0.0004400043469390269
fw22,268436282.0,13.919570201201681,0.04073323497045217,0.03913897779156504,0.00038654848075658776
fw22,268436282.0,14.457545233532294,0.036692625231542986,0.0353939290571762,0.0003394989233455048
fw22,268436282.0,15.016312368724398,0.03305205767720343,0.03199457126247859,0.0002981038636615807
fw22,268436282.0,15.596675197122195,0.029771584678616105,0.028910862487925015,0.00026169677531895363
fw22,268436282.0,16.199468366892454,0.02681549248825243,0.026115200524751744,0.00022968729816041922
fw22,268436282.0,16.825558784372827,0.02415157381370495,0.023582030659553683,0.00020155298650492703
fw22,268436282.0,17.475846860812297,0.02175099174297886,0.021287957553996987,0.00017683186379635618
fw22,268436282.0,18.1512678072966,0.019587700461293125,0.019211393441124328,0.00015511572259008233
fw22,268436282.0,18.852792979721034,0.017638283261841064,0.017332566543492238,0.00013604410951362222
fw22,268436282.0,19.581431275744873,0.015881660658634184,0.015633376675328017,0.0001192989366275432
fw22,268436282.0,20.0,0.014978499438411074,0.01475745490835392,0.00011086453617625835
fw22,268436282.0,20.338230585736433,0.01429882589999434,0.014097251751530811,0.00010459966317966085
fw22,268436282.0,21.124279299795464,0.012872619633452657,0.012709021237153308,9.169899479422039e-05
fw22,268436282.0,21.940707873020184,0.011587659445226065,0.01145492369052916,8.037905051894167e-05
fw22,268436282.0,22.788690451270018,0.010430031062699865,0.01032236843923798,7.044795165989104e-05
fw22,268436282.0,23.669446559762214,0.009387207041355709,0.00929990688991475,6.173678988474762e-05
fw22,268436282.0,24.58424285693068,0.008447837610214077,0.00837706948753391,5.409693557600903e-05
fw22,268436282.0,25.534394956069427,0.00760175320579528,0.0075444025197549235,4.739765079286862e-05
fw22,268436282.0,26.521269317380394,0.006839759821870935,0.006793295313527366,4.1523974430024424e-05
fw22,268436282.0,27.546285213146692,0.006153554664256121,0.00611592001611474,3.6374850200027176e-05
fw22,268436282.0,28.610916768857496,0.005535678201247022,0.005505203168076067,3.186147091049918e-05
fw22,268436282.0,29.716695083219946,0.004979333494670806,0.004954662577344642,2.790581514078294e-05
fw22,268436282.0,30.865210430107172,0.004478468231069597,0.004458500976089985,2.4439354848748707e-05
fw22,268436282.0,32.05811454560886,0.004027608143773654,0.004011451588686706,2.14019146651534e-05
fw22,268436282.0,33.29712300347371,0.003621790273502217,0.0036087202456168512,1.8740665658656397e-05
fw22,268436282.0,34.584017682359985,0.003256537590981675,0.00324596697750036,1.6409238197567788e-05
fw22,268436282.0,35.920649328442266,0.00292785285300055,0.0029193055558999277,1.4366940202736878e-05
fw22,268436282.0,37.308940217060155,0.002632085058572554,0.0026251753736953177,1.257806858545596e-05
fw22,268436282.0,38.750886917236365,0.0023659845172040927,0.00236039984771,1.1011303025498798e-05
fw22,268436282.0,40.0,0.002163968378832877,0.0021592957311501195,9.851073582867187e-06
fw22,268436282.0,40.24856316304031,0.0021265841796015575,0.002122071416100094,9.639172450781608e-06
fw22,268436282.0,41.80412283592648,0.0019112328781790374,0.0019075870351195291,8.437585676035475e-06
fw22,268436282.0,43.4198030623367,0.0017175136313630922,0.0017145688360153254,7.385418622329887e-06
fw22,268436282.0,45.09792743102108,0.001543308718663875,0.0015409305870540187,6.464151416918362e-06
fw22,268436282.0,46.84090933470462,0.0013866479486483103,0.0013847278186591302,5.657549438042864e-06
fw22,268436282.0,48.65125544090534,0.0012457782661846402,0.0012442282336929324,4.951383060780579e-06
fw22,268436282.0,50.531569296895405,0.0011191198427134342,0.0011178688135426481,4.3331814743030606e-06
fw22,268436282.0,52.48455507398981,0.0010052437392533923,0.0010042342390718215,3.79201647882077e-06
fw22,268436282.0,54.513021456547364,0.0009028775276191125,0.0009020630751400735,3.3183126556535214e-06
fw22,268436282.0,56.61988568127707,0.0008108754004126142,0.0008102184142315525,2.9036807276394683e-06
fw22,268436282.0,58.80817773265887,0.0007281884317905911,0.000727658559245455,2.54077130901198e-06
fw22,268436282.0,60.0,0.0006878767127846919,0.0006874038636745919,2.367451642726337e-06
fw22,268436282.0,61.08104470051255,0.0006538799747365651,0.0006534526951047984,2.2231465698352437e-06
fw22,268436282.0,63.44175530598146,0.0005871036605931161,0.0005867591721352689,1.9451676447346244e-06
fw22,268436282.0,65.89370460244032,0.0005271053244329556,0.0005268276307837111,1.7018958681225271e-06
fw22,268436282.0,68.44041885808748,0.00047320144723405125,0.000472977633533354,1.4890061524885922e-06
fw22,268436282.0,71.08556062724374,0.0004247785728703399,0.00042459821264752816,1.3027110281615961e-06
fw22,268436282.0,73.83293401765056,0.00038127712256295546,0.00038113180572475156,1.1396940421404267e-06
fw22,268436282.0,76.6864901613439,0.0003421980407864136,0.0003420809813448071,9.97051368356594e-07
fw22,268436282.0,79.65033289697007,0.00030711639690676344,0.0003070221053839872,8.722406265038174e-07
fw22,268436282.0,80.0,0.00030330078974423154,0.0003032088262677671,8.588679217824691e-07
fw22,268436282.0,82.72872467171699,0.000275605976366153,0.0002755300386408352,7.630360221444477e-07
fw22,268436282.0,85.92609267134783,0.0002473086463049477,0.000247247499860455,6.674890329350092e-07
fw22,268436282.0,89.24703518715346,0.00022189959651421865,0.00022185036800707135,5.838939598490356e-07
fw22,268436282.0,92.69632822897994,0.0001990888360337868,0.0001990492075587405,5.107577411012088e-07
fw22,268436282.0,96.27893239384197,0.0001786074647177624,0.00017857556978798203,4.4677350918842507e-07
fw22,268436282.0,100.0,0.00016024827473166316,0.00016022259933654647,3.907974224226507e-07
fw26_human,268436282.0,5.0,0.8317972503644145,0.4540880548864992,0.012752241601590275
fw26_human,268436282.0,5.193244124838054,0.7446838397082509,0.42683025013447606,0.011526442435374373
fw26_human,268436282.0,5.393956908032993,0.6674200310106162,0.40027108862671856,0.010402076236502467
fw26_human,268436282.0,5.602427004454396,0.5987957558883658,0.37452923782353104,0.009373439073753986
fw26_human,268436282.0,5.8189542251433695,0.5377586812110954,0.3497029070826457,0.008434695123115898
fw26_human,268436282.0,6.043849968485474,0.48339312342094165,0.32586986941543844,0.00757997090925
fw26_human,268436282.0,6.277437668047968,0.4349026126110691,0.3030885920680595,0.006803436816539055
fw26_human,268436282.0,6.520053257725441,0.39159399155649294,0.281399599259908,0.006099375624003978
fw26_human,268436282.0,6.772045654862771,0.3528628398010473,0.2608267663357059,0.0054622383838673905
fw26_human,268436282.0,7.033777262050233,0.31818220092565175,0.2413795306158878,0.0048866883787958
fw26_human,268436282.0,7.305624488312372,0.28709167704641575,0.22305456725912967,0.00436763417339181
fw26_human,268436282.0,7.5879782904402475,0.2591883501764218,0.20583763353600557,0.0039002529417666576
fw26_human,268436282.0,7.881244735245502,0.2341193435348364,0.18970559432628142,0.003480005326945812
fw26_human,268436282.0,8.18584558354491,0.21157473082797074,0.17462788340211088,0.0031026430907651337
fw26_human,268436282.0,8.502218896715227,0.1912821076082532,0.16056827042613095,0.002764210764003572
fw26_human,268436282.0,8.830819666690687,0.173000948428864,0.14748577028908988,0.0024610424223676652
fw26_human,268436282.0,9.17212047030915,0.15651952502773292,0.13533669051024422,0.0021897546081326436
fw26_human,268436282.0,9.526612148947967,0.14165015341797257,0.12407492172088612,0.0019472363004788829
fw26_human,268436282.0,9.89480451442697,0.1282265919955099,0.11365322613847788,0.0017306367179643622
fw26_human,268436282.0,10.0,0.12472055400444787,0.11089025941634445,0.0016744951006816278
fw26_human,268436282.0,10.277227082193782,0.11610136560262539,0.10402403328297863,0.0015373516199388426
fw26_human,268436282.0,10.674429832845878,0.10514300529480614,0.09513972833475823,0.0013650086640261128
fw26_human,268436282.0,11.086984003084579,0.09523481494577692,0.08695378712051974,0.0012114522764992142
fw26_human,268436282.0,11.515482907238495,0.0862723357595971,0.07942054024534233,0.0010747284027647908
fw26_human,268436282.0,11.960542790537875,0.07816235195825363,0.07249590176867915,0.0009530694266732809
fw26_human,268436282.0,12.42280371536699,0.0708213412884756,0.06613740178474514,0.0008448794797998316
fw26_human,268436282.0,12.902930481769193,0.06417453635560288,0.06030452163925713,0.0007487203046279145
fw26_human,268436282.0,13.40161358352834,0.05815480584565617,0.054958693684881016,0.0006632977878404667
fw26_human,268436282.0,13.919570201201681,0.05270180384615844,0.05006337374326402,0.0005874492407411669
fw26_human,268436282.0,14.457545233532294,0.04776127991626963,0.04558412381882103,0.0005201314721376971
fw26_human,268436282.0,15.016312368724398,0.043284429440510676,0.04148861827040121,0.0004604096738445307
fw26_human,268436282.0,15.596675197122195,0.03922713895498108,0.03774645357551656,0.00040744711931250954
fw26_human,268436282.0,16.199468366892454,0.0355497350677415,0.034329336258693534,0.00036049566091866936
fw26_human,268436282.0,16.825558784372827,0.03221648677661715,0.03121097869422923,0.00031888700034865547
fw26_human,268436282.0,17.475846860812297,0.029194863766655206,0.028366701772886447,0.0002820246985689723
fw26_human,268436282.0,18.1512678072966,0.026455674965597063,0.025773811388868553,0.00024937688653958734
fw26_human,268436282.0,18.852792979721034,0.023972432179747698,0.023411208570056102,0.00022046963450927937
fw26_human,268436282.0,19.581431275744873,0.021721178239993876,0.02125939904408221,0.00019488093606234713
fw26_human,268436282.0,20.0,0.020558242085446803,0.02014411450289924,0.0001819094611460459
fw26_human,268436282.0,20.338230585736433,0.019680276399142806,0.0193004384360958,0.0001722352626419843
fw26_human,268436282.0,21.124279299795464,0.017830049882656306,0.01751770827036586,0.0001521986448056456
fw26_human,268436282.0,21.940707873020184,0.01615278018235272,0.015896015340777832,0.00013447423767987132
fw26_human,268436282.0,22.788690451270018,0.01463228262601201,0.014421266577623168,0.00011879832980454808
fw26_human,268436282.0,23.669446559762214,0.013253988571486968,0.01308061820725996,0.00010493675662115454
fw26_human,268436282.0,24.58424285693068,0.012004674795294245,0.011862272076680398,9.268168213472094e-05
fw26_human,268436282.0,25.534394956069427,0.010872267182501769,0.010755332335711316,8.184871466898613e-05
fw26_human,268436282.0,26.521269317380394,0.009845900772690557,0.009749904183556023,7.227432506839992e-05
fw26_human,268436282.0,27.546285213146692,0.00891578492101791,0.008836996163872958,6.38135381112459e-05
fw26_human,268436282.0,28.610916768857496,0.008072886698559148,0.008008237107733221,5.6337870246947475e-05
fw26_human,268436282.0,29.716695083219946,0.0073090783079163444,0.007256043319091471,4.973348903525299e-05
fw26_human,268436282.0,30.865210430107172,0.006616997533231892,0.006573500695346088,4.389957181050175e-05
fw26_human,268436282.0,32.05811454560886,0.005989944099979186,0.005954278305771894,3.874684311788723e-05
fw26_human,268436282.0,33.29712300347371,0.00542188655738618,0.005392648230436861,3.419627236556089e-05
fw26_human,268436282.0,34.584017682359985,0.004907259884178133,0.004883296280239557,3.0177914886797552e-05
fw26_human,268436282.0,35.920649328442266,0.004441165395959199,0.004421528655895394,2.6629881237694164e-05
fw26_human,268436282.0,37.308940217060155,0.004018995753126887,0.004002908082542989,2.34974210449046e-05
fw26_human,268436282.0,38.750886917236365,0.003636632700617758,0.0036234555237707796,2.073210909114831e-05
fw26_human,268436282.0,40.0,0.003344652564449057,0.00333350315457451,1.866936720262835e-05
fw26_human,268436282.0,40.24856316304031,0.0032904104545123094,0.0032796191613370267,1.8291122567348772e-05
fw26_human,268436282.0,41.80412283592648,0.002976904611165557,0.0029680689530130746,1.6136599565341747e-05
fw26_human,268436282.0,43.4198030623367,0.0026930257545081876,0.0026857928452047775,1.4235069911161524e-05
fw26_human,268436282.0,45.09792743102108,0.002436037810483698,0.0024301179512704676,1.2556950370834485e-05
fw26_human,268436282.0,46.84090933470462,0.0022034069593729745,0.002198562631170835,1.1076097111040184e-05
fw26_human,268436282.0,48.65125544090534,0.0019928058206979586,0.001988842443899305,9.76940904795498e-06
fw26_human,268436282.0,50.531569296895405,0.0018022150645406025,0.001798972928428288,8.61647640837404e-06
fw26_human,268436282.0,52.48455507398981,0.0016297117660285648,0.001627060126995564,7.599269438829381e-06
fw26_human,268436282.0,54.513021456547364,0.0014736022653470367,0.001471433956934789,6.701862751756771e-06
fw26_human,268436282.0,56.61988568127707,0.0013323714844807194,0.001330598632805081,5.910191289371092e-06
fw26_human,268436282.0,58.80817773265887,0.0012045679410074858,0.0012031187027888798,5.211834330220988e-06
fw26_human,268436282.0,60.0,0.001141951836509003,0.0011406492699803361,4.876290886302037e-06
fw26_human,268436282.0,61.08104470051255,0.0010889526193262095,0.0010877680914138448,4.595824360742462e-06
fw26_human,268436282.0,63.44175530598146,0.0009843421266067687,0.000983374150004703,4.052477980742708e-06
fw26_human,268436282.0,65.89370460244032,0.0008897244845941798,0.0008889335786241,3.573246336707747e-06
fw26_human,268436282.0,68.44041885808748,0.0008041425695492165,0.0008034964438542318,3.1505828493871846e-06
fw26_human,268436282.0,71.08556062724374,0.0007267411974863005,0.000726213428269809,2.777826258015814e-06
fw26_human,268436282.0,73.83293401765056,0.0006567472462762354,0.000656316212411048,2.4490972226898222e-06
fw26_human,268436282.0,76.6864901613439,0.0005934506230947078,0.0005930986483322983,2.1592069304743333e-06
fw26_human,268436282.0,79.65033289697007,0.0005362139712817702,0.0005359265999512949,1.9035763214603207e-06
fw26_human,268436282.0,80.0,0.0005299672417733432,0.0005296865252665432,1.876065814032657e-06
fw26_human,268436282.0,82.72872467171699,0.0004844700975633878,0.00048423549994348647,1.678164710638974e-06
fw26_human,268436282.0,85.92609267134783,0.00043768994274687807,0.00043749845407356274,1.479406722570964e-06
fw26_human,268436282.0,89.24703518715346,0.0003953950258006386,0.0003952387503647407,1.3041565765092855e-06
fw26_human,268436282.0,92.69632822897994,0.00035716907506339567,0.00035704155086291474,1.1496388711007555e-06
fw26_human,268436282.0,96.27893239384197,0.00032261320905213955,0.000322509163336007,1.0134051161569957e-06
fw26_human,268436282.0,100.0,0.00029138828638782406,0.000291303403988117,8.93295343806777e-07
paloma,268436282.0,5.0,0.12829198549245024,0.11370459698555457,0.0015767591476038012
paloma,268436282.0,5.193244124838054,0.11411648226671353,0.10242778388354787,0.001356457052903659
paloma,268436282.0,5.393956908032993,0.10150952124322067,0.09215491948599025,0.0011648614085758568
paloma,268436282.0,5.602427004454396,0.09029407649555496,0.08281625888107179,0.0009986845478970885
paloma,268436282.0,5.8189542251433695,0.08031410679827822,0.07434329172679671,0.0008549158627708664
paloma,268436282.0,6.043849968485474,0.07143196868005657,0.06666962604079911,0.0007308211826154709
paloma,268436282.0,6.277437668047968,0.0635260514189099,0.059731542385968096,0.0006239357796578027
paloma,268436282.0,6.520053257725441,0.05648854047089583,0.053468199897102414,0.0005320525958409927
paloma,268436282.0,6.772045654862771,0.050223898450488996,0.04782208681842971,0.00045320711394425395
paloma,268436282.0,7.033777262050233,0.04464741886387518,0.04273922287811927,0.00038566008887264136
paloma,268436282.0,7.305624488312372,0.03968370259731887,0.03816901476687743,0.00032787913913023825
paloma,268436282.0,7.5879782904402475,0.03526576120301293,0.034064452360554213,0.00027851999051908827
paloma,268436282.0,7.881244735245502,0.03133402677248853,0.03038203526605915,0.00023640797497093136
paloma,268436282.0,8.18584558354491,0.027835393177833744,0.027081567109469764,0.00020052022287930793
paloma,268436282.0,8.502218896715227,0.024722627589790762,0.024126165387739967,0.00016996884937348078
paloma,268436282.0,8.830819666690687,0.021953610725281698,0.021482003189656713,0.0001439853231262056
paloma,268436282.0,9.17212047030915,0.019490801958201666,0.019118173426150024,0.0001219061184195569
paloma,268436282.0,9.526612148947967,0.01730071792836115,0.017006493383384672,0.00010315968435625766
paloma,268436282.0,9.89480451442697,0.015353582800792092,0.0151214149049833,8.725471607640145e-05
paloma,268436282.0,10.0,0.01485020556032732,0.014632903929036606,8.326721311335827e-05
paloma,268436282.0,10.277227082193782,0.01362275119284793,0.013439665967260947,7.376967841610238e-05
paloma,268436282.0,10.674429832845878,0.012084492710709561,0.011940201433521763,6.23435096543945e-05
paloma,268436282.0,11.086984003084579,0.010717771479602541,0.010604118955890782,5.2667419277674377e-05
paloma,268436282.0,11.515482907238495,0.009503621962641694,0.009414153407557949,4.4477686788835236e-05
paloma,268436282.0,11.960542790537875,0.008425281982849923,0.008354889681348955,3.75493667339466e-05
paloma,268436282.0,12.42280371536699,0.007467737849710987,0.007412384108348476,3.169080680898162e-05
paloma,268436282.0,12.902930481769193,0.006617724012619234,0.006574217654582319,2.6738890016253514e-05
paloma,268436282.0,13.40161358352834,0.005863264861805897,0.005829087378602539,2.2554917476158565e-05
paloma,268436282.0,13.919570201201681,0.005193786412683589,0.005166950376025577,1.902105500062312e-05
paloma,268436282.0,14.457545233532294,0.004599842076299898,0.004578780409514077,1.6037273413593844e-05
paloma,268436282.0,15.016312368724398,0.0040730290568389066,0.004056506786826897,1.351871952015582e-05
paloma,268436282.0,15.596675197122195,0.0036058471154056908,0.0035928916972432215,1.139346133482988e-05
paloma,268436282.0,16.199468366892454,0.0031916708513092056,0.0031815164978400905,9.600557541511456e-06
paloma,268436282.0,16.825558784372827,0.002824536111676711,0.0028165805781223572,8.088407051021207e-06
paloma,268436282.0,17.475846860812297,0.002499178697857207,0.002492948374385086,6.813339942901564e-06
paloma,268436282.0,18.1512678072966,0.002210898194109294,0.0022060209064710097,5.738415965961252e-06
paloma,268436282.0,18.852792979721034,0.001955522448715903,0.0019517058441244275,4.832401164223121e-06
paloma,268436282.0,19.581431275744873,0.0017293428717550946,0.0017263574078776797,4.068897103137736e-06
paloma,268436282.0,20.0,0.0016146382674810307,0.0016120354134139976,3.696547734133304e-06
paloma,268436282.0,20.338230585736433,0.001529063055953139,0.0015267285916671532,3.425600623385705e-06
paloma,268436282.0,21.124279299795464,0.0013517556428711314,0.0013499308662052525,2.883675080278536e-06
paloma,268436282.0,21.940707873020184,0.0011948064551614455,0.001193380596321496,2.4272166914141025e-06
paloma,268436282.0,22.788690451270018,0.0010559052895950092,0.0010547915296394428,2.0428019212870296e-06
paloma,268436282.0,23.669446559762214,0.0009330088587151223,0.0009321391646169792,1.7191038426123129e-06
paloma,268436282.0,24.58424285693068,0.0008242833053394832,0.0008236044219642541,1.4465671576147088e-06
paloma,268436282.0,25.534394956069427,0.0007281200752686394,0.0007275903021630636,1.2171330547872117e-06
paloma,268436282.0,26.521269317380394,0.0006430554136746937,0.0006426421591551934,1.0240063803568233e-06
paloma,268436282.0,27.546285213146692,0.0005678774258366153,0.0005675551240937245,8.614587030386645e-07
paloma,268436282.0,28.610916768857496,0.000501407987004938,0.000501156703031297,7.246618131118154e-07
paloma,268436282.0,29.716695083219946,0.0004426531763676874,0.0004424573212290382,6.095470082012611e-07
paloma,268436282.0,30.865210430107172,0.00039072770512553245,0.0003905750966143531,5.126862110405028e-07
paloma,268436282.0,32.05811454560886,0.000344839379658504,0.0003447205064529032,4.3119157278059816e-07
paloma,268436282.0,33.29712300347371,0.0003043062490139381,0.0003042136748916331,3.62630709904721e-07
paloma,268436282.0,34.584017682359985,0.00026850592125693374,0.00026843384518003717,3.049551626777003e-07
paloma,268436282.0,35.920649328442266,0.00023687827018311692,0.00023682217215663544,2.564400281013235e-07
paloma,268436282.0,37.308940217060155,0.00020895318807595393,0.0002089095357624369,2.156330380920224e-07
paloma,268436282.0,38.750886917236365,0.00018429686248708682,0.00018426290341211522,1.813116127236114e-07
paloma,268436282.0,40.0,0.0001659053600716208,0.0001658778400488396,1.568272773866397e-07
paloma,268436282.0,40.24856316304031,0.00016252413522543262,0.00016249772542313213,1.524466470836927e-07
paloma,268436282.0,41.80412283592648,0.00014331038606717165,0.00014328985114328482,1.2817198491443804e-07
paloma,268436282.0,43.4198030623367,0.00012635901698616734,0.00012634305240226277,1.077586890829707e-07
paloma,268436282.0,45.09792743102108,0.00011139386739602822,0.00011138146018442206,9.059336059102918e-08
paloma,268436282.0,46.84090933470462,9.819266640993063e-05,9.818302555685502e-05,7.615986974407463e-08
paloma,268436282.0,48.65125544090534,8.654090149692261e-05,8.65334128173678e-05,6.402396812710265e-08
paloma,268436282.0,50.531569296895405,7.6270404585217e-05,7.626458785424583e-05,5.382032652878621e-08
paloma,268436282.0,52.48455507398981,6.720441478745168e-05,6.719989865758862e-05,4.524161989483133e-08
paloma,268436282.0,54.513021456547364,5.921421170067554e-05,5.921070558542006e-05,3.8029334792355485e-08
paloma,268436282.0,56.61988568127707,5.216737093906639e-05,5.216464964643838e-05,3.1966031710517484e-08
paloma,268436282.0,58.80817773265887,4.594921816708985e-05,4.594710693344922e-05,2.6868829716697462e-08
paloma,268436282.0,60.0,4.2962016753360566e-05,4.296017109777013e-05,2.4509247742443563e-08
paloma,268436282.0,61.08104470051255,4.047797059817757e-05,4.047633219839292e-05,2.258392262088904e-08
paloma,268436282.0,63.44175530598146,3.566000643040997e-05,3.5658734839696284e-05,1.8981964333697476e-08
paloma,268436282.0,65.89370460244032,3.1399259589590135e-05,3.1398273707043345e-05,1.5954183751887285e-08
paloma,268436282.0,68.44041885808748,2.7650684081686433e-05,2.7649919542496278e-05,1.3409116705886959e-08
paloma,268436282.0,71.08556062724374,2.4344438331869966e-05,2.4343845694619694e-05,1.126985571531236e-08
paloma,268436282.0,73.83293401765056,2.143014777842134e-05,2.1429688537029147e-05,9.471735729071895e-09
paloma,268436282.0,76.6864901613439,1.886337144108181e-05,1.886301562101165e-05,7.960387904404342e-09
paloma,268436282.0,79.65033289697007,1.6603187292811116e-05,1.660291163155969e-05,6.690101361783718e-09
paloma,268436282.0,80.0,1.6366097442001654e-05,1.6365829597239747e-05,6.557083875868841e-09
paloma,268436282.0,82.72872467171699,1.4616350300418156e-05,1.461613666584461e-05,5.622446952457949e-09
paloma,268436282.0,85.92609267134783,1.2862158462699942e-05,1.2861993029707447e-05,4.725116742321234e-09
paloma,268436282.0,89.24703518715346,1.1318560559601227e-05,1.1318432451238086e-05,3.970951345522167e-09
paloma,268436282.0,92.69632822897994,9.954236046772518e-06,9.954136960943566e-06,3.3371193586262393e-09
paloma,268436282.0,96.27893239384197,8.761615429977543e-06,8.761538664745187e-06,2.8044282451844538e-09
paloma,268436282.0,100.0,7.709120734017028e-06,7.70906130393269e-06,2.356745132381377e-09
fw26,268436282.0,5.0,40.91219630657581,0.9761405965775384,0.05329763718178526
fw26,268436282.0,5.193244124838054,39.65791181015127,0.9754045410726105,0.05185267831178875
fw26,268436282.0,5.393956908032993,38.41328835390848,0.9746278465521431,0.05042898178122557
fw26,268436282.0,5.602427004454396,37.17703091941464,0.9738062396179831,0.04902648143920063
fw26,268436282.0,5.8189542251433695,35.94770041752385,0.9729347161338974,0.047645120920558615
fw26,268436282.0,6.043849968485474,34.72366814929743,0.9720073538971202,0.04628485556892681
fw26,268436282.0,6.277437668047968,33.50302588975135,0.9710170347610864,0.04494565484304991
fw26,268436282.0,6.520053257725441,32.283518025287776,0.9699550991202243,0.04362750538007276
fw26,268436282.0,6.772045654862771,31.06247685093822,0.9688108936608638,0.0423304149712318
fw26,268436282.0,7.033777262050233,29.83663408895353,0.9675710391375618,0.04105441783678809
fw26,268436282.0,7.305624488312372,28.601866539486853,0.9662183464456179,0.03979958180602838
fw26,268436282.0,7.5879782904402475,27.352912295399914,0.9647302545297174,0.038566018389805
fw26,268436282.0,7.881244735245502,26.082737091801373,0.9630761101948324,0.03735389743437523
fw26,268436282.0,8.18584558354491,24.781600830500953,0.9612126490292663,0.03616346942062321
fw26,268436282.0,8.502218896715227,23.43530599169318,0.9590756096797007,0.034995101399783235
fw26,268436282.0,8.830819666690687,22.021480873208983,0.9565623078068909,0.033849339487454944
fw26,268436282.0,9.17212047030915,20.501195667182095,0.9534909585736979,0.032727029838225175
fw26,268436282.0,9.526612148947967,2.9783829681439893,0.7486415943343625,0.031728008159590426
fw26,268436282.0,9.89480451442697,2.730332690974755,0.7319273955324626,0.030944886897554813
fw26,268436282.0,10.0,2.6723250585794522,0.7276929509102811,0.030731089365407027
fw26,268436282.0,10.277227082193782,2.538200374130666,0.7173704442203335,0.030186893858489938
fw26,268436282.0,10.674429832845878,2.3809396193534766,0.7042242356900695,0.029451681409298214
fw26,268436282.0,11.086984003084579,2.2477706357522726,0.6920964833563832,0.0287375649883721
fw26,268436282.0,11.515482907238495,2.132352794499082,0.6807511587595875,0.028043237302236457
fw26,268436282.0,11.960542790537875,2.0306081409353025,0.6700332232027262,0.02736763146083021
fw26,268436282.0,12.42280371536699,1.9397421977952571,0.6598341171719144,0.026709845775335528
fw26,268436282.0,12.902930481769193,1.857753986424005,0.6500748473274529,0.02606909842240679
fw26,268436282.0,13.40161358352834,1.783152794318292,0.6406952568175687,0.025444698209237226
fw26,268436282.0,13.919570201201681,1.7147993034023747,0.6316486457224553,0.02483602472747415
fw26,268436282.0,14.457545233532294,1.6518010316271996,0.6228978011271158,0.024242514322597497
fw26,268436282.0,15.016312368724398,1.5934448028633355,0.6144124606407919,0.02366364984243552
fw26,268436282.0,15.596675197122195,1.5391513044097505,0.60616762054971,0.02309895293953057
fw26,268436282.0,16.199468366892454,1.4884437043372845,0.5981424059314545,0.02254797815645737
fw26,268436282.0,16.825558784372827,1.4409239749283613,0.5903190716829478,0.02201030829066586
fw26,268436282.0,17.475846860812297,1.3962573496839554,0.5826825528018137,0.021485550699512967
fw26,268436282.0,18.1512678072966,1.3541580434063303,0.5752196829771642,0.020973334310436575
fw26,268436282.0,18.852792979721034,1.314381260041602,0.5679190731167497,0.020473307169565635
fw26,268436282.0,19.581431275744873,1.2767147476934058,0.5607706231036962,0.019985134408032512
fw26,268436282.0,20.0,1.2565535156678596,0.556846317600389,0.019717883227857502
fw26,268436282.0,20.338230585736433,1.2409743259908614,0.5537655258241999,0.01950849653693576
fw26,268436282.0,21.124279299795464,1.2069987154811959,0.546895975523045,0.019043088004168984
fw26,268436282.0,21.940707873020184,1.1746449401113404,0.5401548172048717,0.018588615962292665
fw26,268436282.0,22.788690451270018,1.1437870936897743,0.5335357681070594,0.01814479920825529
fw26,268436282.0,23.669446559762214,1.1143128122134665,0.527033088848805,0.017711367264363287
fw26,268436282.0,24.58424285693068,1.0861217249177704,0.5206415867034712,0.017288059576354486
fw26,268436282.0,25.534394956069427,1.0591238132206753,0.514356546420635,0.016874624809321337
fw26,268436282.0,26.521269317380394,1.0332382791832526,0.5081737294451796,0.016470820225991
fw26,268436282.0,27.546285213146692,1.0083909272058873,0.50208896761388,0.016076411134794633
fw26,268436282.0,28.610916768857496,0.9845160243486349,0.4960988030680057,0.01569117039743606
fw26,268436282.0,29.716695083219946,0.9615525946708882,0.49019975160656787,0.015314877987490538
fw26,268436282.0,30.865210430107172,0.9394459879467233,0.4843888377326288,0.014947320593003632
fw26,268436282.0,32.05811454560886,0.9181451146246319,0.4786630102302279,0.014588291257217278
fw26,268436282.0,33.29712300347371,0.897603995399603,0.47301965930493467,0.01423758905249839
fw26,268436282.0,34.584017682359985,0.8777799810294288,0.4674562461509553,0.013895018783304902
fw26,268436282.0,35.920649328442266,0.858634035561537,0.46197046816810466,0.013560390714655646
fw26,268436282.0,37.308940217060155,0.8401297774266683,0.4565600686064375,0.01323352032309022
fw26,268436282.0,38.750886917236365,0.822233844569689,0.4512230123592371,0.012914228067535283
fw26,268436282.0,40.0,0.8077061524014415,0.4468127473751455,0.012652791676801778
fw26,268436282.0,40.24856316304031,0.8049150874125262,0.4459573156798357,0.01260233917784992
fw26,268436282.0,41.80412283592648,0.788144926246487,0.4407612127395568,0.012297683459136066
fw26,268436282.0,43.4198030623367,0.7718964421887744,0.4356329319309836,0.012000095110136666
fw26,268436282.0,45.09792743102108,0.7561445394892972,0.4305707887285809,0.011709412554277043
fw26,268436282.0,46.84090933470462,0.7408663175755318,0.4255733539651229,0.011425478282075963
fw26,268436282.0,48.65125544090534,0.7260397607868584,0.420639070594686,0.011148138703815369
fw26,268436282.0,50.531569296895405,0.7116444321555,0.4157665101386246,0.010877244011489928
fw26,268436282.0,52.48455507398981,0.6976616068648742,0.41095445879421644,0.01061264804917228
fw26,268436282.0,54.513021456547364,0.6840730992864937,0.40620154765034905,0.0103542081910305
fw26,268436282.0,56.61988568127707,0.6708621374085932,0.4015065769872912,0.010101785226319993
fw26,268436282.0,58.80817773265887,0.6580130033378515,0.39686842142562434,0.009855243250746937
fw26,268436282.0,60.0,0.6513557636508419,0.39443696990575483,0.009727132665064309
fw26,268436282.0,61.08104470051255,0.6455108236916856,0.3922859785531456,0.009614449563664751
fw26,268436282.0,63.44175530598146,0.6333415454096981,0.3877581802713739,0.00937927457062493
fw26,268436282.0,65.89370460244032,0.621491782203441,0.3832839543342597,0.009149591690848724
fw26,268436282.0,68.44041885808748,0.6099494516710512,0.3788624860475915,0.00892527726923631
fw26,268436282.0,71.08556062724374,0.5987023004676519,0.3744926746477563,0.008706210492562372
fw26,268436282.0,73.83293401765056,0.5877392988214447,0.37017367980859,0.00849227330954705
fw26,268436282.0,76.6864901613439,0.5770498973975123,0.3659046542216417,0.008283350354515662
fw26,268436282.0,79.65033289697007,0.5666241069978404,0.36168478735060183,0.008079328874393443
fw26,268436282.0,80.0,0.5654363664778238,0.36120047967841423,0.008056072027530337
fw26,268436282.0,82.72872467171699,0.5564522487449813,0.3575132158366356,0.007880098658800905
fw26,268436282.0,85.92609267134783,0.546525331606093,0.3533891882899306,0.00768555197303844
fw26,268436282.0,89.24703518715346,0.5368347533670034,0.34931195575247687,0.00749558349376811
fw26,268436282.0,92.69632822897994,0.5273723546549898,0.3452808040211748,0.007310090247215961
fw26,268436282.0,96.27893239384197,0.5181302499044368,0.34129499095156823,0.007128971549735796
fw26,268436282.0,100.0,0.5091011467263352,0.3373538929651725,0.006952128950588055
fw26_ai,268436282.0,5.0,64.0,0.9846153846153847,0.325077865120173
fw26_ai,268436282.0,5.193244124838054,64.0,0.9846153846153847,0.3239959970540809
fw26_ai,268436282.0,5.393956908032993,64.0,0.9846153846153847,0.3229040170184062
fw26_ai,268436282.0,5.602427004454396,64.0,0.9846153846153847,0.3218017091847495
fw26_ai,268436282.0,5.8189542251433695,64.0,0.9846153846153847,0.3206888525166651
fw26_ai,268436282.0,6.043849968485474,64.0,0.9846153846153847,0.3195652206444378
fw26_ai,268436282.0,6.277437668047968,64.0,0.9846153846153847,0.3184305817369186
fw26_ai,268436282.0,6.520053257725441,64.0,0.9846153846153847,0.3172846983703581
fw26_ai,268436282.0,6.772045654862771,64.0,0.9846153846153847,0.3161273273941757
fw26_ai,268436282.0,7.033777262050233,64.0,0.9846153846153847,0.31495821979360394
fw26_ai,268436282.0,7.305624488312372,64.0,0.9846153846153847,0.31377712054914497
fw26_ai,268436282.0,7.5879782904402475,64.0,0.9846153846153847,0.31258376849277525
fw26_ai,268436282.0,7.881244735245502,64.0,0.9846153846153847,0.3113778961608361
fw26_ai,268436282.0,8.18584558354491,64.0,0.9846153846153847,0.31015922964354325
fw26_ai,268436282.0,8.502218896715227,64.0,0.9846153846153847,0.30892748843105267
fw26_ai,268436282.0,8.830819666690687,64.0,0.9846153846153847,0.307682385256013
fw26_ai,268436282.0,9.17212047030915,64.0,0.9846153846153847,0.30642362593254246
fw26_ai,268436282.0,9.526612148947967,64.0,0.9846153846153847,0.3051509091915565
fw26_ai,268436282.0,9.89480451442697,64.0,0.9846153846153847,0.30386392651238325
fw26_ai,268436282.0,10.0,64.0,0.9846153846153847,0.30350242767263114
fw26_ai,268436282.0,10.277227082193782,64.0,0.9846153846153847,0.3025623619505916
fw26_ai,268436282.0,10.674429832845878,64.0,0.9846153846153847,0.30124589196196616
fw26_ai,268436282.0,11.086984003084579,64.0,0.9846153846153847,0.2999141852225522
fw26_ai,268436282.0,11.515482907238495,64.0,0.9846153846153847,0.2985669024447002
fw26_ai,268436282.0,11.960542790537875,64.0,0.9846153846153847,0.2972036961890351
fw26_ai,268436282.0,12.42280371536699,64.0,0.9846153846153847,0.2958242106722696
fw26_ai,268436282.0,12.902930481769193,64.0,0.9846153846153847,0.2944280815707896
fw26_ai,268436282.0,13.40161358352834,64.0,0.9846153846153847,0.2930149358199231
fw26_ai,268436282.0,13.919570201201681,64.0,0.9846153846153847,0.2915843914088153
fw26_ai,268436282.0,14.457545233532294,64.0,0.9846153846153847,0.29013605717082147
fw26_ai,268436282.0,15.016312368724398,64.0,0.9846153846153847,0.2886695325693258
fw26_ai,268436282.0,15.596675197122195,64.0,0.9846153846153847,0.2871844074788992
fw26_ai,268436282.0,16.199468366892454,64.0,0.9846153846153847,0.2856802619616916
fw26_ai,268436282.0,16.825558784372827,64.0,0.9846153846153847,0.2841566660389627
fw26_ai,268436282.0,17.475846860812297,64.0,0.9846153846153847,0.28261317945764064
fw26_ai,268436282.0,18.1512678072966,64.0,0.9846153846153847,0.2810493514517983
fw26_ai,268436282.0,18.852792979721034,64.0,0.9846153846153847,0.27946472049892446
fw26_ai,268436282.0,19.581431275744873,64.0,0.9846153846153847,0.2778588140708651
fw26_ai,268436282.0,20.0,64.0,0.9846153846153847,0.27695368609686677
fw26_ai,268436282.0,20.338230585736433,64.0,0.9846153846153847,0.2762311483792992
fw26_ai,268436282.0,21.124279299795464,64.0,0.9846153846153847,0.2745812281156019
fw26_ai,268436282.0,21.940707873020184,64.0,0.9846153846153847,0.27290854618494287
fw26_ai,268436282.0,22.788690451270018,64.0,0.9846153846153847,0.27121258343445065
fw26_ai,268436282.0,23.669446559762214,64.0,0.9846153846153847,0.2694928083752631
fw26_ai,268436282.0,24.58424285693068,64.0,0.9846153846153847,0.26774867689827253
fw26_ai,268436282.0,25.534394956069427,64.0,0.9846153846153847,0.26597963198335206
fw26_ai,268436282.0,26.521269317380394,64.0,0.9846153846153847,0.2641851034018391
fw26_ai,268436282.0,27.546285213146692,64.0,0.9846153846153847,0.26236450741202844
fw26_ai,268436282.0,28.610916768857496,64.0,0.9846153846153847,0.26051724644740926
fw26_ai,268436282.0,29.716695083219946,64.0,0.9846153846153847,0.2586427087973563
fw26_ai,268436282.0,30.865210430107172,64.0,0.9846153846153847,0.2567402682799603
fw26_ai,268436282.0,32.05811454560886,64.0,0.9846153846153847,0.25480928390666113
fw26_ai,268436282.0,33.29712300347371,64.0,0.9846153846153847,0.25284909953830925
fw26_ai,268436282.0,34.584017682359985,64.0,0.9846153846153847,0.25085904353225885
fw26_ai,268436282.0,35.920649328442266,62.59375003428949,0.984275184283663,0.2488417550380656
fw26_ai,268436282.0,37.308940217060155,60.02265632660415,0.9836126438900361,0.24681436070862905
fw26_ai,268436282.0,38.750886917236365,57.53042771370463,0.9829148694266956,0.2447795872944606
fw26_ai,268436282.0,40.0,55.50438559373496,0.9823022586743979,0.24307173481842836
fw26_ai,268436282.0,40.24856316304031,55.114945942470655,0.9821794357420356,0.24273768721696254
fw26_ai,268436282.0,41.80412283592648,52.77415028525192,0.9814037042948076,0.24068893904955924
fw26_ai,268436282.0,43.4198030623367,50.50606385270455,0.9805848103077772,0.23863364926717645
fw26_ai,268436282.0,45.09792743102108,48.30875808317491,0.9797196271235795,0.23657215410165755
fw26_ai,268436282.0,46.84090933470462,46.18034327918811,0.9788047324267538,0.23450482150662944
fw26_ai,268436282.0,48.65125544090534,44.1190541872783,0.977836414835975,0.23243205323433658
fw26_ai,268436282.0,50.531569296895405,42.12310424243434,0.9768105748051419,0.2303542870254971
fw26_ai,268436282.0,52.48455507398981,40.19083745222442,0.9757227562765661,0.2282719989112103
fw26_ai,268436282.0,54.513021456547364,38.32063259682701,0.9745680592107082,0.2261857056231359
fw26_ai,268436282.0,56.61988568127707,36.51093620890819,0.9733411079256796,0.22409596710438373
fw26_ai,268436282.0,58.80817773265887,34.760271996423796,0.9720360068821623,0.22200338910851802
fw26_ai,268436282.0,60.0,33.85738713046325,0.9713116764530506,0.22089528860877383
fw26_ai,268436282.0,61.08104470051255,33.06720201307663,0.9706462538480222,0.21990862586743265
fw26_ai,268436282.0,63.44175530598146,31.43039591684393,0.96916473044103,0.2178123828002042
fw26_ai,268436282.0,65.89370460244032,29.848569088302895,0.9675835855745031,0.21571541922384507
fw26_ai,268436282.0,68.44041885808748,28.32051859544542,0.9658941912386455,0.21361855101261806
fw26_ai,268436282.0,71.08556062724374,26.84512149379064,0.9640870663745175,0.21152265313454133
fw26_ai,268436282.0,73.83293401765056,25.4213335572811,0.9621517968488603,0.20942866197125354
fw26_ai,268436282.0,76.6864901613439,24.04820794631903,0.9600769842639798,0.20733757729982616
fw26_ai,268436282.0,79.65033289697007,22.724858130066778,0.9578501167628611,0.2052504637819238
fw26_ai,268436282.0,80.0,22.57516560248052,0.9575824824791567,0.2050096766703572
fw26_ai,268436282.0,82.72872467171699,21.450525576723162,0.9554576129372755,0.2031684517667255
fw26_ai,268436282.0,85.92609267134783,20.224529409957306,0.9528847033220507,0.20109273716977083
fw26_ai,268436282.0,89.24703518715346,19.046280023904124,0.9501154329477812,0.1990245801419639
fw26_ai,268436282.0,92.69632822897994,17.915308288832044,0.9471327675589396,0.19696530219475505
fw26_ai,268436282.0,96.27893239384197,16.831228475029786,0.9439186143904575,0.19491628140480255
fw26_ai,268436282.0,100.0,15.793747572221552,0.940454029352323,0.19287894529332938
cosmopedia,268436282.0,5.0,64.0,0.9846153846153847,0.25869422449091484
cosmopedia,268436282.0,5.193244124838054,64.0,0.9846153846153847,0.2572267390315969
cosmopedia,268436282.0,5.393956908032993,64.0,0.9846153846153847,0.2557559704490232
cosmopedia,268436282.0,5.602427004454396,64.0,0.9846153846153847,0.25428183824255435
cosmopedia,268436282.0,5.8189542251433695,64.0,0.9846153846153847,0.25280425965633646
cosmopedia,268436282.0,6.043849968485474,64.0,0.9846153846153847,0.2513231496351833
cosmopedia,268436282.0,6.277437668047968,64.0,0.9846153846153847,0.2498384207797204
cosmopedia,268436282.0,6.520053257725441,64.0,0.9846153846153847,0.24834998330079117
cosmopedia,268436282.0,6.772045654862771,64.0,0.9846153846153847,0.24685774497311808
cosmopedia,268436282.0,7.033777262050233,64.0,0.9846153846153847,0.24536161108821442
cosmopedia,268436282.0,7.305624488312372,64.0,0.9846153846153847,0.24386148440654076
cosmopedia,268436282.0,7.5879782904402475,64.0,0.9846153846153847,0.24235726510890176
cosmopedia,268436282.0,7.881244735245502,64.0,0.9846153846153847,0.24084885074707962
cosmopedia,268436282.0,8.18584558354491,64.0,0.9846153846153847,0.2393361361936992
cosmopedia,268436282.0,8.502218896715227,64.0,0.9846153846153847,0.23781901359131818
cosmopedia,268436282.0,8.830819666690687,64.0,0.9846153846153847,0.23629737230073955
cosmopedia,268436282.0,9.17212047030915,64.0,0.9846153846153847,0.23477109884854053
cosmopedia,268436282.0,9.526612148947967,64.0,0.9846153846153847,0.233240076873811
cosmopedia,268436282.0,9.89480451442697,64.0,0.9846153846153847,0.23170418707409757
cosmopedia,268436282.0,10.0,64.0,0.9846153846153847,0.23127497535592068
cosmopedia,268436282.0,10.277227082193782,64.0,0.9846153846153847,0.23016330715054367
cosmopedia,268436282.0,10.674429832845878,64.0,0.9846153846153847,0.22861731175222166
cosmopedia,268436282.0,11.086984003084579,64.0,0.9846153846153847,0.22706607241964383
cosmopedia,268436282.0,11.515482907238495,64.0,0.9846153846153847,0.2255094575274461
cosmopedia,268436282.0,11.960542790537875,64.0,0.9846153846153847,0.2239473322262333
cosmopedia,268436282.0,12.42280371536699,64.0,0.9846153846153847,0.22237955838356827
cosmopedia,268436282.0,12.902930481769193,64.0,0.9846153846153847,0.22080599452409777
cosmopedia,268436282.0,13.40161358352834,64.0,0.9846153846153847,0.21922649576879183
cosmopedia,268436282.0,13.919570201201681,64.0,0.9846153846153847,0.2176409137732782
cosmopedia,268436282.0,14.457545233532294,64.0,0.9846153846153847,0.21604909666525474
cosmopedia,268436282.0,15.016312368724398,64.0,0.9846153846153847,0.2144508889809459
cosmopedia,268436282.0,15.596675197122195,64.0,0.9846153846153847,0.2128461316005814
cosmopedia,268436282.0,16.199468366892454,64.0,0.9846153846153847,0.21123466168286076
cosmopedia,268436282.0,16.825558784372827,64.0,0.9846153846153847,0.2096163125983651
cosmopedia,268436282.0,17.475846860812297,64.0,0.9846153846153847,0.2079909138618775
cosmopedia,268436282.0,18.1512678072966,64.0,0.9846153846153847,0.2063582910635604
cosmopedia,268436282.0,18.852792979721034,64.0,0.9846153846153847,0.20471826579893748
cosmopedia,268436282.0,19.581431275744873,64.0,0.9846153846153847,0.20307065559762028
cosmopedia,268436282.0,20.0,64.0,0.9846153846153847,0.20214832431880203
cosmopedia,268436282.0,20.338230585736433,64.0,0.9846153846153847,0.201415273850713
cosmopedia,268436282.0,21.124279299795464,64.0,0.9846153846153847,0.19975192973681744
cosmopedia,268436282.0,21.940707873020184,64.0,0.9846153846153847,0.19808042814655658
cosmopedia,268436282.0,22.788690451270018,64.0,0.9846153846153847,0.19640056960552854
cosmopedia,268436282.0,23.669446559762214,64.0,0.9846153846153847,0.19471215019558108
cosmopedia,268436282.0,24.58424285693068,64.0,0.9846153846153847,0.1930149614743042
cosmopedia,268436282.0,25.534394956069427,64.0,0.9846153846153847,0.19130879039261206
cosmopedia,268436282.0,26.521269317380394,64.0,0.9846153846153847,0.18959341921028505
cosmopedia,268436282.0,27.546285213146692,62.143228445477746,0.9841629890548997,0.18787232531996634
cosmopedia,268436282.0,28.610916768857496,59.94903419876929,0.9835928491214683,0.18615246578571054
cosmopedia,268436282.0,29.716695083219946,57.81559275452338,0.982997705996543,0.18443409711612468
cosmopedia,268436282.0,30.865210430107172,55.74137878300743,0.9823761772898709,0.1827173173269201
cosmopedia,268436282.0,32.05811454560886,53.72489319424499,0.9817267802341703,0.18100223153624628
cosmopedia,268436282.0,33.29712300347371,51.76471258324968,0.981047939976509,0.1792889523709339
cosmopedia,268436282.0,34.584017682359985,49.85939479028882,0.9803379492791184,0.17757760039449322
cosmopedia,268436282.0,35.920649328442266,48.00756680064713,0.9795949877685665,0.17586830455791214
cosmopedia,268436282.0,37.308940217060155,46.20790296443777,0.9788171060944327,0.17416120267426682
cosmopedia,268436282.0,38.750886917236365,44.45907936094733,0.9780021941918368,0.17245644191813048
cosmopedia,268436282.0,40.0,43.03409090356921,0.9772903225777975,0.17103208929169333
cosmopedia,268436282.0,40.24856316304031,42.75982893980798,0.9771479911090258,0.17075417935068948
cosmopedia,268436282.0,41.80412283592648,41.10891612722097,0.9762520603242609,0.1690545824713593
cosmopedia,268436282.0,43.4198030623367,39.505150313704895,0.9753117815325907,0.1673578297965409
cosmopedia,268436282.0,45.09792743102108,37.94734865045923,0.9743243112907454,0.16566411146591853
cosmopedia,268436282.0,46.84090933470462,36.43439490787199,0.973286599063213,0.16397362987638775
cosmopedia,268436282.0,48.65125544090534,34.9651962107828,0.9721953414590245,0.1622866003432899
cosmopedia,268436282.0,50.531569296895405,33.53867613792925,0.9710469504966974,0.16060325178805657
cosmopedia,268436282.0,52.48455507398981,32.15383279152273,0.9698375748502992,0.15892382745066203
cosmopedia,268436282.0,54.513021456547364,30.809665833679436,0.9685630146123314,0.15724858562432864
cosmopedia,268436282.0,56.61988568127707,29.505212226649558,0.967218716835335,0.1555778004087448
cosmopedia,268436282.0,58.80817773265887,28.23956315966696,0.9657997626524257,0.15391176247652094
cosmopedia,268436282.0,60.0,27.585313776464513,0.9650170011139306,0.1530322944978677
cosmopedia,268436282.0,61.08104470051255,27.011850867312425,0.9643008237928712,0.15225077984570656
cosmopedia,268436282.0,63.44175530598146,25.821210954049032,0.9627160756569406,0.15059517864877292
cosmopedia,268436282.0,65.89370460244032,24.66686567816219,0.9610392631286173,0.14894530388549987
cosmopedia,268436282.0,68.44041885808748,23.548048047251026,0.959263563519382,0.1473015201435247
cosmopedia,268436282.0,71.08556062724374,22.464036739398857,0.9573815873582876,0.14566421226583637
cosmopedia,268436282.0,73.83293401765056,21.414157389619618,0.9553853404963099,0.14403378593909322
cosmopedia,268436282.0,76.6864901613439,20.397779269964513,0.9532661783550748,0.1424106681701962
cosmopedia,268436282.0,79.65033289697007,19.414336421853346,0.9510148172668738,0.1407953076110121
cosmopedia,268436282.0,80.0,19.3028246248585,0.9507457696908038,0.1406092296053144
cosmopedia,268436282.0,82.72872467171699,18.463279059348686,0.9486211959993619,0.1391881746824748
cosmopedia,268436282.0,85.92609267134783,17.54414542469097,0.9460746247886662,0.13758976143961188
cosmopedia,268436282.0,89.24703518715346,16.65649575446312,0.9433636201709377,0.136000581108624
cosmopedia,268436282.0,92.69632822897994,15.799954494129523,0.9404760292446367,0.13442116721652775
cosmopedia,268436282.0,96.27893239384197,14.974213925420235,0.9373991105497422,0.13285207222392958
cosmopedia,268436282.0,100.0,14.178994778513772,0.9341194845514063,0.13129386556364064
