law,target,fold,depth,cutoff,runs,ai_runs,human_runs,paired_rmse,paired_human_rmse,absolute_ai_rmse,absolute_all_rmse
chinchilla_5,c4,all,,,74,51,12,0.0043248353939547715,0.001316663376246096,0.02693429960061621,0.027897867983657853
chinchilla_5,c4,all,,1.0,66,43,12,0.00292934643612823,0.001316663376246096,0.027928972052509764,0.02863999037340269
chinchilla_5,c4,all,20,,62,42,12,0.004648114534105756,0.001316663376246096,0.027614411246426978,0.028587065105030972
chinchilla_5,c4,all,20,1.0,55,35,12,0.0031545556521242186,0.001316663376246096,0.028659228136464744,0.02935290470792152
chinchilla_5,c4,all,26,,12,9,0,0.002273166516217296,,0.02350163466493859,0.024024082973638512
chinchilla_5,c4,all,26,1.0,11,8,0,0.0016083098916505503,,0.02447928748936748,0.024769521948757638
muennighoff_7,c4,all,,,74,51,12,0.003960846743252691,0.0010292097685743982,0.02170389807273364,0.022895071930451098
muennighoff_7,c4,all,,1.0,66,43,12,0.002472555642769098,0.0010292097685743982,0.022481860235163287,0.023516365841860884
muennighoff_7,c4,all,20,,62,42,12,0.004200156319027041,0.0010292097685743982,0.02304026657889063,0.02399381642261758
muennighoff_7,c4,all,20,1.0,55,35,12,0.002599907593444123,0.0010292097685743982,0.023914641017549115,0.02464828551670405
muennighoff_7,c4,all,26,,12,9,0,0.0025640355068019738,,0.013857030466019347,0.01606248097134614
muennighoff_7,c4,all,26,1.0,11,8,0,0.0018131005273303838,,0.014649282317311706,0.016745951148998264
cd_8,c4,all,,,74,51,12,0.0036801581542729627,0.0006387169746835532,0.012507437577885689,0.013169478957809398
cd_8,c4,all,,1.0,66,43,12,0.0022218957770189143,0.0006387169746835532,0.013228283139865474,0.013696067069914249
cd_8,c4,all,20,,62,42,12,0.003916663240328071,0.0006387169746835532,0.012471926266437535,0.013193497276175368
cd_8,c4,all,20,1.0,55,35,12,0.002339837272503123,0.0006387169746835532,0.0132117583762267,0.013730161133030177
cd_8,c4,all,26,,12,9,0,0.002271348758919079,,0.012671841274569589,0.013044679829193285
cd_8,c4,all,26,1.0,11,8,0,0.0016071694888204434,,0.013300337584580513,0.013524307575867768
lovelace_eq8_9,c4,all,,,74,51,12,0.003554879334378006,0.0008190835689010985,0.01834892627622838,0.018723250248673117
lovelace_eq8_9,c4,all,,1.0,66,43,12,0.0035045223887013393,0.0008190835689010985,0.01893467864793878,0.01914342117678805
lovelace_eq8_9,c4,all,20,,62,42,12,0.0037639080645580874,0.0008190835689010985,0.01839137578173557,0.018843849571106443
lovelace_eq8_9,c4,all,20,1.0,55,35,12,0.0036991349927537223,0.0008190835689010985,0.018950281677326198,0.01924879639613206
lovelace_eq8_9,c4,all,26,,12,9,0,0.002344766195562449,,0.01814951587332067,0.018087348381954065
lovelace_eq8_9,c4,all,26,1.0,11,8,0,0.0024795697490582096,,0.01886626366951171,0.01860759609978273
atlas_no_repeat,c4,all,,,74,51,12,0.004361365112968117,0.000703011978747612,0.01364573441256659,0.014557770226984063
atlas_no_repeat,c4,all,,1.0,66,43,12,0.002958617020944081,0.000703011978747612,0.014468325727891758,0.015169500774285758
atlas_no_repeat,c4,all,20,,62,42,12,0.0046864560977092785,0.000703011978747612,0.013589966806715436,0.014596677044180058
atlas_no_repeat,c4,all,20,1.0,55,35,12,0.003186237029168606,0.000703011978747612,0.014440985543967291,0.015226779471651524
atlas_no_repeat,c4,all,26,,12,9,0,0.0023011160658740564,,0.013903025820355143,0.014355071894784941
atlas_no_repeat,c4,all,26,1.0,11,8,0,0.001623002883665021,,0.014587336550080755,0.014879800302920592
he_human_share,c4,all,,,74,51,12,0.0065412291226332915,0.0006621904431414586,0.015996864537148794,0.015735899844494524
he_human_share,c4,all,,1.0,66,43,12,0.004775787936661033,0.0006621904431414586,0.01589855334813967,0.015638792463848573
he_human_share,c4,all,20,,62,42,12,0.006621188756964844,0.0006621904431414586,0.014934961628812218,0.014995243793957317
he_human_share,c4,all,20,1.0,55,35,12,0.004760926264938401,0.0006621904431414586,0.014838464199742085,0.01494184255442499
he_human_share,c4,all,26,,12,9,0,0.006154363373963578,,0.02022829183248717,0.019110680675318466
he_human_share,c4,all,26,1.0,11,8,0,0.004840271252469253,,0.019882628237329093,0.01873866814258244
hamidieh_first_order,c4,all,,,74,51,12,0.003952237844295271,0.0007290365823442652,0.015253636613377414,0.01573759798131799
hamidieh_first_order,c4,all,,1.0,66,43,12,0.002746354783701774,0.0007290365823442652,0.016149668756632936,0.016365285594366286
hamidieh_first_order,c4,all,20,,62,42,12,0.0041853333337889325,0.0007290365823442652,0.015318731527003996,0.015813659707878118
hamidieh_first_order,c4,all,20,1.0,55,35,12,0.0028194444192557407,0.0007290365823442652,0.016292529104644723,0.01648096027374213
hamidieh_first_order,c4,all,26,,12,9,0,0.002601596690176281,,0.014946112209205536,0.015338604913447478
hamidieh_first_order,c4,all,26,1.0,11,8,0,0.002400563437711489,,0.015509189932529489,0.015774193411636123
shukor_additive,c4,all,,,74,51,12,0.006767057655613793,0.0006503099095197624,0.015794504439297162,0.015406132818756548
shukor_additive,c4,all,,1.0,66,43,12,0.004341213768148547,0.0006503099095197624,0.015357988173150617,0.015067198589617341
shukor_additive,c4,all,20,,62,42,12,0.006793857340781503,0.0006503099095197624,0.014755727159410512,0.014662074546301628
shukor_additive,c4,all,20,1.0,55,35,12,0.004268374143591281,0.0006503099095197624,0.014331400626267064,0.014379551686542012
shukor_additive,c4,all,26,,12,9,0,0.006640562536621705,,0.019938969566898484,0.01878670195394743
shukor_additive,c4,all,26,1.0,11,8,0,0.004646480739953041,,0.01921489947402598,0.018118093346269494
shukor_joint,c4,all,,,74,51,12,0.0014589087856164296,0.0007171718444306947,0.015656349321654724,0.016162641012054373
shukor_joint,c4,all,,1.0,66,43,12,0.0009584627881781226,0.0007171718444306947,0.016112568733210642,0.016511403705967705
shukor_joint,c4,all,20,,62,42,12,0.0014847973868612793,0.0007171718444306947,0.01634695903130108,0.01672160908946493
shukor_joint,c4,all,20,1.0,55,35,12,0.0010268638395034063,0.0007171718444306947,0.016824089603922482,0.017066361286875654
shukor_joint,c4,all,26,,12,9,0,0.0013314561502741423,,0.011915517689047719,0.01289423100434775
shukor_joint,c4,all,26,1.0,11,8,0,0.0005696777961120927,,0.012533404245337547,0.013396091824775795
sedova_ai_share_coupled,c4,all,,,74,51,12,0.009604419794919541,0.0005631389504821097,0.01732105414327586,0.015163945948659528
sedova_ai_share_coupled,c4,all,,1.0,66,43,12,0.007543953082051743,0.0005631389504821097,0.01601885400215812,0.01389840989503284
sedova_ai_share_coupled,c4,all,20,,62,42,12,0.009146899685491674,0.0005631389504821097,0.01543509154421814,0.013437358634869773
sedova_ai_share_coupled,c4,all,20,1.0,55,35,12,0.006943779704331815,0.0005631389504821097,0.013771182906675344,0.011928809474024688
sedova_ai_share_coupled,c4,all,26,,12,9,0,0.01150133498279587,,0.024255122270601413,0.02202473488152097
sedova_ai_share_coupled,c4,all,26,1.0,11,8,0,0.009744358163190822,,0.02344239386135434,0.021154486718523217
jain_token_weighted,c4,all,,,74,51,12,0.008001328549093516,0.0007113117511113528,0.018208085829890103,0.01754171187193464
jain_token_weighted,c4,all,,1.0,66,43,12,0.003513497639181185,0.0007113117511113528,0.01695659521209762,0.016617821686309778
jain_token_weighted,c4,all,20,,62,42,12,0.008055785392818354,0.0007113117511113528,0.017150693922739355,0.016742972143933506
jain_token_weighted,c4,all,20,1.0,55,35,12,0.00340180053101183,0.0007113117511113528,0.015902375113953805,0.015884314858676238
jain_token_weighted,c4,all,26,,12,9,0,0.007742133625539407,,0.022494713412756336,0.02119430209252971
jain_token_weighted,c4,all,26,1.0,11,8,0,0.003965349662311206,,0.020954204565452588,0.01988352818138953
ours_logshare_11,c4,all,,,74,51,12,0.0008294850692260867,0.0006403155702156476,0.014090184168397026,0.014225270495371067
ours_logshare_11,c4,all,,1.0,66,43,12,0.0006432137253016409,0.0006403155702156476,0.014421961028216659,0.014456316235224944
ours_logshare_11,c4,all,20,,62,42,12,0.0008939238691349946,0.0006403155702156476,0.014169169205277712,0.014302989450599301
ours_logshare_11,c4,all,20,1.0,55,35,12,0.0006822081831962986,0.0006403155702156476,0.014489355588674747,0.014522387973786681
ours_logshare_11,c4,all,26,,12,9,0,0.00041205775802395975,,0.013715574416696545,0.013816759995967199
ours_logshare_11,c4,all,26,1.0,11,8,0,0.0004331349909678889,,0.014123329049603981,0.014121321193537447
chinchilla_5,fw22,all,,,74,51,12,0.00464570286527341,0.001337425526506308,0.02840710364686984,0.029466313883162818
chinchilla_5,fw22,all,,1.0,66,43,12,0.003177987879860271,0.001337425526506308,0.02946216239396005,0.030256776732489738
chinchilla_5,fw22,all,20,,62,42,12,0.005000108369355276,0.001337425526506308,0.029186684948184896,0.030241292288469772
chinchilla_5,fw22,all,20,1.0,55,35,12,0.0034278065539957493,0.001337425526506308,0.030299246345649088,0.031058461094886327
chinchilla_5,fw22,all,26,,12,9,0,0.0023726402337768005,,0.024442476985524337,0.025083682130298823
chinchilla_5,fw22,all,26,1.0,11,8,0,0.0016969854694649,,0.025478584234866833,0.025878469845134908
muennighoff_7,fw22,all,,,74,51,12,0.004206947774666445,0.0009996578714901755,0.022240829602598697,0.023527691665827542
muennighoff_7,fw22,all,,1.0,66,43,12,0.0026270399665278502,0.0009996578714901755,0.023051527518865588,0.024178792481824557
muennighoff_7,fw22,all,20,,62,42,12,0.004455084004034526,0.0009996578714901755,0.023656400577468033,0.024681824816888877
muennighoff_7,fw22,all,20,1.0,55,35,12,0.0027554260192978563,0.0009996578714901755,0.024572224003502386,0.0253694405137687
muennighoff_7,fw22,all,26,,12,9,0,0.002769123451987768,,0.01383681668663113,0.01631189450719905
muennighoff_7,fw22,all,26,1.0,11,8,0,0.001969280871687772,,0.014646837816740917,0.017018856464714977
cd_8,fw22,all,,,74,51,12,0.0036276629235290478,0.0006023295619800088,0.012855184511657134,0.013530332780314765
cd_8,fw22,all,,1.0,66,43,12,0.0021245985900233016,0.0006023295619800088,0.013550490676931098,0.014042472407449595
cd_8,fw22,all,20,,62,42,12,0.0038442679789228796,0.0006023295619800088,0.012961039405034023,0.013659776361404561
cd_8,fw22,all,20,1.0,55,35,12,0.0022112843463839233,0.0006023295619800088,0.013676638107928046,0.014180520992842094
cd_8,fw22,all,26,,12,9,0,0.002367938819726217,,0.01234920342457918,0.01284077030953258
cd_8,fw22,all,26,1.0,11,8,0,0.001693970119853685,,0.012984193508106387,0.01333080304189223
lovelace_eq8_9,fw22,all,,,74,51,12,0.0037383914714413462,0.0007821585161072495,0.018566935158435577,0.019026661055894956
lovelace_eq8_9,fw22,all,,1.0,66,43,12,0.0036888274546580517,0.0007821585161072495,0.01917345487857953,0.019468489437434143
lovelace_eq8_9,fw22,all,20,,62,42,12,0.003952551117462793,0.0007821585161072495,0.01870346227551541,0.01922190385558724
lovelace_eq8_9,fw22,all,20,1.0,55,35,12,0.0038889633053365634,0.0007821585161072495,0.019286272009646208,0.01964875637095228
lovelace_eq8_9,fw22,all,26,,12,9,0,0.0025078183604800458,,0.01791605764610413,0.017984171382042394
lovelace_eq8_9,fw22,all,26,1.0,11,8,0,0.0026405259400680255,,0.018671866919672202,0.018540883237529993
atlas_no_repeat,fw22,all,,,74,51,12,0.0047178541126439285,0.0006790175364356814,0.014083273406710409,0.01512876470934316
atlas_no_repeat,fw22,all,,1.0,66,43,12,0.0032366762376077277,0.0006790175364356814,0.014951847970330612,0.015780117957038965
atlas_no_repeat,fw22,all,20,,62,42,12,0.005078004712583165,0.0006790175364356814,0.014157215505608707,0.015273169786281833
atlas_no_repeat,fw22,all,20,1.0,55,35,12,0.0034926424462038658,0.0006790175364356814,0.015067216035231968,0.015949085912863536
atlas_no_repeat,fw22,all,26,,12,9,0,0.002407118625038049,,0.013732947185597068,0.01435955619901673
atlas_no_repeat,fw22,all,26,1.0,11,8,0,0.0017147101755541668,,0.01443627642203197,0.014906576707912216
he_human_share,fw22,all,,,74,51,12,0.006545832855065751,0.0006300303561126732,0.01598385799849543,0.015894736415919777
he_human_share,fw22,all,,1.0,66,43,12,0.0048328738812061555,0.0006300303561126732,0.016009720001976604,0.0159008600049052
he_human_share,fw22,all,20,,62,42,12,0.006661878553415604,0.0006300303561126732,0.015077536125894155,0.015291024576940697
he_human_share,fw22,all,20,1.0,55,35,12,0.004850396065616842,0.0006300303561126732,0.015118930381744564,0.01534392433014201
he_human_share,fw22,all,26,,12,9,0,0.005974557444792246,,0.01966870476998185,0.01870605731252677
he_human_share,fw22,all,26,1.0,11,8,0,0.004755455264133797,,0.01943259770723957,0.018434858939735423
hamidieh_first_order,fw22,all,,,74,51,12,0.004190095387363587,0.000723240266796693,0.016239569568898,0.016835260281373825
hamidieh_first_order,fw22,all,,1.0,66,43,12,0.002856439583555242,0.000723240266796693,0.01718927961677733,0.017507092030012324
hamidieh_first_order,fw22,all,20,,62,42,12,0.004434867272295636,0.000723240266796693,0.01651788636404792,0.017084313094404842
hamidieh_first_order,fw22,all,20,1.0,55,35,12,0.00292213763523158,0.000723240266796693,0.017556421339463796,0.017799308650356747
hamidieh_first_order,fw22,all,26,,12,9,0,0.0027757654150516262,,0.014872049368013831,0.015484805521876824
hamidieh_first_order,fw22,all,26,1.0,11,8,0,0.0025491795859223297,,0.015480995576327768,0.01596598527904255
shukor_additive,fw22,all,,,74,51,12,0.006697938900620782,0.0006148754290118232,0.01562023113340028,0.015407481344373428
shukor_additive,fw22,all,,1.0,66,43,12,0.004287473840630611,0.0006148754290118232,0.015316305061584462,0.015181058073881917
shukor_additive,fw22,all,20,,62,42,12,0.0067543636457873995,0.0006148754290118232,0.01473864215374158,0.01480237395760523
shukor_additive,fw22,all,20,1.0,55,35,12,0.004245543338405764,0.0006148754290118232,0.014468365044474522,0.014639892285371844
shukor_additive,fw22,all,26,,12,9,0,0.006428077943578286,,0.01920652263971566,0.01821642707719458
shukor_additive,fw22,all,26,1.0,11,8,0,0.004466293693126506,,0.01857639659855094,0.017639583748461925
shukor_joint,fw22,all,,,74,51,12,0.0014740819811900248,0.0006749597171689443,0.015745266115301398,0.01628902778735679
shukor_joint,fw22,all,,1.0,66,43,12,0.0009467457325546662,0.0006749597171689443,0.016183969341495488,0.016630390683430127
shukor_joint,fw22,all,20,,62,42,12,0.0014333406171010898,0.0006749597171689443,0.016482070427426915,0.016878099221852388
shukor_joint,fw22,all,20,1.0,55,35,12,0.0009286146987847316,0.0006749597171689443,0.016943757643637248,0.01721546538389898
shukor_joint,fw22,all,26,,12,9,0,0.0016509680128872451,,0.011709068389684725,0.012821352879057531
shukor_joint,fw22,all,26,1.0,11,8,0,0.001022295069487233,,0.012320789487574384,0.013325093762521773
sedova_ai_share_coupled,fw22,all,,,74,51,12,0.009591737468845755,0.0005785037638246492,0.016654366844307173,0.014559840270782968
sedova_ai_share_coupled,fw22,all,,1.0,66,43,12,0.0075771201218067,0.0005785037638246492,0.01540118590376721,0.013337613815817941
sedova_ai_share_coupled,fw22,all,20,,62,42,12,0.00914994560024174,0.0005785037638246492,0.01490539840202252,0.012948384841419636
sedova_ai_share_coupled,fw22,all,20,1.0,55,35,12,0.006984645322235316,0.0005785037638246492,0.013296481452517989,0.011482522958215578
sedova_ai_share_coupled,fw22,all,26,,12,9,0,0.011429832422044348,,0.023129074584590636,0.021000437821823766
sedova_ai_share_coupled,fw22,all,26,1.0,11,8,0,0.009754894681149526,,0.022393012319199834,0.020201732261606833
jain_token_weighted,fw22,all,,,74,51,12,0.008029383962465464,0.0006668316401450698,0.017965158437261555,0.017400470238023033
jain_token_weighted,fw22,all,,1.0,66,43,12,0.003425521237173096,0.0006668316401450698,0.01679128949438731,0.016546123090664826
jain_token_weighted,fw22,all,20,,62,42,12,0.008088200539807392,0.0006668316401450698,0.016995402829831346,0.016681430069695084
jain_token_weighted,fw22,all,20,1.0,55,35,12,0.0033214038555095878,0.0006668316401450698,0.01584435856297346,0.015901881009058653
jain_token_weighted,fw22,all,26,,12,9,0,0.007749006049679132,,0.02193084249495158,0.02072177639741217
jain_token_weighted,fw22,all,26,1.0,11,8,0,0.0038480529507326704,,0.020424277479581046,0.01944983387736999
ours_logshare_11,fw22,all,,,74,51,12,0.0008494778297335128,0.0006038894755152017,0.014307216842914484,0.014495576735072116
ours_logshare_11,fw22,all,,1.0,66,43,12,0.0007097530852631143,0.0006038894755152017,0.014636712841596719,0.014730675362900363
ours_logshare_11,fw22,all,20,,62,42,12,0.000898597805602199,0.0006038894755152017,0.014506649357991284,0.014669014031801743
ours_logshare_11,fw22,all,20,1.0,55,35,12,0.0007367994846598108,0.0006038894755152017,0.014825626118818507,0.014890832551208495
ours_logshare_11,fw22,all,26,,12,9,0,0.0005664867422060511,,0.013337159318898771,0.013564201709072169
ours_logshare_11,fw22,all,26,1.0,11,8,0,0.0005766990318743191,,0.01377979933268172,0.013902241169764892
chinchilla_5,fw26_human,all,,,74,51,12,0.005398069930704813,0.0014876676319643483,0.029740813248624074,0.03064549146136309
chinchilla_5,fw26_human,all,,1.0,66,43,12,0.0038238040886225686,0.0014876676319643483,0.0309469933633422,0.0315191873712696
chinchilla_5,fw26_human,all,20,,62,42,12,0.005679590116142208,0.0014876676319643483,0.029580826284300043,0.030628055811367533
chinchilla_5,fw26_human,all,20,1.0,55,35,12,0.003977441162759339,0.0014876676319643483,0.030721187111846397,0.031462086468827706
chinchilla_5,fw26_human,all,26,,12,9,0,0.0038191311482206397,,0.03047631629344856,0.030735418085389463
chinchilla_5,fw26_human,all,26,1.0,11,8,0,0.003062315389103768,,0.03191611722406953,0.03180315409532912
muennighoff_7,fw26_human,all,,,74,51,12,0.004935260404511398,0.0010897884890175142,0.02275856720210512,0.023896514876302448
muennighoff_7,fw26_human,all,,1.0,66,43,12,0.003213927227426191,0.0010897884890175142,0.02368768198508148,0.024608821967689605
muennighoff_7,fw26_human,all,20,,62,42,12,0.005057371610624172,0.0010897884890175142,0.023341600020481502,0.024363627002952186
muennighoff_7,fw26_human,all,20,1.0,55,35,12,0.003169281564505117,0.0010897884890175142,0.02426412561408303,0.02505472278313969
muennighoff_7,fw26_human,all,26,,12,9,0,0.004320008214285535,,0.01981217132093723,0.02132068915680001
muennighoff_7,fw26_human,all,26,1.0,11,8,0,0.003402370797846521,,0.02098033970462944,0.022245652229700093
cd_8,fw26_human,all,,,74,51,12,0.004170946655169685,0.0006623879706707438,0.013910541328107907,0.014376044698056955
cd_8,fw26_human,all,,1.0,66,43,12,0.002595628641681879,0.0006623879706707438,0.014727289084589763,0.01495010319533388
cd_8,fw26_human,all,20,,62,42,12,0.0042443290836599295,0.0006623879706707438,0.012884234106524691,0.013548842109204628
cd_8,fw26_human,all,20,1.0,55,35,12,0.002478339243590986,0.0006623879706707438,0.01358626794418874,0.014058188658903032
cd_8,fw26_human,all,26,,12,9,0,0.003809852176440645,,0.017939759209947514,0.018055976228730165
cd_8,fw26_human,all,26,1.0,11,8,0,0.003056296712036086,,0.01892705470943358,0.018784838872352473
lovelace_eq8_9,fw26_human,all,,,74,51,12,0.004142113202595624,0.0008589700083445536,0.01956681824487063,0.019817617305768538
lovelace_eq8_9,fw26_human,all,,1.0,66,43,12,0.004072939155062529,0.0008589700083445536,0.020336736333893782,0.020345795431646167
lovelace_eq8_9,fw26_human,all,20,,62,42,12,0.004386464705601724,0.0008589700083445536,0.01862667261338442,0.0191047133214265
lovelace_eq8_9,fw26_human,all,20,1.0,55,35,12,0.00432840641556076,0.0008589700083445536,0.01922818764347008,0.01953908588097108
lovelace_eq8_9,fw26_human,all,26,,12,9,0,0.0027261519720498486,,0.023461211526160694,0.023153877127353686
lovelace_eq8_9,fw26_human,all,26,1.0,11,8,0,0.0026830780150048517,,0.024606275421318397,0.023975591028346892
atlas_no_repeat,fw26_human,all,,,74,51,12,0.0055111367250704705,0.0007502718892889734,0.01516631160295128,0.016007568791756455
atlas_no_repeat,fw26_human,all,,1.0,66,43,12,0.003915312234212065,0.0007502718892889734,0.016182255273171773,0.016738302715619817
atlas_no_repeat,fw26_human,all,20,,62,42,12,0.0058046475302847515,0.0007502718892889734,0.014079826511276409,0.015199012275654847
atlas_no_repeat,fw26_human,all,20,1.0,55,35,12,0.00408193006442833,0.0007502718892889734,0.015018006155211282,0.01589190336771824
atlas_no_repeat,fw26_human,all,26,,12,9,0,0.0038565794312825957,,0.019450003647093577,0.01966237680708793
atlas_no_repeat,fw26_human,all,26,1.0,11,8,0,0.0030822160969828922,,0.02051308660189081,0.020451447468428308
he_human_share,fw26_human,all,,,74,51,12,0.006616271390875506,0.0006990887184274339,0.017116305135028292,0.016898918469107446
he_human_share,fw26_human,all,,1.0,66,43,12,0.0050332641602670765,0.0006990887184274339,0.017429999272267745,0.01708032786366036
he_human_share,fw26_human,all,20,,62,42,12,0.006910827713891406,0.0006990887184274339,0.015087328065656888,0.015322930203808862
he_human_share,fw26_human,all,20,1.0,55,35,12,0.005237293348912974,0.0006990887184274339,0.015234018554758356,0.01544456265933266
he_human_share,fw26_human,all,26,,12,9,0,0.005018042291769028,,0.024451787738535045,0.02340818798978353
he_human_share,fw26_human,all,26,1.0,11,8,0,0.004020691977327506,,0.024851995298940936,0.023616795313728154
hamidieh_first_order,fw26_human,all,,,74,51,12,0.004843988517971283,0.0008180364709155237,0.017651238554753847,0.01812628964021794
hamidieh_first_order,fw26_human,all,,1.0,66,43,12,0.0033773244105128044,0.0008180364709155237,0.018727065100140675,0.01887116048726849
hamidieh_first_order,fw26_human,all,20,,62,42,12,0.004936266712623953,0.0008180364709155237,0.016987063015023642,0.017557795362096302
hamidieh_first_order,fw26_human,all,20,1.0,55,35,12,0.0032155772105191497,0.0008180364709155237,0.018037822849316137,0.01828128545301167
hamidieh_first_order,fw26_human,all,26,,12,9,0,0.004387771421568872,,0.020467709890758096,0.02081764635745722
hamidieh_first_order,fw26_human,all,26,1.0,11,8,0,0.0040089583994319744,,0.02148406599195989,0.02158001852976454
shukor_additive,fw26_human,all,,,74,51,12,0.006260606977375198,0.0006801371473497351,0.016400902449358174,0.016147829576261624
shukor_additive,fw26_human,all,,1.0,66,43,12,0.0038965541073948122,0.0006801371473497351,0.016441222269930358,0.016143626616188313
shukor_additive,fw26_human,all,20,,62,42,12,0.006500570466521324,0.0006801371473497351,0.014485341819389038,0.01463019628008735
shukor_additive,fw26_human,all,20,1.0,55,35,12,0.004067103579815059,0.0006801371473497351,0.014375952038655885,0.01457979200089235
shukor_additive,fw26_human,all,26,,12,9,0,0.004990476459042551,,0.023347172797176092,0.022407278809489884
shukor_additive,fw26_human,all,26,1.0,11,8,0,0.003039904494731806,,0.023425715204495948,0.02237964271365832
shukor_joint,fw26_human,all,,,74,51,12,0.0022539028992952163,0.0007250395952127825,0.015946924834238815,0.016341250076755277
shukor_joint,fw26_human,all,,1.0,66,43,12,0.0018239564773710414,0.0007250395952127825,0.016480934989401178,0.016729073307267486
shukor_joint,fw26_human,all,20,,62,42,12,0.0018165691335371482,0.0007250395952127825,0.015718294163859094,0.016092703937223087
shukor_joint,fw26_human,all,20,1.0,55,35,12,0.0013162906534725913,0.0007250395952127825,0.01614171343137845,0.016403524553919774
shukor_joint,fw26_human,all,26,,12,9,0,0.003658888852907615,,0.016973196501819856,0.017569481496259517
shukor_joint,fw26_human,all,26,1.0,11,8,0,0.0032095833645721626,,0.017889558553257072,0.01827001021795919
sedova_ai_share_coupled,fw26_human,all,,,74,51,12,0.009569584446897995,0.000519178761334646,0.017631662188503282,0.015523311824933285
sedova_ai_share_coupled,fw26_human,all,,1.0,66,43,12,0.007589528340799615,0.000519178761334646,0.01678854471702442,0.014614823059922611
sedova_ai_share_coupled,fw26_human,all,20,,62,42,12,0.009342118628589354,0.000519178761334646,0.014786011941505214,0.012847697106619496
sedova_ai_share_coupled,fw26_human,all,20,1.0,55,35,12,0.007229194385817358,0.000519178761334646,0.013328733923054979,0.011496685541776446
sedova_ai_share_coupled,fw26_human,all,26,,12,9,0,0.010566544116193604,,0.027228157044505433,0.025162954984379954
sedova_ai_share_coupled,fw26_human,all,26,1.0,11,8,0,0.008997893068392191,,0.027161196747524426,0.024913639360892584
jain_token_weighted,fw26_human,all,,,74,51,12,0.00804018046506809,0.0007216342558925209,0.01864200591699223,0.017944909080483618
jain_token_weighted,fw26_human,all,,1.0,66,43,12,0.0032656883002736086,0.0007216342558925209,0.017767177289657876,0.017267784019472935
jain_token_weighted,fw26_human,all,20,,62,42,12,0.008218091652432546,0.0007216342558925209,0.016521243047015178,0.01618968635891473
jain_token_weighted,fw26_human,all,20,1.0,55,35,12,0.003330521538816208,0.0007216342558925209,0.015404190585563162,0.015428264971853798
jain_token_weighted,fw26_human,all,26,,12,9,0,0.007151645656204394,,0.02637292761460941,0.025131145729789646
jain_token_weighted,fw26_human,all,26,1.0,11,8,0,0.0029654233042525967,,0.025663211155123006,0.024472461859206866
ours_logshare_11,fw26_human,all,,,74,51,12,0.0012794081930462805,0.0006655190878938549,0.015333467076222872,0.015348675123094825
ours_logshare_11,fw26_human,all,,1.0,66,43,12,0.0011385813652918092,0.0006655190878938549,0.01580768609216739,0.01566077218353687
ours_logshare_11,fw26_human,all,20,,62,42,12,0.0011126601911522788,0.0006655190878938549,0.014481677779241071,0.014607394101263901
ours_logshare_11,fw26_human,all,20,1.0,55,35,12,0.00093147373113479,0.0006655190878938549,0.014787385443121057,0.014816728214778375
ours_logshare_11,fw26_human,all,26,,12,9,0,0.0018703718615760841,,0.01880507675775063,0.01871662719772024
ours_logshare_11,fw26_human,all,26,1.0,11,8,0,0.0017810210441964126,,0.019658425400402746,0.019336016584467573
chinchilla_5,paloma,all,,,74,51,12,0.009150063647134098,0.007155128556302503,0.030913253307932896,0.03256175219074986
chinchilla_5,paloma,all,,1.0,66,43,12,0.007751990293754415,0.007155128556302503,0.03165125453762187,0.03321194604895658
chinchilla_5,paloma,all,20,,62,42,12,0.008095033652160322,0.007155128556302503,0.03300909979919241,0.03430478513111765
chinchilla_5,paloma,all,20,1.0,55,35,12,0.006989704002527676,0.007155128556302503,0.033983757877428036,0.03506380117328807
chinchilla_5,paloma,all,26,,12,9,0,0.012985739910606704,,0.018177711055251077,0.02140303071381895
chinchilla_5,paloma,all,26,1.0,11,8,0,0.010452604517646515,,0.018221310710680696,0.021699064462631243
muennighoff_7,paloma,all,,,74,51,12,0.009149924830114708,0.007154682945976171,0.03166312068120138,0.03351017056264344
muennighoff_7,paloma,all,,1.0,66,43,12,0.007751745350194881,0.007154682945976171,0.032073939614742586,0.033979146107513576
muennighoff_7,paloma,all,20,,62,42,12,0.008094842820583807,0.007154682945976171,0.034069729310589686,0.035464244214306336
muennighoff_7,paloma,all,20,1.0,55,35,12,0.00698936898305947,0.007154682945976171,0.034920140389695375,0.0361578353997367
muennighoff_7,paloma,all,26,,12,9,0,0.012985740778322243,,0.01625786186714529,0.020653391584414822
muennighoff_7,paloma,all,26,1.0,11,8,0,0.010452608224422623,,0.013946996694519093,0.01976231052286821
cd_8,paloma,all,,,74,51,12,0.009148840591082355,0.0070488027141379335,0.02975847071978251,0.03155094991074437
cd_8,paloma,all,,1.0,66,43,12,0.007750197207310982,0.0070488027141379335,0.02992939165173143,0.03186580999095384
cd_8,paloma,all,20,,62,42,12,0.008093365559538483,0.0070488027141379335,0.0317582893386785,0.033138759708406
cd_8,paloma,all,20,1.0,55,35,12,0.006987268787433722,0.0070488027141379335,0.03245014196290753,0.03373201147762218
cd_8,paloma,all,26,,12,9,0,0.012985708883397968,,0.017648292351702836,0.021558490379451654
cd_8,paloma,all,26,1.0,11,8,0,0.010452580791187877,,0.01441628796790112,0.020083228989514347
lovelace_eq8_9,paloma,all,,,74,51,12,0.008384818386333329,0.007116708712152899,0.030190428844097197,0.032265600417802597
lovelace_eq8_9,paloma,all,,1.0,66,43,12,0.007882639163439687,0.007116708712152899,0.031115944007887635,0.033071828828266626
lovelace_eq8_9,paloma,all,20,,62,42,12,0.008325536837586555,0.007116708712152899,0.032511145836439215,0.034145052197764446
lovelace_eq8_9,paloma,all,20,1.0,55,35,12,0.008101080349888464,0.007116708712152899,0.03376344695282703,0.03510785290504034
lovelace_eq8_9,paloma,all,26,,12,9,0,0.008656099168492656,,0.015244774449663852,0.019904478661256123
lovelace_eq8_9,paloma,all,26,1.0,11,8,0,0.0068454858168128675,,0.014721253852055024,0.019991710638843765
atlas_no_repeat,paloma,all,,,74,51,12,0.009149671418035361,0.007155159904535275,0.030875384142404202,0.032490153694160154
atlas_no_repeat,paloma,all,,1.0,66,43,12,0.007751484621012439,0.007155159904535275,0.031656188961961276,0.03316357637867569
atlas_no_repeat,paloma,all,20,,62,42,12,0.008094492318998513,0.007155159904535275,0.03289010748958271,0.03416917232717321
atlas_no_repeat,paloma,all,20,1.0,55,35,12,0.006989011708234467,0.007155159904535275,0.033882475921348916,0.03493731942356053
atlas_no_repeat,paloma,all,26,,12,9,0,0.01298574856465941,,0.018808601680518056,0.02184822936513648
atlas_no_repeat,paloma,all,26,1.0,11,8,0,0.010452614096822417,,0.019072685878549368,0.022267809654881548
he_human_share,paloma,all,,,74,51,12,0.008958420091620243,0.007090392411927354,0.029767573716001517,0.03150374008459436
he_human_share,paloma,all,,1.0,66,43,12,0.007704093153155306,0.007090392411927354,0.0306749063642433,0.03226623422197857
he_human_share,paloma,all,20,,62,42,12,0.009541914102195426,0.007090392411927354,0.031969109483017184,0.033294663561123226
he_human_share,paloma,all,20,1.0,55,35,12,0.008142807767443297,0.007090392411927354,0.03303578605251423,0.03411260784738003
he_human_share,paloma,all,26,,12,9,0,0.005466022102455799,,0.015869342645690374,0.019821685866974446
he_human_share,paloma,all,26,1.0,11,8,0,0.005379301355933007,,0.01681938708680689,0.02069563128923151
hamidieh_first_order,paloma,all,,,74,51,12,0.009151328719093226,0.0071559457904232125,0.03102442209538021,0.03270808395873961
hamidieh_first_order,paloma,all,,1.0,66,43,12,0.007753228438665226,0.0071559457904232125,0.03171995071463606,0.033335532874154084
hamidieh_first_order,paloma,all,20,,62,42,12,0.008096784962394276,0.0071559457904232125,0.0331903942027581,0.03450855781531195
hamidieh_first_order,paloma,all,20,1.0,55,35,12,0.006991401751199745,0.0071559457904232125,0.03414287068635214,0.035256351149615534
hamidieh_first_order,paloma,all,26,,12,9,0,0.012985696237806566,,0.01770423005298138,0.021084103585592297
hamidieh_first_order,paloma,all,26,1.0,11,8,0,0.010452572990164374,,0.017549679836469587,0.021271930568189292
shukor_additive,paloma,all,,,74,51,12,0.010050578369767195,0.007123203146881306,0.03081985798289081,0.03262688057078811
shukor_additive,paloma,all,,1.0,66,43,12,0.008159882183181932,0.007123203146881306,0.03156389800779835,0.033296411256160674
shukor_additive,paloma,all,20,,62,42,12,0.010869124894458616,0.007123203146881306,0.0332395373600298,0.03457050397830269
shukor_additive,paloma,all,20,1.0,55,35,12,0.008742431524561252,0.007123203146881306,0.0341437690644715,0.03528994463345216
shukor_additive,paloma,all,26,,12,9,0,0.00459383177160372,,0.015050428219058106,0.019741163926967037
shukor_additive,paloma,all,26,1.0,11,8,0,0.004848251073958833,,0.01595748829989121,0.020615650707064875
shukor_joint,paloma,all,,,74,51,12,0.007821570595285585,0.007065262946158809,0.029241352430004707,0.030352821071974227
shukor_joint,paloma,all,,1.0,66,43,12,0.007087104001638325,0.007065262946158809,0.030277199301691655,0.03113663054845711
shukor_joint,paloma,all,20,,62,42,12,0.007149624651388902,0.007065262946158809,0.030774669612475925,0.03160507977650576
shukor_joint,paloma,all,20,1.0,55,35,12,0.0067866321999121805,0.007065262946158809,0.03192210001676976,0.032423047486778156
shukor_joint,paloma,all,26,,12,9,0,0.010398214183681467,,0.02063039591079893,0.022812845584419334
shukor_joint,paloma,all,26,1.0,11,8,0,0.00827435551116115,,0.021658606438938303,0.0236784401897025
sedova_ai_share_coupled,paloma,all,,,74,51,12,0.013318077525017367,0.0067398879587502935,0.03405082628568515,0.032534840748482785
sedova_ai_share_coupled,paloma,all,,1.0,66,43,12,0.010659558150080488,0.0067398879587502935,0.033078887419189795,0.031682354952898166
sedova_ai_share_coupled,paloma,all,20,,62,42,12,0.014324170791429837,0.0067398879587502935,0.03404951487099665,0.032557710183193984
sedova_ai_share_coupled,paloma,all,20,1.0,55,35,12,0.011393427962530902,0.0067398879587502935,0.03275112347082791,0.03149863609868532
sedova_ai_share_coupled,paloma,all,26,,12,9,0,0.006898406779627054,,0.03405694555320203,0.0324164249777269
sedova_ai_share_coupled,paloma,all,26,1.0,11,8,0,0.0065437824713081485,,0.034476236368841964,0.03258541563002652
jain_token_weighted,paloma,all,,,74,51,12,0.00934242618765435,0.007139405223211305,0.030869535779556628,0.03275601166890754
jain_token_weighted,paloma,all,,1.0,66,43,12,0.007267425843614989,0.007139405223211305,0.031633473947659155,0.03344568709205476
jain_token_weighted,paloma,all,20,,62,42,12,0.009913594186721657,0.007139405223211305,0.03339820802476507,0.034784824410331094
jain_token_weighted,paloma,all,20,1.0,55,35,12,0.007469054082454496,0.007139405223211305,0.0343426599214534,0.03553491398908452
jain_token_weighted,paloma,all,26,,12,9,0,0.005996245059314673,,0.013947710414900949,0.019104444639048864
jain_token_weighted,paloma,all,26,1.0,11,8,0,0.006309998611756912,,0.014787903904288902,0.01995077315042345
ours_logshare_11,paloma,all,,,74,51,12,0.006771979914194624,0.00701018588803871,0.028738523144813576,0.030310044005380732
ours_logshare_11,paloma,all,,1.0,66,43,12,0.0065398455050007165,0.00701018588803871,0.029212468212341997,0.03078702681390853
ours_logshare_11,paloma,all,20,,62,42,12,0.006270192180211493,0.00701018588803871,0.031024020959316646,0.03206727201735957
ours_logshare_11,paloma,all,20,1.0,55,35,12,0.006103029342576397,0.00701018588803871,0.031757149770006474,0.032649299251304956
ours_logshare_11,paloma,all,26,,12,9,0,0.00874072391386715,,0.013729382633450745,0.01877163830447857
ours_logshare_11,paloma,all,26,1.0,11,8,0,0.008181137271085546,,0.013213426913764474,0.01889874102250267
chinchilla_5,fw26,all,,,74,51,12,0.01973961057611809,0.0013024836521132134,0.03136085810855995,0.02995937889379477
chinchilla_5,fw26,all,,1.0,66,43,12,0.018121144778824663,0.0013024836521132134,0.03166572610897965,0.029994437094780547
chinchilla_5,fw26,all,20,,62,42,12,0.0197266928153123,0.0013024836521132134,0.02872155188173183,0.028017908086620177
chinchilla_5,fw26,all,20,1.0,55,35,12,0.017884846823157056,0.0013024836521132134,0.028741852008091005,0.027940368958731632
chinchilla_5,fw26,all,26,,12,9,0,0.01979978202598677,,0.04151534883734259,0.038459467444989334
chinchilla_5,fw26,all,26,1.0,11,8,0,0.019120643562710114,,0.042136075755310594,0.0386610456667459
muennighoff_7,fw26,all,,,74,51,12,0.01766735849384267,0.0009183671313490548,0.02249298713386284,0.02157381476218257
muennighoff_7,fw26,all,,1.0,66,43,12,0.016611823972567115,0.0009183671313490548,0.022853763301302076,0.02170664859851558
muennighoff_7,fw26,all,20,,62,42,12,0.01749353118289312,0.0009183671313490548,0.020415740326801417,0.020062961449706995
muennighoff_7,fw26,all,20,1.0,55,35,12,0.016266656862709117,0.0009183671313490548,0.0205558095494892,0.020108629020937487
muennighoff_7,fw26,all,26,,12,9,0,0.018456919109946048,,0.03036254079284006,0.02811493019564061
muennighoff_7,fw26,all,26,1.0,11,8,0,0.018044464257735756,,0.030963118492314742,0.02837757485706247
cd_8,fw26,all,,,74,51,12,0.016060931058645898,0.0007357106790742076,0.01827056944458335,0.01729764174788438
cd_8,fw26,all,,1.0,66,43,12,0.015555685461438064,0.0007357106790742076,0.018610519953755632,0.017412132534502658
cd_8,fw26,all,20,,62,42,12,0.01581289627613782,0.0007357106790742076,0.016187842555064644,0.015739290211667027
cd_8,fw26,all,20,1.0,55,35,12,0.015188572697193809,0.0007357106790742076,0.01628338846241442,0.015744106794553837
cd_8,fw26,all,26,,12,9,0,0.01717111886318896,,0.02585978590316737,0.023774034239173073
cd_8,fw26,all,26,1.0,11,8,0,0.01706921987564702,,0.026487984500492598,0.024077160600929154
lovelace_eq8_9,fw26,all,,,74,51,12,0.01718299649721213,0.0008583266517233904,0.02141979866234743,0.02030307971206956
lovelace_eq8_9,fw26,all,,1.0,66,43,12,0.016471045827575363,0.0008583266517233904,0.021787908908514023,0.020418861892622306
lovelace_eq8_9,fw26,all,20,,62,42,12,0.016985372493892228,0.0008583266517233904,0.019152399127165824,0.018611176200536247
lovelace_eq8_9,fw26,all,20,1.0,55,35,12,0.016139905431233507,0.0008583266517233904,0.019274129943602662,0.01862126010450374
lovelace_eq8_9,fw26,all,26,,12,9,0,0.01807669737541205,,0.029801178264938024,0.02742962032734095
lovelace_eq8_9,fw26,all,26,1.0,11,8,0,0.01784769215334698,,0.03043524874661056,0.027709617221137992
atlas_no_repeat,fw26,all,,,74,51,12,0.017471254566942828,0.0013434049247099177,0.03238769941043835,0.03085636207299764
atlas_no_repeat,fw26,all,,1.0,66,43,12,0.01612705080957642,0.0013434049247099177,0.032776243144655805,0.030933342350223575
atlas_no_repeat,fw26,all,20,,62,42,12,0.017209038641502514,0.0013434049247099177,0.029512040066098092,0.028700140494567195
atlas_no_repeat,fw26,all,20,1.0,55,35,12,0.015650996137209695,0.0013434049247099177,0.02960681701019385,0.028657432826937217
atlas_no_repeat,fw26,all,26,,12,9,0,0.01864623608956578,,0.04335483486545932,0.04019456426229079
atlas_no_repeat,fw26,all,26,1.0,11,8,0,0.01806286665021297,,0.044037490362627434,0.040434981545497434
he_human_share,fw26,all,,,74,51,12,0.02154789476821118,0.000744239375208229,0.02331048723057007,0.0209734312588498
he_human_share,fw26,all,,1.0,66,43,12,0.019362565041132644,0.000744239375208229,0.02269891221171675,0.02022393702428087
he_human_share,fw26,all,20,,62,42,12,0.021350929004905875,0.000744239375208229,0.020159743907764024,0.01838817820258859
he_human_share,fw26,all,20,1.0,55,35,12,0.0189245317068449,0.000744239375208229,0.01906878997833395,0.01738388533788195
he_human_share,fw26,all,26,,12,9,0,0.02244422494983889,,0.03438810846682758,0.03107480294537693
he_human_share,fw26,all,26,1.0,11,8,0,0.021172674791112626,,0.034330544303271864,0.030709093528942466
hamidieh_first_order,fw26,all,,,74,51,12,0.012504124333241572,0.0008838651517019044,0.02183865314118489,0.02063973214969561
hamidieh_first_order,fw26,all,,1.0,66,43,12,0.011022949414215928,0.0008838651517019044,0.022165802677451545,0.020717255154124644
hamidieh_first_order,fw26,all,20,,62,42,12,0.012007007839661646,0.0008838651517019044,0.019375195240613284,0.01873793900924265
hamidieh_first_order,fw26,all,20,1.0,55,35,12,0.010224906966248106,0.0008838651517019044,0.019493047160995206,0.01873323700441755
hamidieh_first_order,fw26,all,26,,12,9,0,0.014601915503750881,,0.030833858223227966,0.0285117665507786
hamidieh_first_order,fw26,all,26,1.0,11,8,0,0.013988957727903659,,0.03128022476683245,0.028645368271471565
shukor_additive,fw26,all,,,74,51,12,0.006667219897063389,0.0008180885109600813,0.016629491923474148,0.016510781322751543
shukor_additive,fw26,all,,1.0,66,43,12,0.004290720714858301,0.0008180885109600813,0.01680558135326453,0.016612190570857967
shukor_additive,fw26,all,20,,62,42,12,0.006891236363150873,0.0008180885109600813,0.015002784515547127,0.015268138570473702
shukor_additive,fw26,all,20,1.0,55,35,12,0.004403553099149852,0.0008180885109600813,0.015090858103999755,0.0153565955987144
shukor_additive,fw26,all,26,,12,9,0,0.005502515154278236,,0.022730379250978885,0.021832012345112624
shukor_additive,fw26,all,26,1.0,11,8,0,0.0037574497082326084,,0.022841013926937284,0.021832638673846595
shukor_joint,fw26,all,,,74,51,12,0.002151760143014243,0.0008482043543218162,0.01595669032414155,0.016382063727721656
shukor_joint,fw26,all,,1.0,66,43,12,0.0015771750000934024,0.0008482043543218162,0.01649202133170958,0.016773692254660112
shukor_joint,fw26,all,20,,62,42,12,0.0017469087568632536,0.0008482043543218162,0.015797799974664538,0.01622480579936468
shukor_joint,fw26,all,20,1.0,55,35,12,0.0011640522226182438,0.0008482043543218162,0.016231726781121853,0.016547782664324877
shukor_joint,fw26,all,26,,12,9,0,0.0034635028634232056,,0.01667817583106979,0.01717163563937106
shukor_joint,fw26,all,26,1.0,11,8,0,0.0027280044672149378,,0.017585567970087878,0.017860429882721553
sedova_ai_share_coupled,fw26,all,,,74,51,12,0.013065527253609452,0.0003788414080522259,0.015336179347731186,0.013186326168488829
sedova_ai_share_coupled,fw26,all,,1.0,66,43,12,0.011446413571779931,0.0003788414080522259,0.014512372977359888,0.012264835221192863
sedova_ai_share_coupled,fw26,all,20,,62,42,12,0.012767240490813193,0.0003788414080522259,0.012547120198610522,0.010510700886791211
sedova_ai_share_coupled,fw26,all,20,1.0,55,35,12,0.010918506758255814,0.0003788414080522259,0.011154221891774268,0.00913728973427978
sedova_ai_share_coupled,fw26,all,26,,12,9,0,0.014375929240089194,,0.024456421071372903,0.022393490469055994
sedova_ai_share_coupled,fw26,all,26,1.0,11,8,0,0.01351570315024837,,0.024242530744745548,0.02202513971754106
jain_token_weighted,fw26,all,,,74,51,12,0.019727619319777397,0.0006862155496303816,0.023071355220286506,0.020338666646189187
jain_token_weighted,fw26,all,,1.0,66,43,12,0.016085700696726636,0.0006862155496303816,0.02139942474852497,0.018730748910992138
jain_token_weighted,fw26,all,20,,62,42,12,0.01934941599524753,0.0006862155496303816,0.019592296646426557,0.017336292016804415
jain_token_weighted,fw26,all,20,1.0,55,35,12,0.015423379894843296,0.0006862155496303816,0.01724908634527654,0.015329982444045435
jain_token_weighted,fw26,all,26,,12,9,0,0.021404390495433023,,0.034999395749873645,0.031592490424436064
jain_token_weighted,fw26,all,26,1.0,11,8,0,0.0187096810454438,,0.03405443625703645,0.030495965633606244
ours_logshare_11,fw26,all,,,74,51,12,0.010735736236863837,0.0007326876169465817,0.017395845511607822,0.01648880194852723
ours_logshare_11,fw26,all,,1.0,66,43,12,0.01066033957721703,0.0007326876169465817,0.017800979034146847,0.016656691661980735
ours_logshare_11,fw26,all,20,,62,42,12,0.010111372404523493,0.0007326876169465817,0.015252504639631539,0.014854492078192715
ours_logshare_11,fw26,all,20,1.0,55,35,12,0.009948084525520401,0.0007326876169465817,0.01540455692684574,0.014902926711317446
ours_logshare_11,fw26,all,26,,12,9,0,0.013266431656204851,,0.025083314036331007,0.02316336128775772
ours_logshare_11,fw26,all,26,1.0,11,8,0,0.013336456685184803,,0.025787849980060232,0.02354115842347814
chinchilla_5,fw26_ai,all,,,74,51,12,0.10385555927894222,0.0015798659172976584,0.061267651335761626,0.05445313077742758
chinchilla_5,fw26_ai,all,,1.0,66,43,12,0.09706707054413118,0.0015798659172976584,0.05825186517945889,0.05132954529965518
chinchilla_5,fw26_ai,all,20,,62,42,12,0.10086549392882795,0.0015798659172976584,0.06486170899703926,0.057014715343499146
chinchilla_5,fw26_ai,all,20,1.0,55,35,12,0.09299632399778897,0.0015798659172976584,0.06203800598301224,0.05386030477024574
chinchilla_5,fw26_ai,all,26,,12,9,0,0.1168014585615579,,0.0404752952930354,0.038599000348556005
chinchilla_5,fw26_ai,all,26,1.0,11,8,0,0.1131678102500169,,0.037426652842430554,0.0361063868906505
muennighoff_7,fw26_ai,all,,,74,51,12,0.09982876903669827,0.0020329785934142352,0.06350748618974429,0.05812180002380978
muennighoff_7,fw26_ai,all,,1.0,66,43,12,0.09417403756229956,0.0020329785934142352,0.06130283638869098,0.05585221456275753
muennighoff_7,fw26_ai,all,20,,62,42,12,0.09676323551312244,0.0020329785934142352,0.06828301209264198,0.061608169678193436
muennighoff_7,fw26_ai,all,20,1.0,55,35,12,0.09013567257963946,0.0020329785934142352,0.0663784093445925,0.05934651115708872
muennighoff_7,fw26_ai,all,26,,12,9,0,0.11304067219066123,,0.03310809201275462,0.03494937029064778
muennighoff_7,fw26_ai,all,26,1.0,11,8,0,0.11011405483936511,,0.03037754160292701,0.03326826260557571
cd_8,fw26_ai,all,,,74,51,12,0.0980816566448584,0.002155764459754204,0.06776278486622377,0.0623142118686564
cd_8,fw26_ai,all,,1.0,66,43,12,0.09312638203949357,0.002155764459754204,0.0659627966879894,0.060335157588696155
cd_8,fw26_ai,all,20,,62,42,12,0.09498516179793766,0.002155764459754204,0.07302174817540723,0.066209865934769
cd_8,fw26_ai,all,20,1.0,55,35,12,0.08911329911642339,0.002155764459754204,0.07157389730628443,0.06426361772767569
cd_8,fw26_ai,all,26,,12,9,0,0.11139967059866433,,0.03371476098955215,0.036002593124046585
cd_8,fw26_ai,all,26,1.0,11,8,0,0.10895938898648516,,0.031221179450764837,0.03453874100589997
lovelace_eq8_9,fw26_ai,all,,,74,51,12,0.09975479932778804,0.0019969067158561384,0.06563369626696385,0.059830537983522766
lovelace_eq8_9,fw26_ai,all,,1.0,66,43,12,0.0942603065573018,0.0019969067158561384,0.0635037353797895,0.05755202725539514
lovelace_eq8_9,fw26_ai,all,20,,62,42,12,0.09668315056742914,0.0019969067158561384,0.07041038376070587,0.06334109103648773
lovelace_eq8_9,fw26_ai,all,20,1.0,55,35,12,0.09022422053567537,0.0019969067158561384,0.06859585057247092,0.061083900804878764
lovelace_eq8_9,fw26_ai,all,26,,12,9,0,0.11299040867959388,,0.03570987481388908,0.03668274563798297
lovelace_eq8_9,fw26_ai,all,26,1.0,11,8,0,0.1101935132354859,,0.033012259952526615,0.034888398638130765
atlas_no_repeat,fw26_ai,all,,,74,51,12,0.026559082377524343,0.0008615620817208254,0.0098008701870465,0.008973405702670505
atlas_no_repeat,fw26_ai,all,,1.0,66,43,12,0.024197489566026117,0.0008615620817208254,0.008922499622189158,0.008241608987329115
atlas_no_repeat,fw26_ai,all,20,,62,42,12,0.023591326219832832,0.0008615620817208254,0.0077902394053348985,0.007594787538253535
atlas_no_repeat,fw26_ai,all,20,1.0,55,35,12,0.020609201121689652,0.0008615620817208254,0.006721719361836206,0.006886975180028211
atlas_no_repeat,fw26_ai,all,26,,12,9,0,0.03741583062985551,,0.016159005118949108,0.014090242700695851
atlas_no_repeat,fw26_ai,all,26,1.0,11,8,0,0.03590164441779208,,0.015173661751401642,0.013053450752522162
he_human_share,fw26_ai,all,,,74,51,12,0.10385555942714594,0.0015798659023084942,0.061267654477153384,0.054453133379657834
he_human_share,fw26_ai,all,,1.0,66,43,12,0.09706707064658543,0.0015798659023084942,0.05825186829464565,0.05132954780073487
he_human_share,fw26_ai,all,20,,62,42,12,0.10086549406449548,0.0015798659023084942,0.06486171198912441,0.057014717842873264
he_human_share,fw26_ai,all,20,1.0,55,35,12,0.0929963240865893,0.0015798659023084942,0.06203800895081987,0.053860307176519476
he_human_share,fw26_ai,all,26,,12,9,0,0.11680145876156077,,0.04047529986300185,0.03859900391233737
he_human_share,fw26_ai,all,26,1.0,11,8,0,0.11316781040310658,,0.037426657381052816,0.03610639027682458
hamidieh_first_order,fw26_ai,all,,,74,51,12,0.03233016170016627,0.0008504048983820406,0.012877454494625207,0.011313970135378345
hamidieh_first_order,fw26_ai,all,,1.0,66,43,12,0.032742377812499446,0.0008504048983820406,0.013220688178993167,0.011369144296376137
hamidieh_first_order,fw26_ai,all,20,,62,42,12,0.02852745116652571,0.0008504048983820406,0.010239735005859734,0.009330995646987694
hamidieh_first_order,fw26_ai,all,20,1.0,55,35,12,0.028677678182866387,0.0008504048983820406,0.010525781013091866,0.00941190231716257
hamidieh_first_order,fw26_ai,all,26,,12,9,0,0.04610008121352983,,0.021222313419105375,0.018426100942274887
hamidieh_first_order,fw26_ai,all,26,1.0,11,8,0,0.04652203671179099,,0.021325165055283028,0.018238013215585776
shukor_additive,fw26_ai,all,,,74,51,12,0.009192979919901898,0.0015147361955258508,0.018597101066980395,0.018903308623303954
shukor_additive,fw26_ai,all,,1.0,66,43,12,0.00850998402464559,0.0015147361955258508,0.019369996725928353,0.01943824579171399
shukor_additive,fw26_ai,all,20,,62,42,12,0.008397111837986368,0.0015147361955258508,0.017391090871951027,0.01816018652173775
shukor_additive,fw26_ai,all,20,1.0,55,35,12,0.007407091482813215,0.0015147361955258508,0.018148553514748877,0.01871905945621653
shukor_additive,fw26_ai,all,26,,12,9,0,0.012240971307540921,,0.02341784414780604,0.02235260699172099
shukor_additive,fw26_ai,all,26,1.0,11,8,0,0.01221565317569712,,0.023993518479650897,0.022694855411032538
shukor_joint,fw26_ai,all,,,74,51,12,0.005599355110484892,0.0013997628175122117,0.017221682802584667,0.01707126456740278
shukor_joint,fw26_ai,all,,1.0,66,43,12,0.005708849982863219,0.0013997628175122117,0.017968254209142907,0.01754762957124379
shukor_joint,fw26_ai,all,20,,62,42,12,0.004796267712620882,0.0013997628175122117,0.015748778596715352,0.015918885533431015
shukor_joint,fw26_ai,all,20,1.0,55,35,12,0.0048961634314882985,0.0013997628175122117,0.016303429244780503,0.016291398100958542
shukor_joint,fw26_ai,all,26,,12,9,0,0.008385277664067183,,0.0228737966048581,0.02208732789028897
shukor_joint,fw26_ai,all,26,1.0,11,8,0,0.008384338504613027,,0.023926548202424833,0.022813758151561957
sedova_ai_share_coupled,fw26_ai,all,,,74,51,12,0.016250391565937303,0.0006983322654466035,0.008422602202732124,0.009706615053822773
sedova_ai_share_coupled,fw26_ai,all,,1.0,66,43,12,0.01607302937284265,0.0006983322654466035,0.008728223041556078,0.010022723363653816
sedova_ai_share_coupled,fw26_ai,all,20,,62,42,12,0.01539322576877791,0.0006983322654466035,0.007950744983969584,0.009261335986833498
sedova_ai_share_coupled,fw26_ai,all,20,1.0,55,35,12,0.014920896263451179,0.0006983322654466035,0.008371358105673308,0.009644282431715136
sedova_ai_share_coupled,fw26_ai,all,26,,12,9,0,0.019764945811772506,,0.010343807044335138,0.011741218226282466
sedova_ai_share_coupled,fw26_ai,all,26,1.0,11,8,0,0.02036098494304671,,0.010142937519807145,0.011733242673385148
jain_token_weighted,fw26_ai,all,,,74,51,12,0.09423373130624303,0.0008328536146688616,0.039824275064822154,0.03449755948905608
jain_token_weighted,fw26_ai,all,,1.0,66,43,12,0.09023957146866446,0.0008328536146688616,0.038080366308855265,0.03245891036764454
jain_token_weighted,fw26_ai,all,20,,62,42,12,0.09076538125457176,0.0008328536146688616,0.04076017014835778,0.034981827994225036
jain_token_weighted,fw26_ai,all,20,1.0,55,35,12,0.08596893652331519,0.0008328536146688616,0.03903479175587863,0.0328696422710813
jain_token_weighted,fw26_ai,all,26,,12,9,0,0.10896937167575091,,0.03512861344703388,0.031878526240484824
jain_token_weighted,fw26_ai,all,26,1.0,11,8,0,0.10693673333286237,,0.033587369209729385,0.03032191053321705
ours_logshare_11,fw26_ai,all,,,74,51,12,0.021318290596912128,0.000757053507939563,0.006850589740360246,0.006944186352929824
ours_logshare_11,fw26_ai,all,,1.0,66,43,12,0.02115485115684453,0.000757053507939563,0.006807911719994401,0.006928091127012021
ours_logshare_11,fw26_ai,all,20,,62,42,12,0.018609967550274466,0.000757053507939563,0.0062844713695151535,0.006539016207654107
ours_logshare_11,fw26_ai,all,20,1.0,55,35,12,0.0181268436091538,0.000757053507939563,0.006292497985152891,0.006575592124692285
ours_logshare_11,fw26_ai,all,26,,12,9,0,0.030969604703391048,,0.009035037925078392,0.008743407706887566
ours_logshare_11,fw26_ai,all,26,1.0,11,8,0,0.031111304633644414,,0.008711385396356557,0.008473406695864428
chinchilla_5,cosmopedia,all,,,74,51,12,0.07875717279163381,0.006399092514915379,0.043265918903954675,0.03829264121856617
chinchilla_5,cosmopedia,all,,1.0,66,43,12,0.07536919408990787,0.006399092514915379,0.04142635818518018,0.03627199027438499
chinchilla_5,cosmopedia,all,20,,62,42,12,0.07665376137120544,0.006399092514915379,0.04618127188964857,0.0403278529518795
chinchilla_5,cosmopedia,all,20,1.0,55,35,12,0.07214364250529469,0.006399092514915379,0.044385942702789484,0.03818922195068812
chinchilla_5,cosmopedia,all,26,,12,9,0,0.08791014479053713,,0.02559321087985292,0.025290539437738756
chinchilla_5,cosmopedia,all,26,1.0,11,8,0,0.08810326510419685,,0.0245973543302894,0.0245328413518671
muennighoff_7,cosmopedia,all,,,74,51,12,0.07530419009496528,0.006611925708053756,0.04740714692872143,0.043202995010226015
muennighoff_7,cosmopedia,all,,1.0,66,43,12,0.07287319341323517,0.006611925708053756,0.046139749994933504,0.04175021026217431
muennighoff_7,cosmopedia,all,20,,62,42,12,0.07314373509235773,0.006611925708053756,0.05125355630504295,0.04596834405784665
muennighoff_7,cosmopedia,all,20,1.0,55,35,12,0.0696940753453032,0.006611925708053756,0.050138064782847304,0.04444904234935124
muennighoff_7,cosmopedia,all,26,,12,9,0,0.08466044730558121,,0.021828577475903686,0.024340317933236415
muennighoff_7,cosmopedia,all,26,1.0,11,8,0,0.08540151846289948,,0.021088494691029986,0.024080978234749736
cd_8,cosmopedia,all,,,74,51,12,0.07283088703800004,0.0067212877476970755,0.04639784734460489,0.043207912788786586
cd_8,cosmopedia,all,,1.0,66,43,12,0.07123726480641544,0.0067212877476970755,0.04552213041007749,0.042188062192871786
cd_8,cosmopedia,all,20,,62,42,12,0.070751725107437,0.0067212877476970755,0.05066886505855281,0.04617031844238153
cd_8,cosmopedia,all,20,1.0,55,35,12,0.06821801025136069,0.0067212877476970755,0.04995573794006248,0.04506206286861927
cd_8,cosmopedia,all,26,,12,9,0,0.08183816415160683,,0.014767640763052781,0.022336556220117897
cd_8,cosmopedia,all,26,1.0,11,8,0,0.0831675772780144,,0.014841731681029622,0.022935736300819604
lovelace_eq8_9,cosmopedia,all,,,74,51,12,0.07306904651250394,0.0067101253743294155,0.04772219897062309,0.04410813220566951
lovelace_eq8_9,cosmopedia,all,,1.0,66,43,12,0.0713785332788026,0.0067101253743294155,0.046776671819140726,0.04297773424729624
lovelace_eq8_9,cosmopedia,all,20,,62,42,12,0.07104307974699382,0.0067101253743294155,0.051962237877896736,0.04710667135985131
lovelace_eq8_9,cosmopedia,all,20,1.0,55,35,12,0.06840084041881327,0.0067101253743294155,0.051187706251429446,0.045901795513045796
lovelace_eq8_9,cosmopedia,all,26,,12,9,0,0.08186327212912548,,0.017463317307543025,0.023073498514306554
lovelace_eq8_9,cosmopedia,all,26,1.0,11,8,0,0.08316163599462943,,0.017248578360108874,0.023401702706853746
atlas_no_repeat,cosmopedia,all,,,74,51,12,0.024293945230504713,0.005875411197271685,0.010858300849582773,0.009812215397630664
atlas_no_repeat,cosmopedia,all,,1.0,66,43,12,0.02378148749174688,0.005875411197271685,0.01085367056052257,0.009674352041354303
atlas_no_repeat,cosmopedia,all,20,,62,42,12,0.021305222769358208,0.005875411197271685,0.009623170909388745,0.008937979440191396
atlas_no_repeat,cosmopedia,all,20,1.0,55,35,12,0.019894429767918203,0.005875411197271685,0.009442596677237998,0.008722268356863972
atlas_no_repeat,cosmopedia,all,26,,12,9,0,0.03501691463249942,,0.015360881027929008,0.013452585604508056
atlas_no_repeat,cosmopedia,all,26,1.0,11,8,0,0.03617051904191593,,0.015591668284089756,0.013459892201447395
he_human_share,cosmopedia,all,,,74,51,12,0.07875717285771157,0.00639909251198897,0.04326591848680213,0.03829264086688097
he_human_share,cosmopedia,all,,1.0,66,43,12,0.07536919413580204,0.00639909251198897,0.04142635775946918,0.036271989925833636
he_human_share,cosmopedia,all,20,,62,42,12,0.07665376143137656,0.00639909251198897,0.04618127145780401,0.04032785258545798
he_human_share,cosmopedia,all,20,1.0,55,35,12,0.07214364254356988,0.00639909251198897,0.04438594226055385,0.03818922158619752
he_human_share,cosmopedia,all,26,,12,9,0,0.08791014488114808,,0.025593210520116053,0.025290539172879843
he_human_share,cosmopedia,all,26,1.0,11,8,0,0.08810326517810346,,0.02459735396786922,0.02453284109678668
hamidieh_first_order,cosmopedia,all,,,74,51,12,0.027613273627963685,0.0058730611825836875,0.012145607032695849,0.0107089805927842
hamidieh_first_order,cosmopedia,all,,1.0,66,43,12,0.02843826958309269,0.0058730611825836875,0.012654139242736867,0.010904999321961654
hamidieh_first_order,cosmopedia,all,20,,62,42,12,0.02408240420044219,0.0058730611825836875,0.010534115416538465,0.009483522057930691
hamidieh_first_order,cosmopedia,all,20,1.0,55,35,12,0.024289379809186672,0.0058730611825836875,0.010888289372299227,0.009596293536368662
hamidieh_first_order,cosmopedia,all,26,,12,9,0,0.040178386721672704,,0.017834627991167976,0.015573433084017704
hamidieh_first_order,cosmopedia,all,26,1.0,11,8,0,0.04202160694637607,,0.01849341682864572,0.015908168124933487
shukor_additive,cosmopedia,all,,,74,51,12,0.008849950240328563,0.005630820446388266,0.01579116046138639,0.01636015516017747
shukor_additive,cosmopedia,all,,1.0,66,43,12,0.008152169436021822,0.005630820446388266,0.016722484808610487,0.017017652299057665
shukor_additive,cosmopedia,all,20,,62,42,12,0.008124057246525174,0.005630820446388266,0.015779929361649445,0.016483341913375568
shukor_additive,cosmopedia,all,20,1.0,55,35,12,0.007641718200305421,0.005630820446388266,0.016708288414000922,0.017140073804862994
shukor_additive,cosmopedia,all,26,,12,9,0,0.011654230152316689,,0.015843466991920796,0.015708308122229755
shukor_additive,cosmopedia,all,26,1.0,11,8,0,0.010086087343677863,,0.01678445285487679,0.01639183603044463
shukor_joint,cosmopedia,all,,,74,51,12,0.007979154162347986,0.005652723608854313,0.014805226126323384,0.014675735145300337
shukor_joint,cosmopedia,all,,1.0,66,43,12,0.007387552963946972,0.005652723608854313,0.015522602996843717,0.015135691293808973
shukor_joint,cosmopedia,all,20,,62,42,12,0.006913998682416516,0.005652723608854313,0.013955070585119066,0.014044174052983555
shukor_joint,cosmopedia,all,20,1.0,55,35,12,0.006697544133076249,0.005652723608854313,0.014524000947963665,0.014417596869336751
shukor_joint,cosmopedia,all,26,,12,9,0,0.01173442273206421,,0.018256453841290286,0.017581016780843187
shukor_joint,cosmopedia,all,26,1.0,11,8,0,0.00985372365328578,,0.019293038380209824,0.018308451824645477
sedova_ai_share_coupled,cosmopedia,all,,,74,51,12,0.018810584461691933,0.005964826585587196,0.006645699888100759,0.007071082868666357
sedova_ai_share_coupled,cosmopedia,all,,1.0,66,43,12,0.019063122103476368,0.005964826585587196,0.006985094665670797,0.007329496884313964
sedova_ai_share_coupled,cosmopedia,all,20,,62,42,12,0.017250285729050192,0.005964826585587196,0.006368869108821465,0.006810258951525061
sedova_ai_share_coupled,cosmopedia,all,20,1.0,55,35,12,0.01696951376063466,0.005964826585587196,0.006661936040333985,0.007039190100512213
sedova_ai_share_coupled,cosmopedia,all,26,,12,9,0,0.024827635705421517,,0.00780887629329037,0.008288942856034074
sedova_ai_share_coupled,cosmopedia,all,26,1.0,11,8,0,0.02633334137017462,,0.008251422822822159,0.008635864815249418
jain_token_weighted,cosmopedia,all,,,74,51,12,0.07345770916874043,0.005994375230145138,0.03138857408726518,0.026734515404985244
jain_token_weighted,cosmopedia,all,,1.0,66,43,12,0.0714233905738731,0.005994375230145138,0.030433856376051956,0.025367125852524954
jain_token_weighted,cosmopedia,all,20,,62,42,12,0.07074113685117048,0.005994375230145138,0.031622946239184276,0.026695521239936626
jain_token_weighted,cosmopedia,all,20,1.0,55,35,12,0.06775751045518953,0.005994375230145138,0.03051703933968898,0.025146494968273196
jain_token_weighted,cosmopedia,all,26,,12,9,0,0.08499466143133712,,0.030270853479272455,0.026935085957812296
jain_token_weighted,cosmopedia,all,26,1.0,11,8,0,0.08563594688997864,,0.030067225192841652,0.026442681372358837
ours_logshare_11,cosmopedia,all,,,74,51,12,0.02092368923011797,0.00594326888282814,0.006537003859295714,0.006560461921639013
ours_logshare_11,cosmopedia,all,,1.0,66,43,12,0.021637110076654385,0.00594326888282814,0.006867491224611232,0.006779610954642549
ours_logshare_11,cosmopedia,all,20,,62,42,12,0.017957432293225887,0.00594326888282814,0.006237369112793539,0.006274480469975402
ours_logshare_11,cosmopedia,all,20,1.0,55,35,12,0.018087545053657558,0.00594326888282814,0.006521307451850154,0.006460150316868016
ours_logshare_11,cosmopedia,all,26,,12,9,0,0.031241222036780952,,0.007784264094320199,0.007874274389046972
ours_logshare_11,cosmopedia,all,26,1.0,11,8,0,0.03294028666351226,,0.008212216167929004,0.008192132664648803
