law,target,fold,runs,objective,active_bounds,left_out_ai_runs,left_out_paired_rmse,cost_of_not_filtering_8b,ai_token_value_8b
ours_logshare_11,c4,all,726,0.013973260190467863,,0,,1.593157481468086,-0.7194715153033693
ours_logshare_11,c4,without_19.9M,573,0.003322469297530282,,113,0.01630093438078616,1.3434990547173336,-0.15691017463103668
ours_logshare_11,c4,without_35.8M,598,0.008303792103165456,,96,0.010064119879434981,1.5306219486450638,-0.6070540069786087
ours_logshare_11,c4,without_86.2M,613,0.012962201649507928,,88,0.0035119337488950654,1.7170517783744148,-0.908496686058504
ours_logshare_11,c4,without_135M,553,0.012045769095201442,,110,0.0026194911259642857,2.041858785501372,-1.2244527769423241
ours_logshare_11,c4,without_268M,567,0.012457620305000527,,95,0.0011168625415105095,1.7142413514709973,-0.8989529785130584
shukor_joint,c4,all,726,0.01636011692957927,logE,0,,0.826672530257121,1.6968846522749854
shukor_joint,c4,without_19.9M,573,0.0030086227152162155,mix_h_power;mix_ai_power;log_data_ai,113,0.01837438976209395,1.432725495502859,-0.37732340878224885
shukor_joint,c4,without_35.8M,598,0.012131260050679993,,96,0.008723594212165299,0.6580647103796348,2.727301941920869
shukor_joint,c4,without_86.2M,613,0.015215573021730587,log_data_ai,88,0.002909260468160651,0.7690527304621636,2.0140792953414746
shukor_joint,c4,without_135M,553,0.013540839579568179,logE;log_data_ai,110,0.002361683740164522,0.44903049094240055,4.964936280603224
shukor_joint,c4,without_268M,567,0.014234234877393177,mix_h_power;log_data_ai,95,0.002123706670062322,0.8678443576744233,1.4653884032710984
