name,core
135m-g054-ai-r0.0025,0.11072398673950815
135m-g054-ai-r0.005,0.09379262879180489
135m-g054-ai-r0.01,0.09319009662857164
135m-g054-ai-r0.025,0.1082162947290589
135m-g054-ai-r0.05,0.1042323939151646
135m-g054-ai-r0.1,0.10269344121032535
135m-g054-ai-r0.25,0.11023391092421965
135m-g054-ai-r0.5,0.11199806741140876
135m-g054-ai-r1,0.12068751149361644
135m-g054-control,0.10635676650869264
135m-g054-human-r0.0025,0.0945870416402161
135m-g054-human-r0.005,0.1012771014028546
135m-g054-human-r0.01,0.10081244818830118
135m-g054-human-r0.025,0.11142022463431232
135m-g054-human-r0.05,0.09141187050576915
135m-g055-ai-r0.025,0.08792648988196117
135m-g055-ai-r0.05,0.10262262570632842
135m-g055-control,0.09372327930253382
135m-g055-human-r0.025,0.09385796256368945
135m-g055-human-r0.05,0.09143067099330518
135m-g056-ai-r0.025,0.09737125029344405
135m-g056-ai-r0.05,0.10059488354812421
135m-g056-control,0.10223756789504149
135m-g056-human-r0.025,0.0931129878975597
135m-g056-human-r0.05,0.09768789047310768
135m-g057-ai-r0.0025,0.10857761184476304
135m-g057-ai-r0.005,0.10592275081513675
135m-g057-ai-r0.01,0.09778300431752057
135m-g057-ai-r0.025,0.10777819515106635
135m-g057-ai-r0.05,0.1072778755927366
135m-g057-ai-r0.1,0.10588137578940908
135m-g057-ai-r0.25,0.10812774336520174
135m-g057-ai-r0.5,0.1181410730469354
135m-g057-ai-r1,0.126677243053272
135m-g057-ai-r16,0.16310317955281947
135m-g057-ai-r2,0.14442641234731796
135m-g057-ai-r32,0.14936550397686876
135m-g057-ai-r4,0.1368887153267432
135m-g057-ai-r8,0.14891977710547968
135m-g057-control,0.11109681156604229
135m-g057-human-r0.0025,0.10159235225017288
135m-g057-human-r0.005,0.10893749507539091
135m-g057-human-r0.01,0.10638888325162264
135m-g057-human-r0.025,0.1109223274718668
135m-g057-human-r0.05,0.11104296216923192
135m-g057-human-r0.5,0.10640989830830065
135m-g057-human-r8,0.14796501113968788
135m-g058-ai-r0.0025,0.14074084119616007
135m-g058-ai-r0.005,0.13331115164550092
135m-g058-ai-r0.01,0.14686346030770384
135m-g058-ai-r0.025,0.13642435300194178
135m-g058-ai-r0.05,0.14372067835149982
135m-g058-ai-r0.1,0.13141597781527567
135m-g058-ai-r0.25,0.13296576859575526
135m-g058-ai-r0.5,0.1584858330989998
135m-g058-ai-r1,0.1541479117792468
135m-g058-control,0.1356815423285722
135m-g058-human-r0.0025,0.138002135436586
135m-g058-human-r0.005,0.13072374991775082
135m-g058-human-r0.01,0.13745087862684752
135m-g058-human-r0.025,0.13542734190036324
135m-g058-human-r0.05,0.14524985519509215
135m-g059-ai-r0.25,0.1393064195548526
135m-g059-ai-r1,0.1549382519831357
135m-g059-control,0.14014882966296274
135m-g060-ai-r0.025,0.13965999764459666
135m-g060-ai-r0.05,0.14132811006728532
135m-g060-ai-r0.25,0.15194861560533818
135m-g060-ai-r1,0.14536378442653128
135m-g060-control,0.1298498116775291
135m-g060-human-r0.025,0.13583422555477112
135m-g060-human-r0.05,0.13549004362816577
135m-g061-ai-r0.025,0.13313880329394862
135m-g061-ai-r0.05,0.13908776069021284
135m-g061-ai-r0.25,0.13938942794530404
135m-g061-ai-r1,0.15122297681394484
135m-g061-control,0.13453878115826698
135m-g061-human-r0.025,0.13485779592761116
135m-g061-human-r0.05,0.13847618827123603
135m-g062-ai-r0.25,0.14759865826143354
135m-g062-ai-r1,0.14833394445528925
135m-g062-control,0.1421316233702726
135m-g063-ai-r0.0025,0.13801029858185243
135m-g063-ai-r0.005,0.13839020149795203
135m-g063-ai-r0.01,0.14295416625727023
135m-g063-ai-r0.025,0.1469309206420253
135m-g063-ai-r0.05,0.13676584137712455
135m-g063-ai-r0.1,0.1446921145241748
135m-g063-ai-r0.25,0.1524124233074022
135m-g063-ai-r0.5,0.14968782009242493
135m-g063-ai-r1,0.15006843836121825
135m-g063-ai-r2,0.15756147358386435
135m-g063-ai-r4,0.15613462154832847
135m-g063-ai-r8,0.15391526031691335
135m-g063-control,0.14697972473994772
135m-g063-human-r0.0025,0.14297307720191668
135m-g063-human-r0.005,0.14736669071451647
135m-g063-human-r0.01,0.14819851727041547
135m-g063-human-r0.025,0.13864508458301658
135m-g063-human-r0.05,0.1429121103152723
135m-g063-human-r0.5,0.14960299788231557
135m-g063-human-r4,0.1600563912142184
135m-g064-ai-r0.025,0.14521199044143482
135m-g064-ai-r0.05,0.1523388764455543
135m-g064-ai-r0.25,0.14822091274880764
135m-g064-ai-r1,0.15379751087075205
135m-g064-control,0.14124714602642846
135m-g064-human-r0.025,0.15166378915538592
135m-g064-human-r0.05,0.15025777380629937
135m-g065-ai-r0.025,0.14747001598898862
135m-g065-ai-r0.05,0.14880605730664315
135m-g065-ai-r0.1,0.158692483472564
135m-g065-ai-r0.25,0.15556641449769126
135m-g065-ai-r0.5,0.1529576017539746
135m-g065-ai-r1,0.1520898922611708
135m-g065-control,0.15117202508857536
135m-g065-human-r0.025,0.1549540212201665
135m-g065-human-r0.05,0.15015985201389306
135m-g065-human-r0.5,0.14917494617204097
135m-g066-human-r0.25,0.14966358612565173
135m-g067-ai-r0.05,0.15048278647035643
135m-g067-ai-r0.1,0.15803922162697978
135m-g067-ai-r0.25,0.15403593567958573
135m-g067-ai-r0.5,0.15514810557809358
135m-g067-ai-r1,0.1688215240150939
135m-g067-control,0.1502464828211503
135m-g067-human-r0.25,0.15780903957744252
135m-g068-human-r0.25,0.1601037009854375
135m-g069-ai-r0.05,0.1569594921974283
135m-g069-ai-r0.1,0.14746881119438418
135m-g069-ai-r0.25,0.1481448219718933
135m-g069-ai-r0.5,0.1671349936323251
135m-g069-ai-r1,0.16731102482079568
135m-g069-control,0.14415857088013018
135m-g069-human-r0.25,0.16052972594357284
135m-g070-ai-r0.05,0.1545921279164599
135m-g070-ai-r0.1,0.15944403986742792
135m-g070-ai-r0.25,0.1732203478461038
135m-g070-ai-r0.5,0.17744024780363724
135m-g070-ai-r1,0.16463571481742642
135m-g070-control,0.15266725090884384
135m-g070-human-r0.25,0.16651784678964912
135m-g071-ai-r0.05,0.16764191455396624
135m-g071-ai-r0.1,0.1601320897131674
135m-g071-ai-r0.25,0.14990181598969324
135m-g071-ai-r0.5,0.17292884811604645
135m-g071-ai-r1,0.16663042546125653
135m-g071-control,0.15909804539911335
135m-g071-human-r0.25,0.15520528688091229
19.9m-g001-ai-r0.05,-0.011172268595231967
19.9m-g001-ai-r0.1,-0.00028382341525490115
19.9m-g001-ai-r0.25,0.017393859593612806
19.9m-g001-ai-r0.5,0.024950113360499137
19.9m-g001-ai-r1,0.021398919885398535
19.9m-g001-control,0.0066526578752910985
19.9m-g002-ai-r0.0227,-0.012454440406473715
19.9m-g002-ai-r0.0459,-0.01421107255256938
19.9m-g002-ai-r17.7,0.04549045605073596
19.9m-g002-ai-r2.01,0.04144507994755257
19.9m-g002-ai-r35.5,0.04315373648539759
19.9m-g002-ai-r4.24,0.05349040946218244
19.9m-g002-ai-r70.6,0.03974613061714901
19.9m-g002-ai-r8.73,0.05079677298595467
19.9m-g002-control,-0.008580779118282927
19.9m-g002-human-r0.025,-0.0077635491802462596
19.9m-g002-human-r0.05,-0.0050737777426579315
19.9m-g002-human-r4,0.04230754735451178
19.9m-g003-ai-r0.025,0.0020123000682875356
19.9m-g003-ai-r0.05,-0.0012072648811188138
19.9m-g003-ai-r0.1,0.0023185552173676164
19.9m-g003-ai-r2,0.04223472063264099
19.9m-g003-ai-r8,0.05685873269619097
19.9m-g003-control,-0.006931971026489469
19.9m-g003-human-r0.025,-0.005688001917889269
19.9m-g003-human-r0.05,-0.0009103511084981535
19.9m-g004-ai-r0.025,-0.012757911949086693
19.9m-g004-ai-r0.05,-0.008948282684853552
19.9m-g004-ai-r0.1,-0.0025341804445378983
19.9m-g004-control,-0.010596600506073344
19.9m-g004-human-r0.025,-0.012031290805110995
19.9m-g004-human-r0.05,-0.0049925418641755545
19.9m-g005-ai-r0.025,0.024857154096170876
19.9m-g005-ai-r0.05,0.04070727159459129
19.9m-g005-ai-r0.1,0.030576068314370444
19.9m-g005-ai-r0.25,0.038309423538156966
19.9m-g005-ai-r0.5,0.038991487522826704
19.9m-g005-ai-r1,0.03856905957057548
19.9m-g005-ai-r16,0.05811300046080274
19.9m-g005-ai-r2,0.050287695524768576
19.9m-g005-ai-r32,0.06079389811301961
19.9m-g005-ai-r4,0.05062100766377655
19.9m-g005-ai-r64,0.05701429882945404
19.9m-g005-ai-r8,0.061618110611250596
19.9m-g005-control,0.030089452258838887
19.9m-g005-human-r0.025,0.025830193847856522
19.9m-g005-human-r0.05,0.021858626151524393
19.9m-g005-human-r4,0.05624717206846402
19.9m-g006-ai-r0.05,0.04639665505459909
19.9m-g006-ai-r0.1,0.04074042927141847
19.9m-g006-ai-r0.25,0.03956160577334189
19.9m-g006-ai-r0.5,0.04299796862486719
19.9m-g006-ai-r1,0.044628290232801654
19.9m-g006-control,0.03553633422686093
19.9m-g007-ai-r0.0244,0.04157491019034189
19.9m-g007-ai-r0.0495,0.04325765115318228
19.9m-g007-ai-r17.5,0.04003116171964951
19.9m-g007-ai-r2.13,0.0599993070961869
19.9m-g007-ai-r34.7,0.044924681572659234
19.9m-g007-ai-r4.32,0.07260707310024418
19.9m-g007-ai-r69,0.052891829740518696
19.9m-g007-ai-r8.71,0.046007614164004756
19.9m-g007-control,0.04693784643753369
19.9m-g007-human-r0.025,0.04276600535669795
19.9m-g007-human-r0.05,0.039819664554266485
19.9m-g007-human-r2,0.05075182958699731
19.9m-g007-human-r4,0.06036489823809359
19.9m-g008-ai-r17.5,0.05995912640519984
19.9m-g008-ai-r2.13,0.0588723394463243
19.9m-g008-ai-r4.32,0.036988779506067285
19.9m-g008-control,0.05072488540949215
19.9m-g009-ai-r17.5,0.04651543791300352
19.9m-g009-ai-r2.13,0.05734355414246979
19.9m-g009-ai-r4.32,0.059836241360215585
19.9m-g009-control,0.044582136223298686
19.9m-g010-ai-r0.025,0.052627767241727026
19.9m-g010-ai-r0.05,0.04446746530388811
19.9m-g010-ai-r0.1,0.05855455853917541
19.9m-g010-ai-r0.25,0.04601666811600335
19.9m-g010-ai-r0.5,0.0475913690967443
19.9m-g010-ai-r1,0.05718477463722602
19.9m-g010-ai-r16,0.04927851146898857
19.9m-g010-ai-r2,0.06762662080334368
19.9m-g010-ai-r32,0.05964317135087886
19.9m-g010-ai-r4,0.05385818194853098
19.9m-g010-ai-r8,0.0613197708107688
19.9m-g010-control,0.04119233346990827
19.9m-g010-human-r0.025,0.053261781358444546
19.9m-g010-human-r0.05,0.0491802350400484
19.9m-g010-human-r2,0.05812120271994046
19.9m-g010-human-r4,0.06496975622647191
19.9m-g011-ai-r0.05,0.050674699980737946
19.9m-g011-ai-r0.1,0.05799113841326221
19.9m-g011-ai-r0.25,0.04680481743278368
19.9m-g011-ai-r0.5,0.05851083228664155
19.9m-g011-ai-r1,0.05001192352065431
19.9m-g011-control,0.05438658179277044
19.9m-g012-ai-r0.05,0.06431732677416034
19.9m-g012-ai-r0.1,0.04978555239482465
19.9m-g012-ai-r0.25,0.055776340060356894
19.9m-g012-ai-r0.5,0.04495643106668874
19.9m-g012-ai-r1,0.046304569989830256
19.9m-g012-control,0.05125885131696947
19.9m-g013-ai-r17.2,0.04489617369027868
19.9m-g013-ai-r2.1,0.055113494081003106
19.9m-g013-ai-r4.25,0.06259423245686181
19.9m-g013-ai-r8.57,0.0505866331527731
19.9m-g013-control,0.05212287264866838
19.9m-g013-human-r2,0.06989674318440414
19.9m-g014-ai-r0.25,0.05778509160097703
19.9m-g014-ai-r1,0.06307755286281863
19.9m-g014-control,0.045136759990953526
19.9m-g015-ai-r0.05,0.056177131048160495
19.9m-g015-ai-r0.1,0.05431698500963484
19.9m-g015-ai-r0.25,0.05966615271119908
19.9m-g015-ai-r0.5,0.05691664760505204
19.9m-g015-ai-r1,0.053088286864885266
19.9m-g015-control,0.0547640960197249
19.9m-g016-ai-r0.05,0.06831603331238265
19.9m-g016-ai-r0.1,0.05997593925148367
19.9m-g016-ai-r0.25,0.04922510553302857
19.9m-g016-ai-r0.5,0.06311387960871309
19.9m-g016-ai-r1,0.06437009622356943
19.9m-g016-control,0.051897150394827
19.9m-g017-ai-r0.05,0.05178679914903808
19.9m-g017-ai-r0.1,0.06816778891585336
19.9m-g017-ai-r0.25,0.0583412201832132
19.9m-g017-ai-r0.5,0.06449100030863038
19.9m-g017-ai-r1,0.05500436012298144
19.9m-g017-ai-r16,0.06379866836601981
19.9m-g017-ai-r2,0.05310283369814257
19.9m-g017-ai-r4,0.05439447461681062
19.9m-g017-ai-r8,0.056113675588279066
19.9m-g017-control,0.06678630438305556
19.9m-g017-human-r2,0.06093113348035304
19.9m-g018-ai-r0.05,0.06293263075921743
19.9m-g018-ai-r0.1,0.04715934366941104
19.9m-g018-ai-r0.25,0.05861108972473683
19.9m-g018-ai-r0.5,0.06183738978114099
19.9m-g018-ai-r1,0.0665812876717876
19.9m-g018-control,0.05549265827541834
19.9m-g019-ai-r0.05,0.06363665625185297
19.9m-g019-ai-r0.1,0.05462369798006787
19.9m-g019-ai-r0.25,0.06478629940335193
19.9m-g019-ai-r0.5,0.06526079557501131
19.9m-g019-ai-r1,0.053974624629012584
19.9m-g019-control,0.05773247455117369
19.9m-g020-ai-r0.05,0.06979385360047673
19.9m-g020-ai-r0.1,0.06243011724173254
19.9m-g020-ai-r0.25,0.059859653784163205
19.9m-g020-ai-r0.5,0.051850180924814596
19.9m-g020-ai-r1,0.05498433036641233
19.9m-g020-control,0.05487362829141554
268m-g072-ai-r0.0025,0.1373844751333445
268m-g072-ai-r0.005,0.1430040035658961
268m-g072-ai-r0.01,0.14137736068768908
268m-g072-ai-r0.025,0.13351912648005768
268m-g072-ai-r0.05,0.14350537109634195
268m-g072-ai-r0.1,0.13825068637196225
268m-g072-ai-r0.25,0.13869377252689594
268m-g072-ai-r0.5,0.16210055873884724
268m-g072-ai-r1,0.17039030217183043
268m-g072-control,0.13352278528488581
268m-g072-human-r0.0025,0.1396275693940555
268m-g072-human-r0.005,0.1444585741430776
268m-g072-human-r0.01,0.1298518187129439
268m-g072-human-r0.025,0.12782773177163756
268m-g072-human-r0.05,0.13496323288847664
268m-g075-ai-r0.0025,0.155407489625045
268m-g075-ai-r0.005,0.13890604913727747
268m-g075-ai-r0.01,0.1396457593452744
268m-g075-ai-r0.025,0.14102121326377287
268m-g075-ai-r0.05,0.13717005045129207
268m-g075-ai-r0.1,0.13565443733387458
268m-g075-ai-r0.25,0.15571349710797386
268m-g075-ai-r0.5,0.15524696935325807
268m-g075-ai-r1,0.16625852706110195
268m-g075-ai-r2,0.17801165610195852
268m-g075-ai-r4,0.18884242796322834
268m-g075-control,0.13472209439427854
268m-g075-human-r0.0025,0.13760919892453152
268m-g075-human-r0.005,0.13371667646848112
268m-g075-human-r0.01,0.13726971529415974
268m-g075-human-r0.025,0.14055518479430545
268m-g075-human-r0.05,0.14718367624325435
268m-g075-human-r0.25,0.14645667294522036
268m-g075-human-r1,0.1469564329623365
268m-g076-ai-r0.0025,0.17485898730083796
268m-g076-ai-r0.005,0.16373995100442865
268m-g076-ai-r0.01,0.1807277657901921
268m-g076-ai-r0.025,0.17647482975638693
268m-g076-ai-r0.05,0.1851582253184851
268m-g076-ai-r0.1,0.1781961674141982
268m-g076-ai-r0.25,0.18564800070681506
268m-g076-ai-r0.5,0.17854377186842146
268m-g076-ai-r1,0.18528932990486038
268m-g076-control,0.16459022386456051
268m-g076-human-r0.0025,0.1713909414607417
268m-g076-human-r0.005,0.1811748467884393
268m-g076-human-r0.01,0.17342745371152485
268m-g076-human-r0.025,0.18007794059643598
268m-g076-human-r0.05,0.16977784602383628
268m-g077-ai-r0.25,0.18651991124699044
268m-g077-ai-r1,0.19250884333818205
268m-g077-control,0.16300259993176494
268m-g080-ai-r0.25,0.180768771725187
268m-g080-ai-r1,0.18482667731819555
268m-g080-control,0.17085964284267915
268m-g081-ai-r0.0025,0.17866121818360503
268m-g081-ai-r0.005,0.1721277548931971
268m-g081-ai-r0.01,0.17084946131207795
268m-g081-ai-r0.025,0.1716024899047592
268m-g081-ai-r0.05,0.17648214840133536
268m-g081-ai-r0.1,0.17954217084919322
268m-g081-ai-r0.25,0.19146788108497584
268m-g081-ai-r0.5,0.17648063638216352
268m-g081-ai-r1,0.1937380338605113
268m-g081-ai-r2,0.2103939371105852
268m-g081-ai-r4,0.1985449707242264
268m-g081-control,0.1760479249180991
268m-g081-human-r0.0025,0.17820938539913053
268m-g081-human-r0.005,0.17271243235587
268m-g081-human-r0.01,0.18112753543497723
268m-g081-human-r0.025,0.1763181736708646
268m-g081-human-r0.05,0.17990126487352542
268m-g081-human-r0.25,0.19467004490372056
268m-g082-ai-r0.025,0.1885108914885471
268m-g082-ai-r0.05,0.1965476248992811
268m-g082-ai-r0.1,0.18832167943985534
268m-g082-ai-r0.25,0.19516939974777855
268m-g082-ai-r0.5,0.20757383419586703
268m-g082-ai-r1,0.209292373653533
268m-g082-control,0.1869651621627849
268m-g082-human-r0.025,0.18869547264618713
268m-g082-human-r0.05,0.1863396440928452
268m-g082-human-r0.25,0.18987940721777471
268m-g082-human-r1,0.2007107525834397
268m-g083-ai-r0.025,0.1977871868504063
268m-g083-ai-r0.05,0.20217377843190656
268m-g083-ai-r0.1,0.19703165501275494
268m-g083-ai-r0.25,0.19139569415746963
268m-g083-ai-r0.5,0.2096855122318195
268m-g083-ai-r1,0.20070081964377365
268m-g083-control,0.19183564287603866
268m-g083-human-r0.025,0.19758132113819862
268m-g083-human-r0.05,0.19686683014750547
268m-g083-human-r0.25,0.19198253535092186
268m-g083-human-r1,0.2035644801504265
268m-g084-ai-r0.05,0.20379540063454868
268m-g084-ai-r0.1,0.2039333712973301
268m-g084-ai-r0.25,0.19840287624284836
268m-g084-ai-r0.5,0.20557330331209808
268m-g084-ai-r1,0.2186019219906767
268m-g084-control,0.19257216953733486
268m-g084-human-r0.25,0.20538450559047441
268m-g085-ai-r0.05,0.20361544453728808
268m-g085-ai-r0.1,0.20726671126814997
268m-g085-ai-r0.25,0.195245393643626
268m-g085-ai-r0.5,0.20722930557182195
268m-g085-ai-r1,0.20502005175795315
268m-g085-control,0.20217345023685507
268m-g085-human-r0.25,0.1971318009679894
268m-g086-ai-r0.05,0.19949311164814512
268m-g086-ai-r0.1,0.19908000297238757
268m-g086-ai-r0.25,0.21037454194911787
268m-g086-ai-r0.5,0.2062379996850957
268m-g086-ai-r1,0.22296605594726648
268m-g086-control,0.1953147909140861
268m-g086-human-r0.25,0.19841068220931593
268m-g087-ai-r0.05,0.20461672459117305
268m-g087-ai-r0.1,0.20568142962606475
268m-g087-ai-r0.25,0.21405091965611706
268m-g087-ai-r0.5,0.22325346782729627
268m-g087-ai-r1,0.2045105905140567
268m-g087-control,0.2035673845194707
268m-g087-human-r0.25,0.20345250093464287
268m-g088-ai-r0.05,0.19981551227830122
268m-g088-ai-r0.1,0.2047971267445935
268m-g088-ai-r0.25,0.21716839249264505
268m-g088-ai-r0.5,0.2193181207141956
268m-g088-ai-r1,0.22115912451319408
268m-g088-control,0.20189689032324373
268m-g088-human-r0.1,0.20727328973366957
35.8m-g021-ai-r0.05,0.0301045538721596
35.8m-g021-ai-r0.1,0.04201237184448611
35.8m-g021-ai-r0.25,0.04287760315302597
35.8m-g021-ai-r0.5,0.04395000535432204
35.8m-g021-ai-r1,0.03794591870042652
35.8m-g021-control,0.03623422306880317
35.8m-g022-ai-r0.0234,0.04308870990532689
35.8m-g022-ai-r0.0465,0.024670371780973376
35.8m-g022-ai-r17.6,0.06310588105367418
35.8m-g022-ai-r2.1,0.0691817298816344
35.8m-g022-ai-r35,0.07286861275471501
35.8m-g022-ai-r4.31,0.05419891718498519
35.8m-g022-ai-r69.6,0.07089465776097902
35.8m-g022-ai-r8.76,0.05474823099579684
35.8m-g022-control,0.03868113054516748
35.8m-g022-human-r0.025,0.04083891784033389
35.8m-g022-human-r0.05,0.046742113672168024
35.8m-g022-human-r4,0.061778674126265185
35.8m-g023-ai-r0.025,0.04482355411869237
35.8m-g023-ai-r0.05,0.03547269811110224
35.8m-g023-ai-r0.1,0.042466906006991476
35.8m-g023-ai-r0.25,0.0506327209676875
35.8m-g023-ai-r0.5,0.059731250576697176
35.8m-g023-ai-r1,0.052362054279117325
35.8m-g023-ai-r16,0.06718965877353945
35.8m-g023-ai-r2,0.0675144526652773
35.8m-g023-ai-r32,0.07331900465464665
35.8m-g023-ai-r4,0.0728409104262599
35.8m-g023-ai-r64,0.0671040920916946
35.8m-g023-ai-r8,0.0632894949496057
35.8m-g023-control,0.03909918839458511
35.8m-g023-human-r0.025,0.04770080649735097
35.8m-g023-human-r0.05,0.05064189227737693
35.8m-g023-human-r4,0.0730411372226331
35.8m-g024-ai-r0.05,0.05553342861965509
35.8m-g024-ai-r0.1,0.06101042653462492
35.8m-g024-ai-r0.25,0.05764597610179194
35.8m-g024-ai-r0.5,0.05797367205718887
35.8m-g024-ai-r1,0.07874052634581993
35.8m-g024-control,0.04885170955194593
35.8m-g025-ai-r0.0256,0.06845091716945363
35.8m-g025-ai-r0.0514,0.06473577078319158
35.8m-g025-ai-r17.2,0.07435966425022507
35.8m-g025-ai-r2.11,0.05951546066120458
35.8m-g025-ai-r34.4,0.07098907295559903
35.8m-g025-ai-r4.28,0.05874604302233032
35.8m-g025-ai-r8.61,0.07366116652867048
35.8m-g025-control,0.06507716839685469
35.8m-g025-human-r0.025,0.06585282273270163
35.8m-g025-human-r0.05,0.05615652673341012
35.8m-g025-human-r2,0.06404975540502544
35.8m-g025-human-r4,0.08031283544443335
35.8m-g026-ai-r0.025,0.0744362424913178
35.8m-g026-ai-r0.05,0.0687372776835437
35.8m-g026-ai-r0.1,0.061570195493904564
35.8m-g026-ai-r0.25,0.07072456696501953
35.8m-g026-ai-r0.5,0.06977643000380253
35.8m-g026-ai-r1,0.08112712314817569
35.8m-g026-ai-r16,0.071873275011592
35.8m-g026-ai-r2,0.07198261703453186
35.8m-g026-ai-r32,0.07304291824960486
35.8m-g026-ai-r4,0.08917682618207666
35.8m-g026-ai-r8,0.07436159889978533
35.8m-g026-control,0.055917300966783004
35.8m-g026-human-r0.025,0.052974106267483195
35.8m-g026-human-r0.05,0.06976227215943585
35.8m-g026-human-r2,0.08234240934750386
35.8m-g026-human-r4,0.07516905567072941
35.8m-g027-ai-r0.05,0.07715423481010711
35.8m-g027-ai-r0.1,0.060283004683122046
35.8m-g027-ai-r0.25,0.0660489640474788
35.8m-g027-ai-r0.5,0.06352846051115925
35.8m-g027-ai-r1,0.05786563309018005
35.8m-g027-control,0.0682226329384815
35.8m-g028-ai-r0.05,0.07739972716164245
35.8m-g028-ai-r0.1,0.07353234466205884
35.8m-g028-ai-r0.25,0.06871934117655419
35.8m-g028-ai-r0.5,0.06906395531152248
35.8m-g028-ai-r1,0.07677887022445144
35.8m-g028-control,0.07529868367072695
35.8m-g029-ai-r0.05,0.06734158132471059
35.8m-g029-ai-r0.1,0.05878742227114641
35.8m-g029-ai-r0.25,0.07846175591265418
35.8m-g029-ai-r0.5,0.0669327266357765
35.8m-g029-ai-r1,0.06788725822487808
35.8m-g029-control,0.05847638949265248
35.8m-g030-ai-r2.08,0.07713812178173214
35.8m-g030-ai-r4.21,0.0731377107406464
35.8m-g030-ai-r8.51,0.06299069389383141
35.8m-g030-control,0.06812317948456391
35.8m-g030-human-r2,0.07792556321998978
35.8m-g031-ai-r0.25,0.06786150324753065
35.8m-g031-ai-r1,0.07527706139730606
35.8m-g031-control,0.0762110189446774
35.8m-g032-ai-r0.05,0.05753685920341411
35.8m-g032-ai-r0.1,0.06921297127601857
35.8m-g032-ai-r0.25,0.07301152579155488
35.8m-g032-ai-r0.5,0.0660212954369336
35.8m-g032-ai-r1,0.0753331350998172
35.8m-g032-control,0.06154361935162802
35.8m-g033-ai-r0.05,0.06547421820208833
35.8m-g033-ai-r0.1,0.07422198456338985
35.8m-g033-ai-r0.25,0.07063843865137982
35.8m-g033-ai-r0.5,0.08756579906148526
35.8m-g033-ai-r1,0.08677599987371684
35.8m-g033-ai-r2,0.09080808146914887
35.8m-g033-ai-r4,0.07153510002943785
35.8m-g033-ai-r8,0.06715957903441076
35.8m-g033-control,0.07740402293045152
35.8m-g033-human-r2,0.06342665211804471
35.8m-g034-ai-r0.05,0.06476949384951564
35.8m-g034-ai-r0.1,0.06317582811049474
35.8m-g034-ai-r0.25,0.08405448289391991
35.8m-g034-ai-r0.5,0.07803477380678697
35.8m-g034-ai-r1,0.07698222213314668
35.8m-g034-control,0.07012205342214896
35.8m-g035-ai-r0.05,0.07197006390312972
35.8m-g035-ai-r0.1,0.08118571209253928
35.8m-g035-ai-r0.25,0.08263532079196102
35.8m-g035-ai-r0.5,0.08836714855170841
35.8m-g035-ai-r1,0.08604362420101601
35.8m-g035-control,0.07892400231384027
35.8m-g036-ai-r0.05,0.08808075420295912
35.8m-g036-ai-r0.1,0.07617247853688992
35.8m-g036-ai-r0.25,0.0870775618210783
35.8m-g036-ai-r0.5,0.07606245497114929
35.8m-g036-ai-r1,0.0940307481718532
35.8m-g036-control,0.08124955660289762
477m-g089-ai-r0.0025,0.16544543831058353
477m-g089-ai-r0.025,0.16179123321135921
477m-g089-ai-r0.05,0.16781037643126398
477m-g089-ai-r0.1,0.1669170049231672
477m-g089-ai-r0.25,0.1675660240148349
477m-g089-ai-r0.5,0.1928489818345297
477m-g089-ai-r1,0.19677409772886814
477m-g089-control,0.16512847044215234
477m-g089-human-r0.0025,0.16078523316719798
477m-g089-human-r0.025,0.16433745716470594
477m-g089-human-r0.05,0.17243378955011976
477m-g090-ai-r0.0025,0.171720308447568
477m-g090-ai-r0.025,0.15448665008383242
477m-g090-ai-r0.05,0.17259741359535966
477m-g090-ai-r0.1,0.16425297558938942
477m-g090-ai-r0.25,0.17805249626252573
477m-g090-ai-r0.5,0.19020156118776743
477m-g090-ai-r1,0.1969548202158407
477m-g090-control,0.1586872381367099
477m-g090-human-r0.0025,0.1671928494024236
477m-g090-human-r0.025,0.1775162601096622
477m-g090-human-r0.05,0.16568630820938218
477m-g091-ai-r0.0025,0.2112461501312664
477m-g091-ai-r0.025,0.2091600224200467
477m-g091-ai-r0.05,0.2101878919376459
477m-g091-ai-r0.1,0.2098057061563102
477m-g091-ai-r0.25,0.21519416074143782
477m-g091-ai-r0.5,0.22565463128154467
477m-g091-ai-r1,0.24113131828258416
477m-g091-control,0.20097489318097297
477m-g091-human-r0.0025,0.2154651677467565
477m-g091-human-r0.025,0.20305881961995798
477m-g091-human-r0.05,0.21653256126334652
477m-g092-ai-r0.0025,0.203449314773017
477m-g092-ai-r0.025,0.20691458180736647
477m-g092-ai-r0.05,0.19360273222243585
477m-g092-ai-r0.1,0.20492286305424748
477m-g092-ai-r0.25,0.22168028770952095
477m-g092-ai-r0.5,0.21776031055340014
477m-g092-ai-r1,0.234981353689274
477m-g092-control,0.2028363851878525
477m-g092-human-r0.0025,0.20608967269345888
477m-g092-human-r0.025,0.20909653757814073
477m-g092-human-r0.05,0.20915927666714926
477m-g094-ai-r0.05,0.2251985502562863
477m-g094-ai-r0.1,0.23159068678901384
477m-g094-ai-r0.25,0.24335876075919025
477m-g094-ai-r0.5,0.24421629425280927
477m-g094-ai-r1,0.2414101041744236
477m-g094-control,0.2291773738381907
86.2m-g037-ai-r0.05,0.07926882609133422
86.2m-g037-ai-r0.1,0.0889242848625224
86.2m-g037-ai-r0.25,0.07589789894379496
86.2m-g037-ai-r0.5,0.09095852387566351
86.2m-g037-ai-r1,0.0881043944706207
86.2m-g037-control,0.07118078493759886
86.2m-g038-ai-r17.3,0.11926200286601056
86.2m-g038-ai-r2.12,0.09945873680738404
86.2m-g038-ai-r34.5,0.1198108360440024
86.2m-g038-ai-r4.3,0.0919170221438721
86.2m-g038-ai-r8.66,0.11139636579918513
86.2m-g038-control,0.07711988791450014
86.2m-g038-human-r4,0.11206537908161204
86.2m-g039-ai-r0.025,0.07565012991934426
86.2m-g039-ai-r0.05,0.07736097110056335
86.2m-g039-ai-r0.1,0.07892154451412849
86.2m-g039-ai-r0.25,0.09466652533179244
86.2m-g039-ai-r0.5,0.09481152248116391
86.2m-g039-ai-r1,0.1096914701816952
86.2m-g039-ai-r16,0.11718298543216156
86.2m-g039-ai-r2,0.10463859536318526
86.2m-g039-ai-r32,0.11650195795548145
86.2m-g039-ai-r4,0.11125941883438069
86.2m-g039-ai-r8,0.11644570764191861
86.2m-g039-control,0.08978994414512961
86.2m-g039-human-r0.025,0.0738999686257768
86.2m-g039-human-r0.05,0.08733184913522446
86.2m-g039-human-r4,0.11386093575593219
86.2m-g040-ai-r0.05,0.10742342047541643
86.2m-g040-ai-r0.1,0.10208634920122636
86.2m-g040-ai-r0.25,0.11851046046269208
86.2m-g040-ai-r0.5,0.11777683025158191
86.2m-g040-ai-r1,0.11375291600609518
86.2m-g040-ai-r2.08,0.12344039650059603
86.2m-g040-ai-r4.22,0.13088192759112516
86.2m-g040-control,0.11557453610542248
86.2m-g041-ai-r2.08,0.12068289897906691
86.2m-g041-ai-r4.22,0.13657483460579048
86.2m-g041-ai-r8,0.13035285786974832
86.2m-g041-control,0.09160400322998234
86.2m-g041-human-r2,0.12558347956812
86.2m-g042-ai-r1,0.12554922707007848
86.2m-g042-control,0.10650672275966167
86.2m-g043-ai-r1,0.11539620896111505
86.2m-g043-control,0.11136971256913088
86.2m-g044-ai-r0.025,0.10327114052034068
86.2m-g044-ai-r0.05,0.11275518045860154
86.2m-g044-ai-r0.1,0.1157462004657825
86.2m-g044-ai-r0.25,0.1154594609558663
86.2m-g044-ai-r0.5,0.11873208262290563
86.2m-g044-ai-r1,0.11805592155506539
86.2m-g044-ai-r2,0.11715760852203702
86.2m-g044-ai-r4,0.12563649458949205
86.2m-g044-ai-r8,0.12912780493089435
86.2m-g044-control,0.11151844088681596
86.2m-g044-human-r0.025,0.11009864476939314
86.2m-g044-human-r0.05,0.11805714197549645
86.2m-g044-human-r2,0.12688792850643568
86.2m-g045-ai-r0.05,0.11424475395350318
86.2m-g045-ai-r0.1,0.12066688162442353
86.2m-g045-ai-r0.25,0.11525514254215162
86.2m-g045-ai-r0.5,0.12582628209077418
86.2m-g045-ai-r1,0.11928859229010583
86.2m-g045-control,0.1192826708852463
86.2m-g046-ai-r0.05,0.13422432792122918
86.2m-g046-ai-r0.1,0.12066135521041842
86.2m-g046-ai-r0.25,0.138673862904586
86.2m-g046-ai-r0.5,0.13273309334103833
86.2m-g046-ai-r1,0.1347134845901289
86.2m-g046-control,0.12050055821210504
86.2m-g047-ai-r0.05,0.12530534280279113
86.2m-g047-ai-r0.1,0.1171028469911673
86.2m-g047-ai-r0.25,0.12683287421756842
86.2m-g047-ai-r0.5,0.12525604109685726
86.2m-g047-ai-r1,0.1363531026341149
86.2m-g047-ai-r2.07,0.1337052976327853
86.2m-g047-ai-r4.2,0.1431996666068668
86.2m-g047-control,0.11314258657327797
86.2m-g048-ai-r0.25,0.1277440345244987
86.2m-g048-ai-r1,0.13059965027148093
86.2m-g048-control,0.11339043539820065
86.2m-g049-ai-r0.05,0.12578412876389167
86.2m-g049-ai-r0.1,0.13104933122614446
86.2m-g049-ai-r0.25,0.1338936813894732
86.2m-g049-ai-r0.5,0.12250927984573222
86.2m-g049-ai-r1,0.14240237722375249
86.2m-g049-ai-r2,0.11988473271530821
86.2m-g049-ai-r4,0.12958535342607724
86.2m-g049-control,0.12262548062024409
86.2m-g050-ai-r0.05,0.12282138367311139
86.2m-g050-ai-r0.1,0.12489786433963396
86.2m-g050-ai-r0.25,0.11559909509808351
86.2m-g050-ai-r0.5,0.11461767648016519
86.2m-g050-ai-r1,0.12771949657176596
86.2m-g050-control,0.13307593036955012
86.2m-g051-ai-r0.05,0.12968477164097097
86.2m-g051-ai-r0.1,0.12166134440732343
86.2m-g051-ai-r0.25,0.1338967073248254
86.2m-g051-ai-r0.5,0.13740746562493952
86.2m-g051-ai-r1,0.13260636628133687
86.2m-g051-control,0.13331511788072178
86.2m-g052-ai-r0.05,0.12723514371271788
86.2m-g052-ai-r0.1,0.12201925606926033
86.2m-g052-ai-r0.25,0.1275285589534301
86.2m-g052-ai-r0.5,0.1324004697720003
86.2m-g052-ai-r1,0.13283404260623558
86.2m-g052-control,0.12391761725273996
86.2m-g053-ai-r0.05,0.13299271517706557
86.2m-g053-ai-r0.1,0.12669337726102814
86.2m-g053-ai-r0.25,0.12888015201983294
86.2m-g053-ai-r0.5,0.12329191799002627
86.2m-g053-ai-r1,0.13448997680435412
86.2m-g053-control,0.1189664767047491
973m-g097-control,0.2017201551965763
973m-g098-ai-r0.05,0.25998334023017206
973m-g098-ai-r0.1,0.2684772177801553
973m-g098-ai-r0.25,0.2773808512815884
973m-g098-ai-r0.5,0.28476956405616616
973m-g098-ai-r1,0.27240277196217394
973m-g098-control,0.26776274285325474
973m-g099-ai-r0.05,0.27927780037800687
973m-g099-ai-r0.1,0.28355897420230597
973m-g099-ai-r0.25,0.30589358712047493
973m-g099-ai-r0.5,0.3059203638196698
973m-g099-control,0.2767355582578617
