name,group,arm,size,depth,n_params,seed,added_ratio,human_tokens,ai_tokens,total_tokens,steps,split
19.9m-g001-control,g001,control,19.9m,4,19923026,1337,0,57671680,0,57671680,220,fit
19.9m-g001-ai-r0.05,g001,ai,19.9m,4,19923026,1337,0.05,58029803,2525461,60555264,231,fit
19.9m-g001-ai-r0.1,g001,ai,19.9m,4,19923026,1337,0.1,58333666,5105182,63438848,242,fit
19.9m-g001-ai-r0.25,g001,ai,19.9m,4,19923026,1337,0.25,58887076,13202524,72089600,275,fit
19.9m-g001-ai-r0.5,g001,ai,19.9m,4,19923026,1337,0.5,59404458,27103062,86507520,330,fit
19.9m-g001-ai-r1,g001,ai,19.9m,4,19923026,1337,1,59051985,56291375,115343360,440,fit
19.9m-g002-control,g002,control,19.9m,4,19923026,1337,0,57671680,0,57671680,220,fit
19.9m-g002-ai-r0.0227,g002,ai,19.9m,4,19923026,1337,0.0227,57674513,1307887,58982400,225,fit
19.9m-g002-ai-r0.0459,g002,ai,19.9m,4,19923026,1337,0.0459,57646901,2646219,60293120,230,fit
19.9m-g002-ai-r2.01,g002,ai,19.9m,4,19923026,1337,2.01,57664325,116137147,173801472,663,fit
19.9m-g002-ai-r4.24,g002,ai,19.9m,4,19923026,1337,4.24,57677892,244574140,302252032,1153,fit
19.9m-g002-ai-r8.73,g002,ai,19.9m,4,19923026,1337,8.73,57659633,503590671,561250304,2141,fit
19.9m-g002-ai-r17.7,g002,ai,19.9m,4,19923026,1337,17.7,57674520,1020261608,1077936128,4112,fit
19.9m-g002-ai-r35.5,g002,ai,19.9m,4,19923026,1337,35.5,57668393,2048134359,2105802752,8033,fit
19.9m-g002-ai-r70.6,g002,ai,19.9m,4,19923026,1337,70.6,57670394,4069524742,4127195136,15744,fit
19.9m-g002-human-r0.025,g002,human,19.9m,4,19923026,1337,0.025,58982400,0,58982400,225,fit
19.9m-g002-human-r0.05,g002,human,19.9m,4,19923026,1337,0.05,60555264,0,60555264,231,fit
19.9m-g002-human-r4,g002,human,19.9m,4,19923026,1337,4,288358400,0,288358400,1100,fit
19.9m-g003-control,g003,control,19.9m,4,19923026,271828,0,57671680,0,57671680,220,fit
19.9m-g003-ai-r0.025,g003,ai,19.9m,4,19923026,271828,0.025,57674513,1307887,58982400,225,fit
19.9m-g003-ai-r0.05,g003,ai,19.9m,4,19923026,271828,0.05,57646901,2646219,60293120,230,fit
19.9m-g003-ai-r0.1,g003,ai,19.9m,4,19923026,271828,0.1,57730555,5184005,62914560,240,fit
19.9m-g003-ai-r2,g003,ai,19.9m,4,19923026,271828,2,57664325,116137147,173801472,663,fit
19.9m-g003-ai-r8,g003,ai,19.9m,4,19923026,271828,8,57659633,503590671,561250304,2141,fit
19.9m-g003-human-r0.025,g003,human,19.9m,4,19923026,271828,0.025,58982400,0,58982400,225,fit
19.9m-g003-human-r0.05,g003,human,19.9m,4,19923026,271828,0.05,60555264,0,60555264,231,fit
19.9m-g004-control,g004,control,19.9m,4,19923026,314159,0,57671680,0,57671680,220,fit
19.9m-g004-ai-r0.025,g004,ai,19.9m,4,19923026,314159,0.025,57674513,1307887,58982400,225,fit
19.9m-g004-ai-r0.05,g004,ai,19.9m,4,19923026,314159,0.05,57646901,2646219,60293120,230,fit
19.9m-g004-ai-r0.1,g004,ai,19.9m,4,19923026,314159,0.1,57730555,5184005,62914560,240,fit
19.9m-g004-human-r0.025,g004,human,19.9m,4,19923026,314159,0.025,58982400,0,58982400,225,fit
19.9m-g004-human-r0.05,g004,human,19.9m,4,19923026,314159,0.05,60555264,0,60555264,231,fit
19.9m-g005-control,g005,control,19.9m,4,19923026,1337,0,94109696,0,94109696,359,fit
19.9m-g005-ai-r0.025,g005,ai,19.9m,4,19923026,1337,0.025,94056774,2150074,96206848,367,fit
19.9m-g005-ai-r0.05,g005,ai,19.9m,4,19923026,1337,0.05,94012996,4291004,98304000,375,fit
19.9m-g005-ai-r0.1,g005,ai,19.9m,4,19923026,1337,0.1,94146721,8613727,102760448,392,fit
19.9m-g005-ai-r0.25,g005,ai,19.9m,4,19923026,1337,0.25,94136107,22255829,116391936,444,fit
19.9m-g005-ai-r0.5,g005,ai,19.9m,4,19923026,1337,0.5,94190370,45532382,139722752,533,fit
19.9m-g005-ai-r1,g005,ai,19.9m,4,19923026,1337,1,94077158,93880090,187957248,717,fit
19.9m-g005-ai-r2,g005,ai,19.9m,4,19923026,1337,2,94113990,196865850,290979840,1110,fit
19.9m-g005-ai-r4,g005,ai,19.9m,4,19923026,1337,4,94100233,405808375,499908608,1907,fit
19.9m-g005-ai-r8,g005,ai,19.9m,4,19923026,1337,8,94104303,827069713,921174016,3514,fit
19.9m-g005-ai-r16,g005,ai,19.9m,4,19923026,1337,16,94113097,1663300279,1757413376,6704,fit
19.9m-g005-ai-r32,g005,ai,19.9m,4,19923026,1337,32,94109283,3318219165,3412328448,13017,fit
19.9m-g005-ai-r64,g005,ai,19.9m,4,19923026,1337,64,94109378,6598164798,6692274176,25529,fit
19.9m-g005-human-r0.025,g005,human,19.9m,4,19923026,1337,0.025,96206848,0,96206848,367,fit
19.9m-g005-human-r0.05,g005,human,19.9m,4,19923026,1337,0.05,98304000,0,98304000,375,fit
19.9m-g005-human-r4,g005,human,19.9m,4,19923026,1337,4,499908608,0,499908608,1907,fit
19.9m-g006-control,g006,control,19.9m,4,19923026,1337,0,230686720,0,230686720,880,fit
19.9m-g006-ai-r0.05,g006,ai,19.9m,4,19923026,1337,0.05,230768830,11452226,242221056,924,fit
19.9m-g006-ai-r0.1,g006,ai,19.9m,4,19923026,1337,0.1,230710072,23045320,253755392,968,fit
19.9m-g006-ai-r0.25,g006,ai,19.9m,4,19923026,1337,0.25,229917889,58440511,288358400,1100,fit
19.9m-g006-ai-r0.5,g006,ai,19.9m,4,19923026,1337,0.5,227962853,118067227,346030080,1320,fit
19.9m-g006-ai-r1,g006,ai,19.9m,4,19923026,1337,1,224956081,236417359,461373440,1760,fit
19.9m-g007-control,g007,control,19.9m,4,19923026,1337,0,230686720,0,230686720,880,fit
19.9m-g007-ai-r0.0244,g007,ai,19.9m,4,19923026,1337,0.0244,230568834,5622910,236191744,901,fit
19.9m-g007-ai-r0.0495,g007,ai,19.9m,4,19923026,1337,0.0495,230792406,11428650,242221056,924,fit
19.9m-g007-ai-r2.13,g007,ai,19.9m,4,19923026,1337,2.13,230719713,491224863,721944576,2754,fit
19.9m-g007-ai-r4.32,g007,ai,19.9m,4,19923026,1337,4.32,230686064,996672144,1227358208,4682,fit
19.9m-g007-ai-r8.71,g007,ai,19.9m,4,19923026,1337,8.71,230668279,2009614345,2240282624,8546,fit
19.9m-g007-ai-r17.5,g007,ai,19.9m,4,19923026,1337,17.5,230681632,4026012640,4256694272,16238,fit
19.9m-g007-ai-r34.7,g007,ai,19.9m,4,19923026,1337,34.7,230687968,8008497952,8239185920,31430,fit
19.9m-g007-ai-r69,g007,ai,19.9m,4,19923026,1337,69,230689109,15919740587,16150429696,61609,fit
19.9m-g007-human-r0.025,g007,human,19.9m,4,19923026,1337,0.025,236453888,0,236453888,902,fit
19.9m-g007-human-r0.05,g007,human,19.9m,4,19923026,1337,0.05,242221056,0,242221056,924,fit
19.9m-g007-human-r2,g007,human,19.9m,4,19923026,1337,2,692060160,0,692060160,2640,fit
19.9m-g007-human-r4,g007,human,19.9m,4,19923026,1337,4,1153433600,0,1153433600,4400,fit
19.9m-g008-control,g008,control,19.9m,4,19923026,271828,0,230686720,0,230686720,880,fit
19.9m-g008-ai-r2.13,g008,ai,19.9m,4,19923026,271828,2.13,230719713,491224863,721944576,2754,fit
19.9m-g008-ai-r4.32,g008,ai,19.9m,4,19923026,271828,4.32,230686064,996672144,1227358208,4682,fit
19.9m-g008-ai-r17.5,g008,ai,19.9m,4,19923026,271828,17.5,230681632,4026012640,4256694272,16238,fit
19.9m-g009-control,g009,control,19.9m,4,19923026,314159,0,230686720,0,230686720,880,fit
19.9m-g009-ai-r2.13,g009,ai,19.9m,4,19923026,314159,2.13,230719713,491224863,721944576,2754,fit
19.9m-g009-ai-r4.32,g009,ai,19.9m,4,19923026,314159,4.32,230686064,996672144,1227358208,4682,fit
19.9m-g009-ai-r17.5,g009,ai,19.9m,4,19923026,314159,17.5,230681632,4026012640,4256694272,16238,fit
19.9m-g010-control,g010,control,19.9m,4,19923026,1337,0,376176640,0,376176640,1435,fit
19.9m-g010-ai-r0.025,g010,ai,19.9m,4,19923026,1337,0.025,376274783,9601185,385875968,1472,fit
19.9m-g010-ai-r0.05,g010,ai,19.9m,4,19923026,1337,0.05,376169306,19405990,395575296,1509,fit
19.9m-g010-ai-r0.1,g010,ai,19.9m,4,19923026,1337,0.1,376221949,38752003,414973952,1583,fit
19.9m-g010-ai-r0.25,g010,ai,19.9m,4,19923026,1337,0.25,376271496,97160568,473432064,1806,fit
19.9m-g010-ai-r0.5,g010,ai,19.9m,4,19923026,1337,0.5,376263620,195472444,571736064,2181,fit
19.9m-g010-ai-r1,g010,ai,19.9m,4,19923026,1337,1,376231704,393685224,769916928,2937,fit
19.9m-g010-ai-r2,g010,ai,19.9m,4,19923026,1337,2,376182318,796912082,1173094400,4475,fit
19.9m-g010-ai-r4,g010,ai,19.9m,4,19923026,1337,4,376160196,1613774908,1989935104,7591,fit
19.9m-g010-ai-r8,g010,ai,19.9m,4,19923026,1337,8,376185943,3252411305,3628597248,13842,fit
19.9m-g010-ai-r16,g010,ai,19.9m,4,19923026,1337,16,376174059,6506416661,6882590720,26255,fit
19.9m-g010-ai-r32,g010,ai,19.9m,4,19923026,1337,32,376174161,12956731823,13332905984,50861,fit
19.9m-g010-human-r0.025,g010,human,19.9m,4,19923026,1337,0.025,385875968,0,385875968,1472,fit
19.9m-g010-human-r0.05,g010,human,19.9m,4,19923026,1337,0.05,395575296,0,395575296,1509,fit
19.9m-g010-human-r2,g010,human,19.9m,4,19923026,1337,2,1173094400,0,1173094400,4475,fit
19.9m-g010-human-r4,g010,human,19.9m,4,19923026,1337,4,1989935104,0,1989935104,7591,fit
19.9m-g011-control,g011,control,19.9m,4,19923026,1337,0,461373440,0,461373440,1760,fit
19.9m-g011-ai-r0.05,g011,ai,19.9m,4,19923026,1337,0.05,460827327,23614785,484442112,1848,fit
19.9m-g011-ai-r0.1,g011,ai,19.9m,4,19923026,1337,0.1,460318967,47191817,507510784,1936,fit
19.9m-g011-ai-r0.25,g011,ai,19.9m,4,19923026,1337,0.25,457730110,118986690,576716800,2200,fit
19.9m-g011-ai-r0.5,g011,ai,19.9m,4,19923026,1337,0.5,454846067,237214093,692060160,2640,fit
19.9m-g011-ai-r1,g011,ai,19.9m,4,19923026,1337,1,450154555,472592325,922746880,3520,fit
19.9m-g012-control,g012,control,19.9m,4,19923026,1337,0,692060160,0,692060160,2640,fit
19.9m-g012-ai-r0.05,g012,ai,19.9m,4,19923026,1337,0.05,691745159,34918009,726663168,2772,fit
19.9m-g012-ai-r0.1,g012,ai,19.9m,4,19923026,1337,0.1,691129556,70136620,761266176,2904,fit
19.9m-g012-ai-r0.25,g012,ai,19.9m,4,19923026,1337,0.25,688751938,176323262,865075200,3300,fit
19.9m-g012-ai-r0.5,g012,ai,19.9m,4,19923026,1337,0.5,685155833,352934407,1038090240,3960,fit
19.9m-g012-ai-r1,g012,ai,19.9m,4,19923026,1337,1,678876332,705243988,1384120320,5280,fit
19.9m-g013-control,g013,control,19.9m,4,19923026,1337,0,692060160,0,692060160,2640,fit
19.9m-g013-ai-r2.1,g013,ai,19.9m,4,19923026,1337,2.1,692043914,1454391158,2146435072,8188,fit
19.9m-g013-ai-r4.25,g013,ai,19.9m,4,19923026,1337,4.25,692040592,2942848112,3634888704,13866,fit
19.9m-g013-ai-r8.57,g013,ai,19.9m,4,19923026,1337,8.57,692049449,5930232279,6622281728,25262,fit
19.9m-g013-ai-r17.2,g013,ai,19.9m,4,19923026,1337,17.2,692064211,11879313453,12571377664,47956,fit
19.9m-g013-human-r2,g013,human,19.9m,4,19923026,1337,2,2076180480,0,2076180480,7920,fit
19.9m-g014-control,g014,control,19.9m,4,19923026,271828,0,692060160,0,692060160,2640,fit
19.9m-g014-ai-r0.25,g014,ai,19.9m,4,19923026,271828,0.25,688540181,176535019,865075200,3300,fit
19.9m-g014-ai-r1,g014,ai,19.9m,4,19923026,271828,1,678875134,705245186,1384120320,5280,fit
19.9m-g015-control,g015,control,19.9m,4,19923026,1337,0,752353280,0,752353280,2870,fit
19.9m-g015-ai-r0.05,g015,ai,19.9m,4,19923026,1337,0.05,752359544,38266760,790626304,3016,fit
19.9m-g015-ai-r0.1,g015,ai,19.9m,4,19923026,1337,0.1,752343517,76555811,828899328,3162,fit
19.9m-g015-ai-r0.25,g015,ai,19.9m,4,19923026,1337,0.25,752401923,192365053,944766976,3604,fit
19.9m-g015-ai-r0.5,g015,ai,19.9m,4,19923026,1337,0.5,752332399,385896849,1138229248,4342,fit
19.9m-g015-ai-r1,g015,ai,19.9m,4,19923026,1337,1,752306068,779401324,1531707392,5843,fit
19.9m-g016-control,g016,control,19.9m,4,19923026,1337,0,922746880,0,922746880,3520,fit
19.9m-g016-ai-r0.05,g016,ai,19.9m,4,19923026,1337,0.05,922465080,46419144,968884224,3696,fit
19.9m-g016-ai-r0.1,g016,ai,19.9m,4,19923026,1337,0.1,922011358,93010210,1015021568,3872,fit
19.9m-g016-ai-r0.25,g016,ai,19.9m,4,19923026,1337,0.25,919210741,234222859,1153433600,4400,fit
19.9m-g016-ai-r0.5,g016,ai,19.9m,4,19923026,1337,0.5,915090678,469029642,1384120320,5280,fit
19.9m-g016-ai-r1,g016,ai,19.9m,4,19923026,1337,1,907168781,938324979,1845493760,7040,fit
19.9m-g017-control,g017,control,19.9m,4,19923026,1337,0,1090256896,0,1090256896,4159,fit
19.9m-g017-ai-r0.05,g017,ai,19.9m,4,19923026,1337,0.05,1090205130,55102006,1145307136,4369,fit
19.9m-g017-ai-r0.1,g017,ai,19.9m,4,19923026,1337,0.1,1090295462,110324058,1200619520,4580,fit
19.9m-g017-ai-r0.25,g017,ai,19.9m,4,19923026,1337,0.25,1090360149,276720811,1367080960,5215,fit
19.9m-g017-ai-r0.5,g017,ai,19.9m,4,19923026,1337,0.5,1090179859,556608749,1646788608,6282,fit
19.9m-g017-ai-r1,g017,ai,19.9m,4,19923026,1337,1,1090315167,1124539489,2214854656,8449,fit
19.9m-g017-ai-r2,g017,ai,19.9m,4,19923026,1337,2,1090250034,2276465358,3366715392,12843,fit
19.9m-g017-ai-r4,g017,ai,19.9m,4,19923026,1337,4,1090242292,4609030412,5699272704,21741,fit
19.9m-g017-ai-r8,g017,ai,19.9m,4,19923026,1337,8,1090247040,9294587520,10384834560,39615,fit
19.9m-g017-ai-r16,g017,ai,19.9m,4,19923026,1337,16,1090259118,18679592786,19769851904,75416,fit
19.9m-g017-human-r2,g017,human,19.9m,4,19923026,1337,2,3366715392,0,3366715392,12843,fit
19.9m-g018-control,g018,control,19.9m,4,19923026,1337,0,1153433600,0,1153433600,4400,fit
19.9m-g018-ai-r0.05,g018,ai,19.9m,4,19923026,1337,0.05,1153087802,58017478,1211105280,4620,fit
19.9m-g018-ai-r0.1,g018,ai,19.9m,4,19923026,1337,0.1,1152613939,116163021,1268776960,4840,fit
19.9m-g018-ai-r0.25,g018,ai,19.9m,4,19923026,1337,0.25,1149500156,292291844,1441792000,5500,fit
19.9m-g018-ai-r0.5,g018,ai,19.9m,4,19923026,1337,0.5,1144636093,585514307,1730150400,6600,fit
19.9m-g018-ai-r1,g018,ai,19.9m,4,19923026,1337,1,1135305759,1171561441,2306867200,8800,fit
19.9m-g019-control,g019,control,19.9m,4,19923026,1337,0,1453850624,0,1453850624,5546,fit
19.9m-g019-ai-r0.05,g019,ai,19.9m,4,19923026,1337,0.05,1453726534,73262266,1526988800,5825,fit
19.9m-g019-ai-r0.1,g019,ai,19.9m,4,19923026,1337,0.1,1453747663,146641457,1600389120,6105,fit
19.9m-g019-ai-r0.25,g019,ai,19.9m,4,19923026,1337,0.25,1453951388,367949412,1821900800,6950,fit
19.9m-g019-ai-r0.5,g019,ai,19.9m,4,19923026,1337,0.5,1453848430,740296850,2194145280,8370,fit
19.9m-g019-ai-r1,g019,ai,19.9m,4,19923026,1337,1,1453836774,1494758938,2948595712,11248,fit
19.9m-g020-control,g020,control,19.9m,4,19923026,1337,0,1743257600,0,1743257600,6650,fit
19.9m-g020-ai-r0.05,g020,ai,19.9m,4,19923026,1337,0.05,1743170529,87643167,1830813696,6984,fit
19.9m-g020-ai-r0.1,g020,ai,19.9m,4,19923026,1337,0.1,1743299093,175594987,1918894080,7320,fit
19.9m-g020-ai-r0.25,g020,ai,19.9m,4,19923026,1337,0.25,1743301562,440357958,2183659520,8330,fit
19.9m-g020-ai-r0.5,g020,ai,19.9m,4,19923026,1337,0.5,1743303402,886263062,2629566464,10031,fit
19.9m-g020-ai-r1,g020,ai,19.9m,4,19923026,1337,1,1743307428,1789869404,3533176832,13478,fit
19.9m-f01-ai-removed,f01,filtered,19.9m,4,19923026,1337,,179044352,0,179044352,683,filtering
19.9m-f01-web-mix,f01,natural,19.9m,4,19923026,1337,,179555843,51130877,230686720,880,filtering
19.9m-f02-ai-removed,f02,filtered,19.9m,4,19923026,1337,,358350848,0,358350848,1367,filtering
19.9m-f02-web-mix,f02,natural,19.9m,4,19923026,1337,,356134989,105238451,461373440,1760,filtering
19.9m-f03-ai-removed,f03,filtered,19.9m,4,19923026,1337,,537395200,0,537395200,2050,filtering
19.9m-f03-web-mix,f03,natural,19.9m,4,19923026,1337,,534208698,157851462,692060160,2640,filtering
19.9m-f04-ai-removed,f04,filtered,19.9m,4,19923026,1337,,716701696,0,716701696,2734,filtering
19.9m-f04-web-mix,f04,natural,19.9m,4,19923026,1337,,712919691,209827189,922746880,3520,filtering
19.9m-f05-ai-removed,f05,filtered,19.9m,4,19923026,1337,,896008192,0,896008192,3418,filtering
19.9m-f05-web-mix,f05,natural,19.9m,4,19923026,1337,,892035201,261398399,1153433600,4400,filtering
19.9m-g010-repeat-r1,g010,repeat,19.9m,4,19923026,1337,1,376176640,0,769916928,2937,repetition
19.9m-g010-repeat-r4,g010,repeat,19.9m,4,19923026,1337,4,376176640,0,1989935104,7591,repetition
19.9m-g010-repeat-r8,g010,repeat,19.9m,4,19923026,1337,8,376176640,0,3628597248,13842,repetition
35.8m-g021-control,g021,control,35.8m,6,35782802,1337,0,115867648,0,115867648,442,fit
35.8m-g021-ai-r0.05,g021,ai,35.8m,6,35782802,1337,0.05,116278833,5355983,121634816,464,fit
35.8m-g021-ai-r0.1,g021,ai,35.8m,6,35782802,1337,0.1,116600429,10801555,127401984,486,fit
35.8m-g021-ai-r0.25,g021,ai,35.8m,6,35782802,1337,0.25,116996419,27969213,144965632,553,fit
35.8m-g021-ai-r0.5,g021,ai,35.8m,6,35782802,1337,0.5,117031726,56769746,173801472,663,fit
35.8m-g021-ai-r1,g021,ai,35.8m,6,35782802,1337,1,115655617,116341823,231997440,885,fit
35.8m-g022-control,g022,control,35.8m,6,35782802,1337,0,115867648,0,115867648,442,fit
35.8m-g022-ai-r0.0234,g022,ai,35.8m,6,35782802,1337,0.0234,115778715,2710373,118489088,452,fit
35.8m-g022-ai-r0.0465,g022,ai,35.8m,6,35782802,1337,0.0465,115980733,5391939,121372672,463,fit
35.8m-g022-ai-r2.1,g022,ai,35.8m,6,35782802,1337,2.1,115823295,243313985,359137280,1370,fit
35.8m-g022-ai-r4.31,g022,ai,35.8m,6,35782802,1337,4.31,115863530,499650582,615514112,2348,fit
35.8m-g022-ai-r8.76,g022,ai,35.8m,6,35782802,1337,8.76,115875432,1014489496,1130364928,4312,fit
35.8m-g022-ai-r17.6,g022,ai,35.8m,6,35782802,1337,17.6,115863512,2037125160,2152988672,8213,fit
35.8m-g022-ai-r35,g022,ai,35.8m,6,35782802,1337,35,115869119,4061133377,4177002496,15934,fit
35.8m-g022-ai-r69.6,g022,ai,35.8m,6,35782802,1337,69.6,115866878,8060666626,8176533504,31191,fit
35.8m-g022-human-r0.025,g022,human,35.8m,6,35782802,1337,0.025,118751232,0,118751232,453,fit
35.8m-g022-human-r0.05,g022,human,35.8m,6,35782802,1337,0.05,121634816,0,121634816,464,fit
35.8m-g022-human-r4,g022,human,35.8m,6,35782802,1337,4,579862528,0,579862528,2212,fit
35.8m-g023-control,g023,control,35.8m,6,35782802,1337,0,168820736,0,168820736,644,fit
35.8m-g023-ai-r0.025,g023,ai,35.8m,6,35782802,1337,0.025,168737808,4015088,172752896,659,fit
35.8m-g023-ai-r0.05,g023,ai,35.8m,6,35782802,1337,0.05,168877181,8070019,176947200,675,fit
35.8m-g023-ai-r0.1,g023,ai,35.8m,6,35782802,1337,0.1,168730212,16343452,185073664,706,fit
35.8m-g023-ai-r0.25,g023,ai,35.8m,6,35782802,1337,0.25,168835815,41665817,210501632,803,fit
35.8m-g023-ai-r0.5,g023,ai,35.8m,6,35782802,1337,0.5,168813643,85466037,254279680,970,fit
35.8m-g023-ai-r1,g023,ai,35.8m,6,35782802,1337,1,168802558,175654658,344457216,1314,fit
35.8m-g023-ai-r2,g023,ai,35.8m,6,35782802,1337,2,168806537,358627191,527433728,2012,fit
35.8m-g023-ai-r4,g023,ai,35.8m,6,35782802,1337,4,168849481,730828727,899678208,3432,fit
35.8m-g023-ai-r8,g023,ai,35.8m,6,35782802,1337,8,168824702,1476128898,1644953600,6275,fit
35.8m-g023-ai-r16,g023,ai,35.8m,6,35782802,1337,16,168819352,2959345000,3128164352,11933,fit
35.8m-g023-ai-r32,g023,ai,35.8m,6,35782802,1337,32,168819572,5890901132,6059720704,23116,fit
35.8m-g023-ai-r64,g023,ai,35.8m,6,35782802,1337,64,168821449,11668290871,11837112320,45155,fit
35.8m-g023-human-r0.025,g023,human,35.8m,6,35782802,1337,0.025,172752896,0,172752896,659,fit
35.8m-g023-human-r0.05,g023,human,35.8m,6,35782802,1337,0.05,176947200,0,176947200,675,fit
35.8m-g023-human-r4,g023,human,35.8m,6,35782802,1337,4,899678208,0,899678208,3432,fit
35.8m-g024-control,g024,control,35.8m,6,35782802,1337,0,463994880,0,463994880,1770,fit
35.8m-g024-ai-r0.05,g024,ai,35.8m,6,35782802,1337,0.05,463398784,23664768,487063552,1858,fit
35.8m-g024-ai-r0.1,g024,ai,35.8m,6,35782802,1337,0.1,463176827,47217541,510394368,1947,fit
35.8m-g024-ai-r0.25,g024,ai,35.8m,6,35782802,1337,0.25,461521742,118340786,579862528,2212,fit
35.8m-g024-ai-r0.5,g024,ai,35.8m,6,35782802,1337,0.5,458319646,237672674,695992320,2655,fit
35.8m-g024-ai-r1,g024,ai,35.8m,6,35782802,1337,1,453694044,474295716,927989760,3540,fit
35.8m-g025-control,g025,control,35.8m,6,35782802,1337,0,463994880,0,463994880,1770,fit
35.8m-g025-ai-r0.0256,g025,ai,35.8m,6,35782802,1337,0.0256,463918960,11872400,475791360,1815,fit
35.8m-g025-ai-r0.0514,g025,ai,35.8m,6,35782802,1337,0.0514,464017391,23832593,487849984,1861,fit
35.8m-g025-ai-r2.11,g025,ai,35.8m,6,35782802,1337,2.11,463986388,980951340,1444937728,5512,fit
35.8m-g025-ai-r4.28,g025,ai,35.8m,6,35782802,1337,4.28,464002600,1985208792,2449211392,9343,fit
35.8m-g025-ai-r8.61,g025,ai,35.8m,6,35782802,1337,8.61,463988479,3995867393,4459855872,17013,fit
35.8m-g025-ai-r17.2,g025,ai,35.8m,6,35782802,1337,17.2,464001213,7995123523,8459124736,32269,fit
35.8m-g025-ai-r34.4,g025,ai,35.8m,6,35782802,1337,34.4,463994705,15953297583,16417292288,62627,fit
35.8m-g025-human-r0.025,g025,human,35.8m,6,35782802,1337,0.025,475529216,0,475529216,1814,fit
35.8m-g025-human-r0.05,g025,human,35.8m,6,35782802,1337,0.05,487063552,0,487063552,1858,fit
35.8m-g025-human-r2,g025,human,35.8m,6,35782802,1337,2,1391984640,0,1391984640,5310,fit
35.8m-g025-human-r4,g025,human,35.8m,6,35782802,1337,4,2319974400,0,2319974400,8850,fit
35.8m-g026-control,g026,control,35.8m,6,35782802,1337,0,675545088,0,675545088,2577,fit
35.8m-g026-ai-r0.025,g026,ai,35.8m,6,35782802,1337,0.025,675594024,17252568,692846592,2643,fit
35.8m-g026-ai-r0.05,g026,ai,35.8m,6,35782802,1337,0.05,675441566,34444386,709885952,2708,fit
35.8m-g026-ai-r0.1,g026,ai,35.8m,6,35782802,1337,0.1,675657678,68831282,744488960,2840,fit
35.8m-g026-ai-r0.25,g026,ai,35.8m,6,35782802,1337,0.25,675636568,172923560,848560128,3237,fit
35.8m-g026-ai-r0.5,g026,ai,35.8m,6,35782802,1337,0.5,675549388,347336500,1022885888,3902,fit
35.8m-g026-ai-r1,g026,ai,35.8m,6,35782802,1337,1,675546991,700971153,1376518144,5251,fit
35.8m-g026-ai-r2,g026,ai,35.8m,6,35782802,1337,2,675524321,1419792671,2095316992,7993,fit
35.8m-g026-ai-r4,g026,ai,35.8m,6,35782802,1337,4,675538256,2873629360,3549167616,13539,fit
35.8m-g026-ai-r8,g026,ai,35.8m,6,35782802,1337,8,675537864,5790506040,6466043904,24666,fit
35.8m-g026-ai-r16,g026,ai,35.8m,6,35782802,1337,16,675547285,11596461931,12272009216,46814,fit
35.8m-g026-ai-r32,g026,ai,35.8m,6,35782802,1337,32,675541977,23245098023,23920640000,91250,fit
35.8m-g026-human-r0.025,g026,human,35.8m,6,35782802,1337,0.025,692846592,0,692846592,2643,fit
35.8m-g026-human-r0.05,g026,human,35.8m,6,35782802,1337,0.05,709885952,0,709885952,2708,fit
35.8m-g026-human-r2,g026,human,35.8m,6,35782802,1337,2,2095316992,0,2095316992,7993,fit
35.8m-g026-human-r4,g026,human,35.8m,6,35782802,1337,4,3549167616,0,3549167616,13539,fit
35.8m-g027-control,g027,control,35.8m,6,35782802,1337,0,927989760,0,927989760,3540,fit
35.8m-g027-ai-r0.05,g027,ai,35.8m,6,35782802,1337,0.05,927778141,46611107,974389248,3717,fit
35.8m-g027-ai-r0.1,g027,ai,35.8m,6,35782802,1337,0.1,927339503,93449233,1020788736,3894,fit
35.8m-g027-ai-r0.25,g027,ai,35.8m,6,35782802,1337,0.25,924374519,235612681,1159987200,4425,fit
35.8m-g027-ai-r0.5,g027,ai,35.8m,6,35782802,1337,0.5,920411699,471572941,1391984640,5310,fit
35.8m-g027-ai-r1,g027,ai,35.8m,6,35782802,1337,1,912810015,943169505,1855979520,7080,fit
35.8m-g028-control,g028,control,35.8m,6,35782802,1337,0,1351090176,0,1351090176,5154,fit
35.8m-g028-ai-r0.05,g028,ai,35.8m,6,35782802,1337,0.05,1351082174,68165442,1419247616,5414,fit
35.8m-g028-ai-r0.1,g028,ai,35.8m,6,35782802,1337,0.1,1351201851,136465349,1487667200,5675,fit
35.8m-g028-ai-r0.25,g028,ai,35.8m,6,35782802,1337,0.25,1351079271,342108825,1693188096,6459,fit
35.8m-g028-ai-r0.5,g028,ai,35.8m,6,35782802,1337,0.5,1351098028,688120148,2039218176,7779,fit
35.8m-g028-ai-r1,g028,ai,35.8m,6,35782802,1337,1,1351152951,1389824713,2740977664,10456,fit
35.8m-g029-control,g029,control,35.8m,6,35782802,1337,0,1391984640,0,1391984640,5310,fit
35.8m-g029-ai-r0.05,g029,ai,35.8m,6,35782802,1337,0.05,1391411536,70041264,1461452800,5575,fit
35.8m-g029-ai-r0.1,g029,ai,35.8m,6,35782802,1337,0.1,1391220454,139962650,1531183104,5841,fit
35.8m-g029-ai-r0.25,g029,ai,35.8m,6,35782802,1337,0.25,1387769736,352079992,1739849728,6637,fit
35.8m-g029-ai-r0.5,g029,ai,35.8m,6,35782802,1337,0.5,1382716361,705260599,2087976960,7965,fit
35.8m-g029-ai-r1,g029,ai,35.8m,6,35782802,1337,1,1372343466,1411625814,2783969280,10620,fit
35.8m-g030-control,g030,control,35.8m,6,35782802,1337,0,1391984640,0,1391984640,5310,fit
35.8m-g030-ai-r2.08,g030,ai,35.8m,6,35782802,1337,2.08,1391967663,2898805329,4290772992,16368,fit
35.8m-g030-ai-r4.21,g030,ai,35.8m,6,35782802,1337,4.21,1391960067,5866545149,7258505216,27689,fit
35.8m-g030-ai-r8.51,g030,ai,35.8m,6,35782802,1337,8.51,1391973198,11840007346,13231980544,50476,fit
35.8m-g030-human-r2,g030,human,35.8m,6,35782802,1337,2,4175953920,0,4175953920,15930,fit
35.8m-g031-control,g031,control,35.8m,6,35782802,271828,0,1391984640,0,1391984640,5310,fit
35.8m-g031-ai-r0.25,g031,ai,35.8m,6,35782802,271828,0.25,1388012484,351837244,1739849728,6637,fit
35.8m-g031-ai-r1,g031,ai,35.8m,6,35782802,271828,1,1371859102,1412110178,2783969280,10620,fit
35.8m-g032-control,g032,control,35.8m,6,35782802,1337,0,1855979520,0,1855979520,7080,fit
35.8m-g032-ai-r0.05,g032,ai,35.8m,6,35782802,1337,0.05,1855678736,93099760,1948778496,7434,fit
35.8m-g032-ai-r0.1,g032,ai,35.8m,6,35782802,1337,0.1,1855428109,186149363,2041577472,7788,fit
35.8m-g032-ai-r0.25,g032,ai,35.8m,6,35782802,1337,0.25,1851626714,468347686,2319974400,8850,fit
35.8m-g032-ai-r0.5,g032,ai,35.8m,6,35782802,1337,0.5,1845117682,938851598,2783969280,10620,fit
35.8m-g032-ai-r1,g032,ai,35.8m,6,35782802,1337,1,1832078351,1879880689,3711959040,14160,fit
35.8m-g033-control,g033,control,35.8m,6,35782802,1337,0,1958215680,0,1958215680,7470,fit
35.8m-g033-ai-r0.05,g033,ai,35.8m,6,35782802,1337,0.05,1958102719,98416961,2056519680,7845,fit
35.8m-g033-ai-r0.1,g033,ai,35.8m,6,35782802,1337,0.1,1958161157,197186811,2155347968,8222,fit
35.8m-g033-ai-r0.25,g033,ai,35.8m,6,35782802,1337,0.25,1958237840,494381424,2452619264,9356,fit
35.8m-g033-ai-r0.5,g033,ai,35.8m,6,35782802,1337,0.5,1958211281,995365167,2953576448,11267,fit
35.8m-g033-ai-r1,g033,ai,35.8m,6,35782802,1337,1,1958151589,2009397851,3967549440,15135,fit
35.8m-g033-ai-r2,g033,ai,35.8m,6,35782802,1337,2,1958256567,4068171849,6026428416,22989,fit
35.8m-g033-ai-r4,g033,ai,35.8m,6,35782802,1337,4,1958231028,8238384140,10196615168,38897,fit
35.8m-g033-ai-r8,g033,ai,35.8m,6,35782802,1337,8,1958200362,16649042902,18607243264,70981,fit
35.8m-g033-human-r2,g033,human,35.8m,6,35782802,1337,2,6026428416,0,6026428416,22989,fit
35.8m-g034-control,g034,control,35.8m,6,35782802,1337,0,2319974400,0,2319974400,8850,fit
35.8m-g034-ai-r0.05,g034,ai,35.8m,6,35782802,1337,0.05,2319483849,116358199,2435842048,9292,fit
35.8m-g034-ai-r0.1,g034,ai,35.8m,6,35782802,1337,0.1,2319309982,232661858,2551971840,9735,fit
35.8m-g034-ai-r0.25,g034,ai,35.8m,6,35782802,1337,0.25,2315039033,584797895,2899836928,11062,fit
35.8m-g034-ai-r0.5,g034,ai,35.8m,6,35782802,1337,0.5,2307680041,1172281559,3479961600,13275,fit
35.8m-g034-ai-r1,g034,ai,35.8m,6,35782802,1337,1,2291849548,2348099252,4639948800,17700,fit
35.8m-g035-control,g035,control,35.8m,6,35782802,1337,0,2610954240,0,2610954240,9960,fit
35.8m-g035-ai-r0.05,g035,ai,35.8m,6,35782802,1337,0.05,2611016413,131009827,2742026240,10460,fit
35.8m-g035-ai-r0.1,g035,ai,35.8m,6,35782802,1337,0.1,2611035893,262062347,2873098240,10960,fit
35.8m-g035-ai-r0.25,g035,ai,35.8m,6,35782802,1337,0.25,2611009993,657663543,3268673536,12469,fit
35.8m-g035-ai-r0.5,g035,ai,35.8m,6,35782802,1337,0.5,2610934243,1324633629,3935567872,15013,fit
35.8m-g035-ai-r1,g035,ai,35.8m,6,35782802,1337,1,2610972050,2672540270,5283512320,20155,fit
35.8m-g036-control,g036,control,35.8m,6,35782802,1337,0,3131047936,0,3131047936,11944,fit
35.8m-g036-ai-r0.05,g036,ai,35.8m,6,35782802,1337,0.05,3131010370,156799678,3287810048,12542,fit
35.8m-g036-ai-r0.1,g036,ai,35.8m,6,35782802,1337,0.1,3131034459,314061989,3445096448,13142,fit
35.8m-g036-ai-r0.25,g036,ai,35.8m,6,35782802,1337,0.25,3131020379,788556709,3919577088,14952,fit
35.8m-g036-ai-r0.5,g036,ai,35.8m,6,35782802,1337,0.5,3131109608,1586958104,4718067712,17998,fit
35.8m-g036-ai-r1,g036,ai,35.8m,6,35782802,1337,1,3131012430,3202910898,6333923328,24162,fit
35.8m-f06-ai-removed,f06,filtered,35.8m,6,35782802,1337,,360448000,0,360448000,1375,filtering
35.8m-f06-web-mix,f06,natural,35.8m,6,35782802,1337,,357755160,106239720,463994880,1770,filtering
35.8m-f07-ai-removed,f07,filtered,35.8m,6,35782802,1337,,720896000,0,720896000,2750,filtering
35.8m-f07-web-mix,f07,natural,35.8m,6,35782802,1337,,717387051,210602709,927989760,3540,filtering
35.8m-f08-ai-removed,f08,filtered,35.8m,6,35782802,1337,,1081344000,0,1081344000,4125,filtering
35.8m-f08-web-mix,f08,natural,35.8m,6,35782802,1337,,1076975161,315009479,1391984640,5310,filtering
35.8m-f09-ai-removed,f09,filtered,35.8m,6,35782802,1337,,1441792000,0,1441792000,5500,filtering
35.8m-f09-web-mix,f09,natural,35.8m,6,35782802,1337,,1436899023,419080497,1855979520,7080,filtering
35.8m-f10-ai-removed,f10,filtered,35.8m,6,35782802,1337,,1802240000,0,1802240000,6875,filtering
35.8m-f10-web-mix,f10,natural,35.8m,6,35782802,1337,,1797359560,522614840,2319974400,8850,filtering
35.8m-g026-repeat-r1,g026,repeat,35.8m,6,35782802,1337,1,675545088,0,1376518144,5251,repetition
35.8m-g026-repeat-r4,g026,repeat,35.8m,6,35782802,1337,4,675545088,0,3549167616,13539,repetition
35.8m-g026-repeat-r8,g026,repeat,35.8m,6,35782802,1337,8,675545088,0,6466043904,24666,repetition
86.2m-g037-control,g037,control,86.2m,9,86180184,1337,0,325582848,0,325582848,621,fit
86.2m-g037-ai-r0.05,g037,ai,86.2m,9,86180184,1337,0.05,325232169,16603607,341835776,652,fit
86.2m-g037-ai-r0.1,g037,ai,86.2m,9,86180184,1337,0.1,325477939,33135053,358612992,684,fit
86.2m-g037-ai-r0.25,g037,ai,86.2m,9,86180184,1337,0.25,323814606,83557170,407371776,777,fit
86.2m-g037-ai-r0.5,g037,ai,86.2m,9,86180184,1337,0.5,321752956,166883460,488636416,932,fit
86.2m-g037-ai-r1,g037,ai,86.2m,9,86180184,1337,1,318248424,333441560,651689984,1243,fit
86.2m-g038-control,g038,control,86.2m,9,86180184,1337,0,325582848,0,325582848,621,fit
86.2m-g038-ai-r2.12,g038,ai,86.2m,9,86180184,1337,2.12,325556008,691562712,1017118720,1940,fit
86.2m-g038-ai-r4.3,g038,ai,86.2m,9,86180184,1337,4.3,325563169,1399868639,1725431808,3291,fit
86.2m-g038-ai-r8.66,g038,ai,86.2m,9,86180184,1337,8.66,325568463,2820683825,3146252288,6001,fit
86.2m-g038-ai-r17.3,g038,ai,86.2m,9,86180184,1337,17.3,325578296,5645537736,5971116032,11389,fit
86.2m-g038-ai-r34.5,g038,ai,86.2m,9,86180184,1337,34.5,325574334,11225014594,11550588928,22031,fit
86.2m-g038-human-r4,g038,human,86.2m,9,86180184,1337,4,1630011392,0,1630011392,3109,fit
86.2m-g039-control,g039,control,86.2m,9,86180184,1337,0,406847488,0,406847488,776,fit
86.2m-g039-ai-r0.025,g039,ai,86.2m,9,86180184,1337,0.025,406948626,10384622,417333248,796,fit
86.2m-g039-ai-r0.05,g039,ai,86.2m,9,86180184,1337,0.05,406840144,20978864,427819008,816,fit
86.2m-g039-ai-r0.1,g039,ai,86.2m,9,86180184,1337,0.1,406878913,41911615,448790528,856,fit
86.2m-g039-ai-r0.25,g039,ai,86.2m,9,86180184,1337,0.25,406764310,104940778,511705088,976,fit
86.2m-g039-ai-r0.5,g039,ai,86.2m,9,86180184,1337,0.5,406902129,211233423,618135552,1179,fit
86.2m-g039-ai-r1,g039,ai,86.2m,9,86180184,1337,1,406742232,425302824,832045056,1587,fit
86.2m-g039-ai-r2,g039,ai,86.2m,9,86180184,1337,2,406936840,861840120,1268776960,2420,fit
86.2m-g039-ai-r4,g039,ai,86.2m,9,86180184,1337,4,406833178,1743271910,2150105088,4101,fit
86.2m-g039-ai-r8,g039,ai,86.2m,9,86180184,1337,8,406842277,3512210523,3919052800,7475,fit
86.2m-g039-ai-r16,g039,ai,86.2m,9,86180184,1337,16,406861055,7029115649,7435976704,14183,fit
86.2m-g039-ai-r32,g039,ai,86.2m,9,86180184,1337,32,406846664,14013170488,14420017152,27504,fit
86.2m-g039-human-r0.025,g039,human,86.2m,9,86180184,1337,0.025,417333248,0,417333248,796,fit
86.2m-g039-human-r0.05,g039,human,86.2m,9,86180184,1337,0.05,427819008,0,427819008,816,fit
86.2m-g039-human-r4,g039,human,86.2m,9,86180184,1337,4,2150105088,0,2150105088,4101,fit
86.2m-g040-control,g040,control,86.2m,9,86180184,1337,0,1303904256,0,1303904256,2487,fit
86.2m-g040-ai-r0.05,g040,ai,86.2m,9,86180184,1337,0.05,1303257877,65658091,1368915968,2611,fit
86.2m-g040-ai-r0.1,g040,ai,86.2m,9,86180184,1337,0.1,1302983105,131468863,1434451968,2736,fit
86.2m-g040-ai-r0.25,g040,ai,86.2m,9,86180184,1337,0.25,1300606171,329405221,1630011392,3109,fit
86.2m-g040-ai-r0.5,g040,ai,86.2m,9,86180184,1337,0.5,1295254150,660864378,1956118528,3731,fit
86.2m-g040-ai-r1,g040,ai,86.2m,9,86180184,1337,1,1285225852,1323106948,2608332800,4975,fit
86.2m-g040-ai-r2.08,g040,ai,86.2m,9,86180184,1337,2.08,1268565265,2643671791,3912237056,7462,fit
86.2m-g040-ai-r4.22,g040,ai,86.2m,9,86180184,1337,4.22,1249424338,5271145518,6520569856,12437,fit
86.2m-g041-control,g041,control,86.2m,9,86180184,1337,0,1303904256,0,1303904256,2487,fit
86.2m-g041-ai-r2.08,g041,ai,86.2m,9,86180184,1337,2.08,1303915408,2717373552,4021288960,7670,fit
86.2m-g041-ai-r4.22,g041,ai,86.2m,9,86180184,1337,4.22,1303899561,5500834391,6804733952,12979,fit
86.2m-g041-ai-r8,g041,ai,86.2m,9,86180184,1337,8,1303911820,11093402228,12397314048,23646,fit
86.2m-g041-human-r2,g041,human,86.2m,9,86180184,1337,2,3912237056,0,3912237056,7462,fit
86.2m-g042-control,g042,control,86.2m,9,86180184,271828,0,1303904256,0,1303904256,2487,fit
86.2m-g042-ai-r1,g042,ai,86.2m,9,86180184,271828,1,1285432391,1322900409,2608332800,4975,fit
86.2m-g043-control,g043,control,86.2m,9,86180184,314159,0,1303904256,0,1303904256,2487,fit
86.2m-g043-ai-r1,g043,ai,86.2m,9,86180184,314159,1,1285225852,1323106948,2608332800,4975,fit
86.2m-g044-control,g044,control,86.2m,9,86180184,1337,0,1626865664,0,1626865664,3103,fit
86.2m-g044-ai-r0.025,g044,ai,86.2m,9,86180184,1337,0.025,1626798155,40961973,1667760128,3181,fit
86.2m-g044-ai-r0.05,g044,ai,86.2m,9,86180184,1337,0.05,1626868982,81785610,1708654592,3259,fit
86.2m-g044-ai-r0.1,g044,ai,86.2m,9,86180184,1337,0.1,1626995880,163971928,1790967808,3416,fit
86.2m-g044-ai-r0.25,g044,ai,86.2m,9,86180184,1337,0.25,1626862155,411045301,2037907456,3887,fit
86.2m-g044-ai-r0.5,g044,ai,86.2m,9,86180184,1337,0.5,1626742133,827449995,2454192128,4681,fit
86.2m-g044-ai-r1,g044,ai,86.2m,9,86180184,1337,1,1626772908,1670998612,3297771520,6290,fit
86.2m-g044-ai-r2,g044,ai,86.2m,9,86180184,1337,2,1626867106,3384801886,5011668992,9559,fit
86.2m-g044-ai-r4,g044,ai,86.2m,9,86180184,1337,4,1626854154,6853504246,8480358400,16175,fit
86.2m-g044-ai-r8,g044,ai,86.2m,9,86180184,1337,8,1626845231,13839650769,15466496000,29500,fit
86.2m-g044-human-r0.025,g044,human,86.2m,9,86180184,1337,0.025,1667760128,0,1667760128,3181,fit
86.2m-g044-human-r0.05,g044,human,86.2m,9,86180184,1337,0.05,1708654592,0,1708654592,3259,fit
86.2m-g044-human-r2,g044,human,86.2m,9,86180184,1337,2,5011668992,0,5011668992,9559,fit
86.2m-g045-control,g045,control,86.2m,9,86180184,1337,0,2608332800,0,2608332800,4975,fit
86.2m-g045-ai-r0.05,g045,ai,86.2m,9,86180184,1337,0.05,2607699478,130656746,2738356224,5223,fit
86.2m-g045-ai-r0.1,g045,ai,86.2m,9,86180184,1337,0.1,2607447056,261456880,2868903936,5472,fit
86.2m-g045-ai-r0.25,g045,ai,86.2m,9,86180184,1337,0.25,2602877869,657144915,3260022784,6218,fit
86.2m-g045-ai-r0.5,g045,ai,86.2m,9,86180184,1337,0.5,2595252470,1316984586,3912237056,7462,fit
86.2m-g045-ai-r1,g045,ai,86.2m,9,86180184,1337,1,2577902399,2638763201,5216665600,9950,fit
86.2m-g046-control,g046,control,86.2m,9,86180184,1337,0,3254255616,0,3254255616,6207,fit
86.2m-g046-ai-r0.05,g046,ai,86.2m,9,86180184,1337,0.05,3254379963,162929221,3417309184,6518,fit
86.2m-g046-ai-r0.1,g046,ai,86.2m,9,86180184,1337,0.1,3254119469,326243283,3580362752,6829,fit
86.2m-g046-ai-r0.25,g046,ai,86.2m,9,86180184,1337,0.25,3254283893,819433867,4073717760,7770,fit
86.2m-g046-ai-r0.5,g046,ai,86.2m,9,86180184,1337,0.5,3254383451,1649282213,4903665664,9353,fit
86.2m-g046-ai-r1,g046,ai,86.2m,9,86180184,1337,1,3254252614,3328707514,6582960128,12556,fit
86.2m-g047-control,g047,control,86.2m,9,86180184,1337,0,3912237056,0,3912237056,7462,fit
86.2m-g047-ai-r0.05,g047,ai,86.2m,9,86180184,1337,0.05,3912037492,195758988,4107796480,7835,fit
86.2m-g047-ai-r0.1,g047,ai,86.2m,9,86180184,1337,0.1,3911510493,391845411,4303355904,8208,fit
86.2m-g047-ai-r0.25,g047,ai,86.2m,9,86180184,1337,0.25,3907130198,983428266,4890558464,9328,fit
86.2m-g047-ai-r0.5,g047,ai,86.2m,9,86180184,1337,0.5,3895919307,1972436277,5868355584,11193,fit
86.2m-g047-ai-r1,g047,ai,86.2m,9,86180184,1337,1,3869836064,3955162336,7824998400,14925,fit
86.2m-g047-ai-r2.07,g047,ai,86.2m,9,86180184,1337,2.07,3823103376,7914132080,11737235456,22387,fit
86.2m-g047-ai-r4.2,g047,ai,86.2m,9,86180184,1337,4.2,3762827625,15799406231,19562233856,37312,fit
86.2m-g048-control,g048,control,86.2m,9,86180184,271828,0,3912237056,0,3912237056,7462,fit
86.2m-g048-ai-r0.25,g048,ai,86.2m,9,86180184,271828,0.25,3906974806,983583658,4890558464,9328,fit
86.2m-g048-ai-r1,g048,ai,86.2m,9,86180184,271828,1,3869780602,3955217798,7824998400,14925,fit
86.2m-g049-control,g049,control,86.2m,9,86180184,1337,0,4715970560,0,4715970560,8995,fit
86.2m-g049-ai-r0.05,g049,ai,86.2m,9,86180184,1337,0.05,4715924924,235975236,4951900160,9445,fit
86.2m-g049-ai-r0.1,g049,ai,86.2m,9,86180184,1337,0.1,4716098026,472256022,5188354048,9896,fit
86.2m-g049-ai-r0.25,g049,ai,86.2m,9,86180184,1337,0.25,4715867425,1186566879,5902434304,11258,fit
86.2m-g049-ai-r0.5,g049,ai,86.2m,9,86180184,1337,0.5,4716015950,2386513586,7102529536,13547,fit
86.2m-g049-ai-r1,g049,ai,86.2m,9,86180184,1337,1,4715916792,4817736200,9533652992,18184,fit
86.2m-g049-ai-r2,g049,ai,86.2m,9,86180184,1337,2,4715903433,9760212535,14476115968,27611,fit
86.2m-g049-ai-r4,g049,ai,86.2m,9,86180184,1337,4,4715968696,19806553928,24522522624,46773,fit
86.2m-g050-control,g050,control,86.2m,9,86180184,1337,0,5216665600,0,5216665600,9950,fit
86.2m-g050-ai-r0.05,g050,ai,86.2m,9,86180184,1337,0.05,5216204633,261032103,5477236736,10447,fit
86.2m-g050-ai-r0.1,g050,ai,86.2m,9,86180184,1337,0.1,5216159127,522173033,5738332160,10945,fit
86.2m-g050-ai-r0.25,g050,ai,86.2m,9,86180184,1337,0.25,5210440397,1310129459,6520569856,12437,fit
86.2m-g050-ai-r0.5,g050,ai,86.2m,9,86180184,1337,0.5,5196734044,2628264356,7824998400,14925,fit
86.2m-g050-ai-r1,g050,ai,86.2m,9,86180184,1337,1,5161724880,5271606320,10433331200,19900,fit
86.2m-g051-control,g051,control,86.2m,9,86180184,1337,0,6288310272,0,6288310272,11994,fit
86.2m-g051-ai-r0.05,g051,ai,86.2m,9,86180184,1337,0.05,6288142059,314216725,6602358784,12593,fit
86.2m-g051-ai-r0.1,g051,ai,86.2m,9,86180184,1337,0.1,6288216839,629239033,6917455872,13194,fit
86.2m-g051-ai-r0.25,g051,ai,86.2m,9,86180184,1337,0.25,6288381385,1581181495,7869562880,15010,fit
86.2m-g051-ai-r0.5,g051,ai,86.2m,9,86180184,1337,0.5,6288366448,3179750544,9468116992,18059,fit
86.2m-g051-ai-r1,g051,ai,86.2m,9,86180184,1337,1,6288366599,6421423097,12709789696,24242,fit
86.2m-g052-control,g052,control,86.2m,9,86180184,1337,0,6520569856,0,6520569856,12437,fit
86.2m-g052-ai-r0.05,g052,ai,86.2m,9,86180184,1337,0.05,6520688995,325987997,6846676992,13059,fit
86.2m-g052-ai-r0.1,g052,ai,86.2m,9,86180184,1337,0.1,6519990305,652793823,7172784128,13681,fit
86.2m-g052-ai-r0.25,g052,ai,86.2m,9,86180184,1337,0.25,6512978789,1637602459,8150581248,15546,fit
86.2m-g052-ai-r0.5,g052,ai,86.2m,9,86180184,1337,0.5,6495718377,3285398551,9781116928,18656,fit
86.2m-g052-ai-r1,g052,ai,86.2m,9,86180184,1337,1,6451827283,6589836717,13041664000,24875,fit
86.2m-g053-control,g053,control,86.2m,9,86180184,1337,0,7540834304,0,7540834304,14383,fit
86.2m-g053-ai-r0.05,g053,ai,86.2m,9,86180184,1337,0.05,7540691136,376581952,7917273088,15101,fit
86.2m-g053-ai-r0.1,g053,ai,86.2m,9,86180184,1337,0.1,7540693279,754591457,8295284736,15822,fit
86.2m-g053-ai-r0.25,g053,ai,86.2m,9,86180184,1337,0.25,7540636584,1894974552,9435611136,17997,fit
86.2m-g053-ai-r0.5,g053,ai,86.2m,9,86180184,1337,0.5,7540871733,3813109195,11353980928,21656,fit
86.2m-g053-ai-r1,g053,ai,86.2m,9,86180184,1337,1,7540772160,7696609984,15237382144,29063,fit
86.2m-f11-ai-removed,f11,filtered,86.2m,9,86180184,1337,,253231104,0,253231104,483,filtering
86.2m-f11-web-mix,f11,natural,86.2m,9,86180184,1337,,251560896,74021952,325582848,621,filtering
86.2m-f12-ai-removed,f12,filtered,86.2m,9,86180184,1337,,1012924416,0,1012924416,1932,filtering
86.2m-f12-web-mix,f12,natural,86.2m,9,86180184,1337,,1008741839,295162417,1303904256,2487,filtering
86.2m-f13-ai-removed,f13,filtered,86.2m,9,86180184,1337,,2025848832,0,2025848832,3864,filtering
86.2m-f13-web-mix,f13,natural,86.2m,9,86180184,1337,,2020972749,587360051,2608332800,4975,filtering
86.2m-f14-ai-removed,f14,filtered,86.2m,9,86180184,1337,,3039297536,0,3039297536,5797,filtering
86.2m-f14-web-mix,f14,natural,86.2m,9,86180184,1337,,3032340367,879896689,3912237056,7462,filtering
86.2m-f15-ai-removed,f15,filtered,86.2m,9,86180184,1337,,4052221952,0,4052221952,7729,filtering
86.2m-f15-web-mix,f15,natural,86.2m,9,86180184,1337,,4045200519,1171465081,5216665600,9950,filtering
86.2m-f16-ai-removed,f16,filtered,86.2m,9,86180184,1337,,5065670656,0,5065670656,9662,filtering
86.2m-f16-web-mix,f16,natural,86.2m,9,86180184,1337,,5056765934,1463803922,6520569856,12437,filtering
135m-g054-control,g054,control,135m,12,135266786,1337,0,550502400,0,550502400,1050,fit
135m-g054-ai-r0.0025,g054,ai,135m,12,135266786,1337,0.0025,550144948,1406028,551550976,1052,fit
135m-g054-ai-r0.005,g054,ai,135m,12,135266786,1337,0.005,550334542,2789298,553123840,1055,fit
135m-g054-ai-r0.01,g054,ai,135m,12,135266786,1337,0.01,550153635,5591645,555745280,1060,fit
135m-g054-ai-r0.025,g054,ai,135m,12,135266786,1337,0.025,550015276,14118612,564133888,1076,fit
135m-g054-ai-r0.05,g054,ai,135m,12,135266786,1337,0.05,549643924,28121452,577765376,1102,fit
135m-g054-ai-r0.1,g054,ai,135m,12,135266786,1337,0.1,549253436,56299204,605552640,1155,fit
135m-g054-ai-r0.25,g054,ai,135m,12,135266786,1337,0.25,547236621,140629235,687865856,1312,fit
135m-g054-ai-r0.5,g054,ai,135m,12,135266786,1337,0.5,544441802,281311798,825753600,1575,fit
135m-g054-ai-r1,g054,ai,135m,12,135266786,1337,1,539345999,561658801,1101004800,2100,fit
135m-g054-ai-r2,g054,ai,135m,12,135266786,1337,2,550450444,1160301300,1710751744,3263,fit
135m-g054-ai-r4,g054,ai,135m,12,135266786,1337,4,550497751,2347242025,2897739776,5527,fit
135m-g054-ai-r8,g054,ai,135m,12,135266786,1337,8,550493279,4730659745,5281153024,10073,fit
135m-g054-ai-r16,g054,ai,135m,12,135266786,1337,16,550515579,9460763781,10011279360,19095,fit
135m-g054-human-r0.0025,g054,human,135m,12,135266786,1337,0.0025,551550976,0,551550976,1052,fit
135m-g054-human-r0.005,g054,human,135m,12,135266786,1337,0.005,553123840,0,553123840,1055,fit
135m-g054-human-r0.01,g054,human,135m,12,135266786,1337,0.01,555745280,0,555745280,1060,fit
135m-g054-human-r0.025,g054,human,135m,12,135266786,1337,0.025,564133888,0,564133888,1076,fit
135m-g054-human-r0.05,g054,human,135m,12,135266786,1337,0.05,577765376,0,577765376,1102,fit
135m-g054-human-r8,g054,human,135m,12,135266786,1337,8,4954521600,0,4954521600,9450,fit
135m-g055-control,g055,control,135m,12,135266786,271828,0,550502400,0,550502400,1050,fit
135m-g055-ai-r0.025,g055,ai,135m,12,135266786,271828,0.025,550148949,13984939,564133888,1076,fit
135m-g055-ai-r0.05,g055,ai,135m,12,135266786,271828,0.05,549704771,28060605,577765376,1102,fit
135m-g055-human-r0.025,g055,human,135m,12,135266786,271828,0.025,564133888,0,564133888,1076,fit
135m-g055-human-r0.05,g055,human,135m,12,135266786,271828,0.05,577765376,0,577765376,1102,fit
135m-g056-control,g056,control,135m,12,135266786,314159,0,550502400,0,550502400,1050,fit
135m-g056-ai-r0.025,g056,ai,135m,12,135266786,314159,0.025,550093654,14040234,564133888,1076,fit
135m-g056-ai-r0.05,g056,ai,135m,12,135266786,314159,0.05,549661239,28104137,577765376,1102,fit
135m-g056-human-r0.025,g056,human,135m,12,135266786,314159,0.025,564133888,0,564133888,1076,fit
135m-g056-human-r0.05,g056,human,135m,12,135266786,314159,0.05,577765376,0,577765376,1102,fit
135m-g057-control,g057,control,135m,12,135266786,1337,0,638582784,0,638582784,1218,fit
135m-g057-ai-r0.0025,g057,ai,135m,12,135266786,1337,0.0025,638534146,1621502,640155648,1221,fit
135m-g057-ai-r0.005,g057,ai,135m,12,135266786,1337,0.005,638508364,3220148,641728512,1224,fit
135m-g057-ai-r0.01,g057,ai,135m,12,135266786,1337,0.01,638416779,6457461,644874240,1230,fit
135m-g057-ai-r0.025,g057,ai,135m,12,135266786,1337,0.025,638477216,16358496,654835712,1249,fit
135m-g057-ai-r0.05,g057,ai,135m,12,135266786,1337,0.05,638502962,32585678,671088640,1280,fit
135m-g057-ai-r0.1,g057,ai,135m,12,135266786,1337,0.1,638386668,65207828,703594496,1342,fit
135m-g057-ai-r0.25,g057,ai,135m,12,135266786,1337,0.25,638580891,163579749,802160640,1530,fit
135m-g057-ai-r0.5,g057,ai,135m,12,135266786,1337,0.5,638660815,328650545,967311360,1845,fit
135m-g057-ai-r1,g057,ai,135m,12,135266786,1337,1,638508246,662774570,1301282816,2482,fit
135m-g057-ai-r2,g057,ai,135m,12,135266786,1337,2,638513077,1342771275,1981284352,3779,fit
135m-g057-ai-r4,g057,ai,135m,12,135266786,1337,4,638586406,2717381082,3355967488,6401,fit
135m-g057-ai-r8,g057,ai,135m,12,135266786,1337,8,638587681,5476183263,6114770944,11663,fit
135m-g057-ai-r16,g057,ai,135m,12,135266786,1337,16,638570429,10961301571,11599872000,22125,fit
135m-g057-ai-r32,g057,ai,135m,12,135266786,1337,32,638574888,21962956504,22601531392,43109,fit
135m-g057-human-r0.0025,g057,human,135m,12,135266786,1337,0.0025,640155648,0,640155648,1221,fit
135m-g057-human-r0.005,g057,human,135m,12,135266786,1337,0.005,641728512,0,641728512,1224,fit
135m-g057-human-r0.01,g057,human,135m,12,135266786,1337,0.01,644874240,0,644874240,1230,fit
135m-g057-human-r0.025,g057,human,135m,12,135266786,1337,0.025,654835712,0,654835712,1249,fit
135m-g057-human-r0.05,g057,human,135m,12,135266786,1337,0.05,671088640,0,671088640,1280,fit
135m-g057-human-r0.5,g057,human,135m,12,135266786,1337,0.5,957874176,0,957874176,1827,fit
135m-g057-human-r8,g057,human,135m,12,135266786,1337,8,6114770944,0,6114770944,11663,fit
135m-g058-control,g058,control,135m,12,135266786,1337,0,2202009600,0,2202009600,4200,fit
135m-g058-ai-r0.0025,g058,ai,135m,12,135266786,1337,0.0025,2201786294,5466186,2207252480,4210,fit
135m-g058-ai-r0.005,g058,ai,135m,12,135266786,1337,0.005,2201948906,11070742,2213019648,4221,fit
135m-g058-ai-r0.01,g058,ai,135m,12,135266786,1337,0.01,2201876395,22153301,2224029696,4242,fit
135m-g058-ai-r0.025,g058,ai,135m,12,135266786,1337,0.025,2201704625,55355215,2257059840,4305,fit
135m-g058-ai-r0.05,g058,ai,135m,12,135266786,1337,0.05,2201638542,110471538,2312110080,4410,fit
135m-g058-ai-r0.1,g058,ai,135m,12,135266786,1337,0.1,2200865978,221344582,2422210560,4620,fit
135m-g058-ai-r0.25,g058,ai,135m,12,135266786,1337,0.25,2198073564,554438436,2752512000,5250,fit
135m-g058-ai-r0.5,g058,ai,135m,12,135266786,1337,0.5,2190490412,1112523988,3303014400,6300,fit
135m-g058-ai-r1,g058,ai,135m,12,135266786,1337,1,2174864563,2229154637,4404019200,8400,fit
135m-g058-ai-r2,g058,ai,135m,12,135266786,1337,2,2202032535,4570719849,6772752384,12918,fit
135m-g058-ai-r2.07,g058,ai,135m,12,135266786,1337,2.07,2149048272,4456980528,6606028800,12600,fit
135m-g058-ai-r4,g058,ai,135m,12,135266786,1337,4,2202021303,9257865801,11459887104,21858,fit
135m-g058-ai-r4.2,g058,ai,135m,12,135266786,1337,4.2,2116022196,8894025804,11010048000,21000,fit
135m-g058-human-r0.0025,g058,human,135m,12,135266786,1337,0.0025,2207252480,0,2207252480,4210,fit
135m-g058-human-r0.005,g058,human,135m,12,135266786,1337,0.005,2213019648,0,2213019648,4221,fit
135m-g058-human-r0.01,g058,human,135m,12,135266786,1337,0.01,2224029696,0,2224029696,4242,fit
135m-g058-human-r0.025,g058,human,135m,12,135266786,1337,0.025,2257059840,0,2257059840,4305,fit
135m-g058-human-r0.05,g058,human,135m,12,135266786,1337,0.05,2312110080,0,2312110080,4410,fit
135m-g058-human-r4,g058,human,135m,12,135266786,1337,4,11010048000,0,11010048000,21000,fit
135m-g059-control,g059,control,135m,12,135266786,7331,0,2202009600,0,2202009600,4200,fit
135m-g059-ai-r0.25,g059,ai,135m,12,135266786,7331,0.25,2197250444,555261556,2752512000,5250,fit
135m-g059-ai-r1,g059,ai,135m,12,135266786,7331,1,2174290112,2229729088,4404019200,8400,fit
135m-g060-control,g060,control,135m,12,135266786,271828,0,2202009600,0,2202009600,4200,fit
135m-g060-ai-r0.025,g060,ai,135m,12,135266786,271828,0.025,2202732537,54327303,2257059840,4305,fit
135m-g060-ai-r0.05,g060,ai,135m,12,135266786,271828,0.05,2203268720,108841360,2312110080,4410,fit
135m-g060-ai-r0.25,g060,ai,135m,12,135266786,271828,0.25,2197680121,554831879,2752512000,5250,fit
135m-g060-ai-r1,g060,ai,135m,12,135266786,271828,1,2174297180,2229722020,4404019200,8400,fit
135m-g060-human-r0.025,g060,human,135m,12,135266786,271828,0.025,2257059840,0,2257059840,4305,fit
135m-g060-human-r0.05,g060,human,135m,12,135266786,271828,0.05,2312110080,0,2312110080,4410,fit
135m-g061-control,g061,control,135m,12,135266786,314159,0,2202009600,0,2202009600,4200,fit
135m-g061-ai-r0.025,g061,ai,135m,12,135266786,314159,0.025,2202723312,54336528,2257059840,4305,fit
135m-g061-ai-r0.05,g061,ai,135m,12,135266786,314159,0.05,2203329924,108780156,2312110080,4410,fit
135m-g061-ai-r0.25,g061,ai,135m,12,135266786,314159,0.25,2197730660,554781340,2752512000,5250,fit
135m-g061-ai-r1,g061,ai,135m,12,135266786,314159,1,2175391295,2228627905,4404019200,8400,fit
135m-g061-human-r0.025,g061,human,135m,12,135266786,314159,0.025,2257059840,0,2257059840,4305,fit
135m-g061-human-r0.05,g061,human,135m,12,135266786,314159,0.05,2312110080,0,2312110080,4410,fit
135m-g062-control,g062,control,135m,12,135266786,424242,0,2202009600,0,2202009600,4200,fit
135m-g062-ai-r0.25,g062,ai,135m,12,135266786,424242,0.25,2198426776,554085224,2752512000,5250,fit
135m-g062-ai-r1,g062,ai,135m,12,135266786,424242,1,2175029112,2228990088,4404019200,8400,fit
135m-g063-control,g063,control,135m,12,135266786,1337,0,2553806848,0,2553806848,4871,fit
135m-g063-ai-r0.0025,g063,ai,135m,12,135266786,1337,0.0025,2553717761,6380543,2560098304,4883,fit
135m-g063-ai-r0.005,g063,ai,135m,12,135266786,1337,0.005,2553591780,12797980,2566389760,4895,fit
135m-g063-ai-r0.01,g063,ai,135m,12,135266786,1337,0.01,2553831567,25665393,2579496960,4920,fit
135m-g063-ai-r0.025,g063,ai,135m,12,135266786,1337,0.025,2553609026,64160958,2617769984,4993,fit
135m-g063-ai-r0.05,g063,ai,135m,12,135266786,1337,0.05,2554051985,128205423,2682257408,5116,fit
135m-g063-ai-r0.1,g063,ai,135m,12,135266786,1337,0.1,2553653594,256530086,2810183680,5360,fit
135m-g063-ai-r0.25,g063,ai,135m,12,135266786,1337,0.25,2554022343,643610169,3197632512,6099,fit
135m-g063-ai-r0.5,g063,ai,135m,12,135266786,1337,0.5,2553919922,1295926862,3849846784,7343,fit
135m-g063-ai-r1,g063,ai,135m,12,135266786,1337,1,2553803612,2614627492,5168431104,9858,fit
135m-g063-ai-r2,g063,ai,135m,12,135266786,1337,2,2553870961,5296817551,7850688512,14974,fit
135m-g063-ai-r4,g063,ai,135m,12,135266786,1337,4,2553779147,10736397365,13290176512,25349,fit
135m-g063-ai-r8,g063,ai,135m,12,135266786,1337,8,2553826118,21716513978,24270340096,46292,fit
135m-g063-human-r0.0025,g063,human,135m,12,135266786,1337,0.0025,2560098304,0,2560098304,4883,fit
135m-g063-human-r0.005,g063,human,135m,12,135266786,1337,0.005,2566389760,0,2566389760,4895,fit
135m-g063-human-r0.01,g063,human,135m,12,135266786,1337,0.01,2579496960,0,2579496960,4920,fit
135m-g063-human-r0.025,g063,human,135m,12,135266786,1337,0.025,2617769984,0,2617769984,4993,fit
135m-g063-human-r0.05,g063,human,135m,12,135266786,1337,0.05,2682257408,0,2682257408,5116,fit
135m-g063-human-r0.5,g063,human,135m,12,135266786,1337,0.5,3830448128,0,3830448128,7306,fit
135m-g063-human-r4,g063,human,135m,12,135266786,1337,4,13290176512,0,13290176512,25349,fit
135m-g064-control,g064,control,135m,12,135266786,1337,0,4404019200,0,4404019200,8400,fit
135m-g064-ai-r0.025,g064,ai,135m,12,135266786,1337,0.025,4404445325,109674355,4514119680,8610,fit
135m-g064-ai-r0.05,g064,ai,135m,12,135266786,1337,0.05,4403870947,220349213,4624220160,8820,fit
135m-g064-ai-r0.1,g064,ai,135m,12,135266786,1337,0.1,4402774976,441646144,4844421120,9240,fit
135m-g064-ai-r0.25,g064,ai,135m,12,135266786,1337,0.25,4398144621,1106879379,5505024000,10500,fit
135m-g064-ai-r0.5,g064,ai,135m,12,135266786,1337,0.5,4386036541,2219992259,6606028800,12600,fit
135m-g064-ai-r1,g064,ai,135m,12,135266786,1337,1,4356511015,4451527385,8808038400,16800,fit
135m-g064-human-r0.025,g064,human,135m,12,135266786,1337,0.025,4514119680,0,4514119680,8610,fit
135m-g064-human-r0.05,g064,human,135m,12,135266786,1337,0.05,4624220160,0,4624220160,8820,fit
135m-g065-control,g065,control,135m,12,135266786,1337,0,5107613696,0,5107613696,9742,fit
135m-g065-ai-r0.025,g065,ai,135m,12,135266786,1337,0.025,5107829429,127710539,5235539968,9986,fit
135m-g065-ai-r0.05,g065,ai,135m,12,135266786,1337,0.05,5107463868,255478084,5362941952,10229,fit
135m-g065-ai-r0.1,g065,ai,135m,12,135266786,1337,0.1,5107467202,511327294,5618794496,10717,fit
135m-g065-ai-r0.25,g065,ai,135m,12,135266786,1337,0.25,5107523042,1284596254,6392119296,12192,fit
135m-g065-ai-r0.5,g065,ai,135m,12,135266786,1337,0.5,5107550699,2583754261,7691304960,14670,fit
135m-g065-ai-r1,g065,ai,135m,12,135266786,1337,1,5107655620,5217147964,10324803584,19693,fit
135m-g065-human-r0.025,g065,human,135m,12,135266786,1337,0.025,5235539968,0,5235539968,9986,fit
135m-g065-human-r0.05,g065,human,135m,12,135266786,1337,0.05,5362941952,0,5362941952,10229,fit
135m-g065-human-r0.5,g065,human,135m,12,135266786,1337,0.5,7661420544,0,7661420544,14613,fit
135m-g066-control,g066,control,135m,12,135266786,1337,0,6606028800,0,6606028800,12600,fit
135m-g066-ai-r0.05,g066,ai,135m,12,135266786,1337,0.05,6606211571,330118669,6936330240,13230,fit
135m-g066-ai-r0.1,g066,ai,135m,12,135266786,1337,0.1,6605086973,661544707,7266631680,13860,fit
135m-g066-ai-r0.25,g066,ai,135m,12,135266786,1337,0.25,6598630264,1658905736,8257536000,15750,fit
135m-g066-ai-r0.5,g066,ai,135m,12,135266786,1337,0.5,6580659240,3328383960,9909043200,18900,fit
135m-g066-ai-r1,g066,ai,135m,12,135266786,1337,1,6538825474,6673232126,13212057600,25200,fit
135m-g066-human-r0.25,g066,human,135m,12,135266786,1337,0.25,8257536000,0,8257536000,15750,fit
135m-g067-control,g067,control,135m,12,135266786,1337,0,7402422272,0,7402422272,14119,fit
135m-g067-ai-r0.05,g067,ai,135m,12,135266786,1337,0.05,7402382458,369662854,7772045312,14824,fit
135m-g067-ai-r0.1,g067,ai,135m,12,135266786,1337,0.1,7402481320,740759896,8143241216,15532,fit
135m-g067-ai-r0.25,g067,ai,135m,12,135266786,1337,0.25,7402417251,1860178845,9262596096,17667,fit
135m-g067-ai-r0.5,g067,ai,135m,12,135266786,1337,0.5,7402443635,3743394957,11145838592,21259,fit
135m-g067-ai-r1,g067,ai,135m,12,135266786,1337,1,7402521910,7555939018,14958460928,28531,fit
135m-g067-human-r0.25,g067,human,135m,12,135266786,1337,0.25,9262596096,0,9262596096,17667,fit
135m-g068-control,g068,control,135m,12,135266786,1337,0,8808038400,0,8808038400,16800,fit
135m-g068-ai-r0.05,g068,ai,135m,12,135266786,1337,0.05,8807935507,440504813,9248440320,17640,fit
135m-g068-ai-r0.1,g068,ai,135m,12,135266786,1337,0.1,8806314189,882528051,9688842240,18480,fit
135m-g068-ai-r0.25,g068,ai,135m,12,135266786,1337,0.25,8798426570,2211621430,11010048000,21000,fit
135m-g068-ai-r0.5,g068,ai,135m,12,135266786,1337,0.5,8775729541,4436328059,13212057600,25200,fit
135m-g068-ai-r1,g068,ai,135m,12,135266786,1337,1,8718297837,8897778963,17616076800,33600,fit
135m-g068-human-r0.25,g068,human,135m,12,135266786,1337,0.25,11010048000,0,11010048000,21000,fit
135m-g069-control,g069,control,135m,12,135266786,1337,0,9869721600,0,9869721600,18825,fit
135m-g069-ai-r0.05,g069,ai,135m,12,135266786,1337,0.05,9869897079,492655241,10362552320,19765,fit
135m-g069-ai-r0.1,g069,ai,135m,12,135266786,1337,0.1,9869756475,987723717,10857480192,20709,fit
135m-g069-ai-r0.25,g069,ai,135m,12,135266786,1337,0.25,9869643433,2479436119,12349079552,23554,fit
135m-g069-ai-r0.5,g069,ai,135m,12,135266786,1337,0.5,9869761180,4989085028,14858846208,28341,fit
135m-g069-ai-r1,g069,ai,135m,12,135266786,1337,1,9869780976,10074134544,19943915520,38040,fit
135m-g069-human-r0.25,g069,human,135m,12,135266786,1337,0.25,12349079552,0,12349079552,23554,fit
135m-g070-control,g070,control,135m,12,135266786,1337,0,11010048000,0,11010048000,21000,fit
135m-g070-ai-r0.05,g070,ai,135m,12,135266786,1337,0.05,11010158232,550392168,11560550400,22050,fit
135m-g070-ai-r0.1,g070,ai,135m,12,135266786,1337,0.1,11008301532,1102751268,12111052800,23100,fit
135m-g070-ai-r0.25,g070,ai,135m,12,135266786,1337,0.25,10998502750,2764057250,13762560000,26250,fit
135m-g070-ai-r0.5,g070,ai,135m,12,135266786,1337,0.5,10969425148,5545646852,16515072000,31500,fit
135m-g070-ai-r1,g070,ai,135m,12,135266786,1337,1,10897156053,11122939947,22020096000,42000,fit
135m-g070-human-r0.25,g070,human,135m,12,135266786,1337,0.25,13762560000,0,13762560000,26250,fit
135m-g071-control,g071,control,135m,12,135266786,1337,0,11835801600,0,11835801600,22575,fit
135m-g071-ai-r0.05,g071,ai,135m,12,135266786,1337,0.05,11835671561,591002615,12426674176,23702,fit
135m-g071-ai-r0.1,g071,ai,135m,12,135266786,1337,0.1,11835922487,1184769993,13020692480,24835,fit
135m-g071-ai-r0.25,g071,ai,135m,12,135266786,1337,0.25,11835633334,2972881226,14808514560,28245,fit
135m-g071-ai-r0.5,g071,ai,135m,12,135266786,1337,0.5,11835727159,5982724809,17818451968,33986,fit
135m-g071-ai-r1,g071,ai,135m,12,135266786,1337,1,11835746085,12079651035,23915397120,45615,fit
135m-g071-human-r0.25,g071,human,135m,12,135266786,1337,0.25,14808514560,0,14808514560,28245,fit
268m-g072-control,g072,control,268m,16,268436282,1337,0,1174405120,0,1174405120,2240,fit
268m-g072-ai-r0.0025,g072,ai,268m,16,268436282,1337,0.0025,1174092320,2934240,1177026560,2245,fit
268m-g072-ai-r0.005,g072,ai,268m,16,268436282,1337,0.005,1174287181,5885107,1180172288,2251,fit
268m-g072-ai-r0.01,g072,ai,268m,16,268436282,1337,0.01,1174087391,11852065,1185939456,2262,fit
268m-g072-ai-r0.025,g072,ai,268m,16,268436282,1337,0.025,1174108496,29656752,1203765248,2296,fit
268m-g072-ai-r0.05,g072,ai,268m,16,268436282,1337,0.05,1173730122,59395254,1233125376,2352,fit
268m-g072-ai-r0.1,g072,ai,268m,16,268436282,1337,0.1,1173210850,118634782,1291845632,2464,fit
268m-g072-ai-r0.25,g072,ai,268m,16,268436282,1337,0.25,1170835170,297171230,1468006400,2800,fit
268m-g072-ai-r0.5,g072,ai,268m,16,268436282,1337,0.5,1166105596,595502084,1761607680,3360,fit
268m-g072-ai-r1,g072,ai,268m,16,268436282,1337,1,1156520664,1192289576,2348810240,4480,fit
268m-g072-human-r0.0025,g072,human,268m,16,268436282,1337,0.0025,1177026560,0,1177026560,2245,fit
268m-g072-human-r0.005,g072,human,268m,16,268436282,1337,0.005,1180172288,0,1180172288,2251,fit
268m-g072-human-r0.01,g072,human,268m,16,268436282,1337,0.01,1185939456,0,1185939456,2262,fit
268m-g072-human-r0.025,g072,human,268m,16,268436282,1337,0.025,1203765248,0,1203765248,2296,fit
268m-g072-human-r0.05,g072,human,268m,16,268436282,1337,0.05,1233125376,0,1233125376,2352,fit
268m-g072-human-r0.25,g072,human,268m,16,268436282,1337,0.25,1468006400,0,1468006400,2800,fit
268m-g072-human-r1,g072,human,268m,16,268436282,1337,1,2348810240,0,2348810240,4480,fit
268m-g073-control,g073,control,268m,16,268436282,271828,0,1174405120,0,1174405120,2240,fit
268m-g073-ai-r0.025,g073,ai,268m,16,268436282,271828,0.025,1174117444,29647804,1203765248,2296,fit
268m-g073-ai-r0.05,g073,ai,268m,16,268436282,271828,0.05,1173762734,59362642,1233125376,2352,fit
268m-g073-human-r0.025,g073,human,268m,16,268436282,271828,0.025,1203765248,0,1203765248,2296,fit
268m-g073-human-r0.05,g073,human,268m,16,268436282,271828,0.05,1233125376,0,1233125376,2352,fit
268m-g074-control,g074,control,268m,16,268436282,314159,0,1174405120,0,1174405120,2240,fit
268m-g074-ai-r0.025,g074,ai,268m,16,268436282,314159,0.025,1174081007,29684241,1203765248,2296,fit
268m-g074-ai-r0.05,g074,ai,268m,16,268436282,314159,0.05,1173763980,59361396,1233125376,2352,fit
268m-g074-human-r0.025,g074,human,268m,16,268436282,314159,0.025,1203765248,0,1203765248,2296,fit
268m-g074-human-r0.05,g074,human,268m,16,268436282,314159,0.05,1233125376,0,1233125376,2352,fit
268m-g075-control,g075,control,268m,16,268436282,1337,0,1266679808,0,1266679808,2416,fit
268m-g075-ai-r0.0025,g075,ai,268m,16,268436282,1337,0.0025,1266659413,3166123,1269825536,2422,fit
268m-g075-ai-r0.005,g075,ai,268m,16,268436282,1337,0.005,1266638913,6332351,1272971264,2428,fit
268m-g075-ai-r0.01,g075,ai,268m,16,268436282,1337,0.01,1266497059,12765661,1279262720,2440,fit
268m-g075-ai-r0.025,g075,ai,268m,16,268436282,1337,0.025,1266723423,31937953,1298661376,2477,fit
268m-g075-ai-r0.05,g075,ai,268m,16,268436282,1337,0.05,1266615160,64027784,1330642944,2538,fit
268m-g075-ai-r0.1,g075,ai,268m,16,268436282,1337,0.1,1266621123,127984957,1394606080,2660,fit
268m-g075-ai-r0.25,g075,ai,268m,16,268436282,1337,0.25,1266715851,320828213,1587544064,3028,fit
268m-g075-ai-r0.5,g075,ai,268m,16,268436282,1337,0.5,1266709899,645368437,1912078336,3647,fit
268m-g075-ai-r1,g075,ai,268m,16,268436282,1337,1,1266784579,1304323773,2571108352,4904,fit
268m-g075-ai-r2,g075,ai,268m,16,268436282,1337,2,1266710194,2640808270,3907518464,7453,fit
268m-g075-ai-r4,g075,ai,268m,16,268436282,1337,4,1266630658,5346738174,6613368832,12614,fit
268m-g075-human-r0.0025,g075,human,268m,16,268436282,1337,0.0025,1269825536,0,1269825536,2422,fit
268m-g075-human-r0.005,g075,human,268m,16,268436282,1337,0.005,1272971264,0,1272971264,2428,fit
268m-g075-human-r0.01,g075,human,268m,16,268436282,1337,0.01,1279262720,0,1279262720,2440,fit
268m-g075-human-r0.025,g075,human,268m,16,268436282,1337,0.025,1298661376,0,1298661376,2477,fit
268m-g075-human-r0.05,g075,human,268m,16,268436282,1337,0.05,1330642944,0,1330642944,2538,fit
268m-g075-human-r0.25,g075,human,268m,16,268436282,1337,0.25,1587544064,0,1587544064,3028,fit
268m-g075-human-r1,g075,human,268m,16,268436282,1337,1,2571108352,0,2571108352,4904,fit
268m-g076-control,g076,control,268m,16,268436282,1337,0,4697620480,0,4697620480,8960,fit
268m-g076-ai-r0.0025,g076,ai,268m,16,268436282,1337,0.0025,4697437191,11717625,4709154816,8982,fit
268m-g076-ai-r0.005,g076,ai,268m,16,268436282,1337,0.005,4697152793,23536359,4720689152,9004,fit
268m-g076-ai-r0.01,g076,ai,268m,16,268436282,1337,0.01,4697107968,47174144,4744282112,9049,fit
268m-g076-ai-r0.025,g076,ai,268m,16,268436282,1337,0.025,4697755862,117305130,4815060992,9184,fit
268m-g076-ai-r0.05,g076,ai,268m,16,268436282,1337,0.05,4697584015,234917489,4932501504,9408,fit
268m-g076-ai-r0.1,g076,ai,268m,16,268436282,1337,0.1,4697078222,470304306,5167382528,9856,fit
268m-g076-ai-r0.25,g076,ai,268m,16,268436282,1337,0.25,4691245026,1180780574,5872025600,11200,fit
268m-g076-ai-r0.5,g076,ai,268m,16,268436282,1337,0.5,4678827711,2367603009,7046430720,13440,fit
268m-g076-ai-r1,g076,ai,268m,16,268436282,1337,1,4647615246,4747625714,9395240960,17920,fit
268m-g076-human-r0.0025,g076,human,268m,16,268436282,1337,0.0025,4709154816,0,4709154816,8982,fit
268m-g076-human-r0.005,g076,human,268m,16,268436282,1337,0.005,4720689152,0,4720689152,9004,fit
268m-g076-human-r0.01,g076,human,268m,16,268436282,1337,0.01,4744282112,0,4744282112,9049,fit
268m-g076-human-r0.025,g076,human,268m,16,268436282,1337,0.025,4815060992,0,4815060992,9184,fit
268m-g076-human-r0.05,g076,human,268m,16,268436282,1337,0.05,4932501504,0,4932501504,9408,fit
268m-g076-human-r0.25,g076,human,268m,16,268436282,1337,0.25,5872025600,0,5872025600,11200,fit
268m-g077-control,g077,control,268m,16,268436282,7331,0,4697620480,0,4697620480,8960,fit
268m-g077-ai-r0.25,g077,ai,268m,16,268436282,7331,0.25,4692018287,1180007313,5872025600,11200,fit
268m-g077-ai-r1,g077,ai,268m,16,268436282,7331,1,4645447812,4749793148,9395240960,17920,fit
268m-g078-control,g078,control,268m,16,268436282,271828,0,4697620480,0,4697620480,8960,fit
268m-g078-ai-r0.025,g078,ai,268m,16,268436282,271828,0.025,4698546837,116514155,4815060992,9184,fit
268m-g078-ai-r0.05,g078,ai,268m,16,268436282,271828,0.05,4699085033,233416471,4932501504,9408,fit
268m-g078-ai-r0.25,g078,ai,268m,16,268436282,271828,0.25,4691419121,1180606479,5872025600,11200,fit
268m-g078-ai-r0.5,g078,ai,268m,16,268436282,271828,0.5,4677857410,2368573310,7046430720,13440,fit
268m-g078-ai-r1,g078,ai,268m,16,268436282,271828,1,4646431153,4748809807,9395240960,17920,fit
268m-g078-human-r0.025,g078,human,268m,16,268436282,271828,0.025,4815060992,0,4815060992,9184,fit
268m-g078-human-r0.05,g078,human,268m,16,268436282,271828,0.05,4932501504,0,4932501504,9408,fit
268m-g079-control,g079,control,268m,16,268436282,314159,0,4697620480,0,4697620480,8960,fit
268m-g079-ai-r0.025,g079,ai,268m,16,268436282,314159,0.025,4698474164,116586828,4815060992,9184,fit
268m-g079-ai-r0.05,g079,ai,268m,16,268436282,314159,0.05,4699013288,233488216,4932501504,9408,fit
268m-g079-ai-r0.25,g079,ai,268m,16,268436282,314159,0.25,4691198153,1180827447,5872025600,11200,fit
268m-g079-ai-r0.5,g079,ai,268m,16,268436282,314159,0.5,4678162788,2368267932,7046430720,13440,fit
268m-g079-ai-r1,g079,ai,268m,16,268436282,314159,1,4645906694,4749334266,9395240960,17920,fit
268m-g079-human-r0.025,g079,human,268m,16,268436282,314159,0.025,4815060992,0,4815060992,9184,fit
268m-g079-human-r0.05,g079,human,268m,16,268436282,314159,0.05,4932501504,0,4932501504,9408,fit
268m-g080-control,g080,control,268m,16,268436282,424242,0,4697620480,0,4697620480,8960,fit
268m-g080-ai-r0.25,g080,ai,268m,16,268436282,424242,0.25,4692742401,1179283199,5872025600,11200,fit
268m-g080-ai-r1,g080,ai,268m,16,268436282,424242,1,4648225243,4747015717,9395240960,17920,fit
268m-g081-control,g081,control,268m,16,268436282,1337,0,5067767808,0,5067767808,9666,fit
268m-g081-ai-r0.0025,g081,ai,268m,16,268436282,1337,0.0025,5067691263,12659457,5080350720,9690,fit
268m-g081-ai-r0.005,g081,ai,268m,16,268436282,1337,0.005,5067585524,25348108,5092933632,9714,fit
268m-g081-ai-r0.01,g081,ai,268m,16,268436282,1337,0.01,5067941270,50682474,5118623744,9763,fit
268m-g081-ai-r0.025,g081,ai,268m,16,268436282,1337,0.025,5067952437,126693067,5194645504,9908,fit
268m-g081-ai-r0.05,g081,ai,268m,16,268436282,1337,0.05,5068012779,253510421,5321523200,10150,fit
268m-g081-ai-r0.1,g081,ai,268m,16,268436282,1337,0.1,5067952469,507326123,5575278592,10634,fit
268m-g081-ai-r0.25,g081,ai,268m,16,268436282,1337,0.25,5067945831,1274366105,6342311936,12097,fit
268m-g081-ai-r0.5,g081,ai,268m,16,268436282,1337,0.5,5067652554,2563883574,7631536128,14556,fit
268m-g081-ai-r1,g081,ai,268m,16,268436282,1337,1,5067636186,5176427046,10244063232,19539,fit
268m-g081-ai-r2,g081,ai,268m,16,268436282,1337,2,5067781790,10486794594,15554576384,29668,fit
268m-g081-ai-r4,g081,ai,268m,16,268436282,1337,4,5067759676,21284003780,26351763456,50262,fit
268m-g081-human-r0.0025,g081,human,268m,16,268436282,1337,0.0025,5080350720,0,5080350720,9690,fit
268m-g081-human-r0.005,g081,human,268m,16,268436282,1337,0.005,5092933632,0,5092933632,9714,fit
268m-g081-human-r0.01,g081,human,268m,16,268436282,1337,0.01,5118623744,0,5118623744,9763,fit
268m-g081-human-r0.025,g081,human,268m,16,268436282,1337,0.025,5194645504,0,5194645504,9908,fit
268m-g081-human-r0.05,g081,human,268m,16,268436282,1337,0.05,5321523200,0,5321523200,10150,fit
268m-g081-human-r0.25,g081,human,268m,16,268436282,1337,0.25,6342311936,0,6342311936,12097,fit
268m-g082-control,g082,control,268m,16,268436282,1337,0,9395240960,0,9395240960,17920,fit
268m-g082-ai-r0.025,g082,ai,268m,16,268436282,1337,0.025,9396332712,233789272,9630121984,18368,fit
268m-g082-ai-r0.05,g082,ai,268m,16,268436282,1337,0.05,9395769204,469233804,9865003008,18816,fit
268m-g082-ai-r0.1,g082,ai,268m,16,268436282,1337,0.1,9393779762,940985294,10334765056,19712,fit
268m-g082-ai-r0.25,g082,ai,268m,16,268436282,1337,0.25,9385285244,2358765956,11744051200,22400,fit
268m-g082-ai-r0.5,g082,ai,268m,16,268436282,1337,0.5,9360479324,4732382116,14092861440,26880,fit
268m-g082-ai-r1,g082,ai,268m,16,268436282,1337,1,9299697574,9490784346,18790481920,35840,fit
268m-g082-human-r0.025,g082,human,268m,16,268436282,1337,0.025,9630121984,0,9630121984,18368,fit
268m-g082-human-r0.05,g082,human,268m,16,268436282,1337,0.05,9865003008,0,9865003008,18816,fit
268m-g082-human-r0.25,g082,human,268m,16,268436282,1337,0.25,11744051200,0,11744051200,22400,fit
268m-g082-human-r1,g082,human,268m,16,268436282,1337,1,18790481920,0,18790481920,35840,fit
268m-g083-control,g083,control,268m,16,268436282,1337,0,10135535616,0,10135535616,19332,fit
268m-g083-ai-r0.025,g083,ai,268m,16,268436282,1337,0.025,10135357509,252884923,10388242432,19814,fit
268m-g083-ai-r0.05,g083,ai,268m,16,268436282,1337,0.05,10135505136,505968400,10641473536,20297,fit
268m-g083-ai-r0.1,g083,ai,268m,16,268436282,1337,0.1,10135597602,1014435294,11150032896,21267,fit
268m-g083-ai-r0.25,g083,ai,268m,16,268436282,1337,0.25,10135498541,2545979603,12681478144,24188,fit
268m-g083-ai-r0.5,g083,ai,268m,16,268436282,1337,0.5,10135468827,5123933413,15259402240,29105,fit
268m-g083-ai-r1,g083,ai,268m,16,268436282,1337,1,10135612449,10344649695,20480262144,39063,fit
268m-g083-human-r0.025,g083,human,268m,16,268436282,1337,0.025,10388242432,0,10388242432,19814,fit
268m-g083-human-r0.05,g083,human,268m,16,268436282,1337,0.05,10641473536,0,10641473536,20297,fit
268m-g083-human-r0.25,g083,human,268m,16,268436282,1337,0.25,12681478144,0,12681478144,24188,fit
268m-g083-human-r1,g083,human,268m,16,268436282,1337,1,20480262144,0,20480262144,39063,fit
268m-g084-control,g084,control,268m,16,268436282,1337,0,14092861440,0,14092861440,26880,fit
268m-g084-ai-r0.05,g084,ai,268m,16,268436282,1337,0.05,14092839732,704664780,14797504512,28224,fit
268m-g084-ai-r0.1,g084,ai,268m,16,268436282,1337,0.1,14090697257,1411450327,15502147584,29568,fit
268m-g084-ai-r0.25,g084,ai,268m,16,268436282,1337,0.25,14077793043,3538283757,17616076800,33600,fit
268m-g084-ai-r0.5,g084,ai,268m,16,268436282,1337,0.5,14041122882,7098169278,21139292160,40320,fit
268m-g084-ai-r1,g084,ai,268m,16,268436282,1337,1,13949505755,14236217125,28185722880,53760,fit
268m-g084-human-r0.25,g084,human,268m,16,268436282,1337,0.25,17616076800,0,17616076800,33600,fit
268m-g085-control,g085,control,268m,16,268436282,1337,0,14690025472,0,14690025472,28019,fit
268m-g085-ai-r0.05,g085,ai,268m,16,268436282,1337,0.05,14690040880,733463504,15423504384,29418,fit
268m-g085-ai-r0.1,g085,ai,268m,16,268436282,1337,0.1,14689954422,1470174602,16160129024,30823,fit
268m-g085-ai-r0.25,g085,ai,268m,16,268436282,1337,0.25,14690155775,3690857217,18381012992,35059,fit
268m-g085-ai-r0.5,g085,ai,268m,16,268436282,1337,0.5,14690161898,7425354518,22115516416,42182,fit
268m-g085-ai-r1,g085,ai,268m,16,268436282,1337,1,14689978907,14992061925,29682040832,56614,fit
268m-g085-human-r0.25,g085,human,268m,16,268436282,1337,0.25,18381012992,0,18381012992,35059,fit
268m-g086-control,g086,control,268m,16,268436282,1337,0,18790481920,0,18790481920,35840,fit
268m-g086-ai-r0.05,g086,ai,268m,16,268436282,1337,0.05,18791031735,938974281,19730006016,37632,fit
268m-g086-ai-r0.1,g086,ai,268m,16,268436282,1337,0.1,18789382436,1880147676,20669530112,39424,fit
268m-g086-ai-r0.25,g086,ai,268m,16,268436282,1337,0.25,18771926731,4716175669,23488102400,44800,fit
268m-g086-ai-r0.5,g086,ai,268m,16,268436282,1337,0.5,18723672523,9462050357,28185722880,53760,fit
268m-g086-ai-r1,g086,ai,268m,16,268436282,1337,1,18600458178,18980505662,37580963840,71680,fit
268m-g086-human-r0.25,g086,human,268m,16,268436282,1337,0.25,23488102400,0,23488102400,44800,fit
268m-g087-control,g087,control,268m,16,268436282,1337,0,19586875392,0,19586875392,37359,fit
268m-g087-ai-r0.05,g087,ai,268m,16,268436282,1337,0.05,19586924402,978272398,20565196800,39225,fit
268m-g087-ai-r0.1,g087,ai,268m,16,268436282,1337,0.1,19587068098,1960120126,21547188224,41098,fit
268m-g087-ai-r0.25,g087,ai,268m,16,268436282,1337,0.25,19586752951,4921089609,24507842560,46745,fit
268m-g087-ai-r0.5,g087,ai,268m,16,268436282,1337,0.5,19586923960,9899557448,29486481408,56241,fit
268m-g087-ai-r1,g087,ai,268m,16,268436282,1337,1,19586800243,19990128013,39576928256,75487,fit
268m-g087-human-r0.25,g087,human,268m,16,268436282,1337,0.25,24507842560,0,24507842560,46745,fit
268m-g088-control,g088,control,268m,16,268436282,1337,0,23488102400,0,23488102400,44800,fit
268m-g088-ai-r0.05,g088,ai,268m,16,268436282,1337,0.05,23488797122,1173710398,24662507520,47040,fit
268m-g088-ai-r0.1,g088,ai,268m,16,268436282,1337,0.1,23486821631,2350091009,25836912640,49280,fit
268m-g088-ai-r0.25,g088,ai,268m,16,268436282,1337,0.25,23465157832,5894970168,29360128000,56000,fit
268m-g088-ai-r0.5,g088,ai,268m,16,268436282,1337,0.5,23403617983,11828535617,35232153600,67200,fit
268m-g088-ai-r1,g088,ai,268m,16,268436282,1337,1,23248135764,23728069036,46976204800,89600,fit
268m-g088-human-r0.1,g088,human,268m,16,268436282,1337,0.1,25836912640,0,25836912640,49280,fit
477m-g089-control,g089,control,477m,20,477103346,1337,0,2175795200,0,2175795200,2075,held_out
477m-g089-ai-r0.0025,g089,ai,477m,20,477103346,1337,0.0025,2175599082,5438997,2181038080,2080,held_out
477m-g089-ai-r0.025,g089,ai,477m,20,477103346,1337,0.025,2174900074,54372501,2229272576,2126,held_out
477m-g089-ai-r0.05,g089,ai,477m,20,477103346,1337,0.05,2175046217,108752310,2283798528,2178,held_out
477m-g089-ai-r0.1,g089,ai,477m,20,477103346,1337,0.1,2175318574,217531857,2392850432,2282,held_out
477m-g089-ai-r0.25,g089,ai,477m,20,477103346,1337,0.25,2175166054,543791513,2718957568,2593,held_out
477m-g089-ai-r0.5,g089,ai,477m,20,477103346,1337,0.5,2175445674,1087722837,3263168512,3112,held_out
477m-g089-ai-r1,g089,ai,477m,20,477103346,1337,1,2175795200,2175795200,4351590400,4150,held_out
477m-g089-human-r0.0025,g089,human,477m,20,477103346,1337,0.0025,2181038080,0,2181038080,2080,held_out
477m-g089-human-r0.025,g089,human,477m,20,477103346,1337,0.025,2229272576,0,2229272576,2126,held_out
477m-g089-human-r0.05,g089,human,477m,20,477103346,1337,0.05,2283798528,0,2283798528,2178,held_out
477m-g090-control,g090,control,477m,20,477103346,1337,0,2251292672,0,2251292672,2147,held_out
477m-g090-ai-r0.0025,g090,ai,477m,20,477103346,1337,0.0025,2250903126,5632426,2256535552,2152,held_out
477m-g090-ai-r0.025,g090,ai,477m,20,477103346,1337,0.025,2251437784,56477992,2307915776,2201,held_out
477m-g090-ai-r0.05,g090,ai,477m,20,477103346,1337,0.05,2251480810,113058070,2364538880,2255,held_out
477m-g090-ai-r0.1,g090,ai,477m,20,477103346,1337,0.1,2251260174,226524914,2477785088,2363,held_out
477m-g090-ai-r0.25,g090,ai,477m,20,477103346,1337,0.25,2250972069,567600219,2818572288,2688,held_out
477m-g090-ai-r0.5,g090,ai,477m,20,477103346,1337,0.5,2251038617,1143201895,3394240512,3237,held_out
477m-g090-ai-r1,g090,ai,477m,20,477103346,1337,1,2251256739,2306903133,4558159872,4347,held_out
477m-g090-human-r0.0025,g090,human,477m,20,477103346,1337,0.0025,2256535552,0,2256535552,2152,held_out
477m-g090-human-r0.025,g090,human,477m,20,477103346,1337,0.025,2307915776,0,2307915776,2201,held_out
477m-g090-human-r0.05,g090,human,477m,20,477103346,1337,0.05,2364538880,0,2364538880,2255,held_out
477m-g091-control,g091,control,477m,20,477103346,1337,0,8703180800,0,8703180800,8300,held_out
477m-g091-ai-r0.0025,g091,ai,477m,20,477103346,1337,0.0025,8702396329,21755990,8724152320,8320,held_out
477m-g091-ai-r0.025,g091,ai,477m,20,477103346,1337,0.025,8702669299,217566732,8920236032,8507,held_out
477m-g091-ai-r0.05,g091,ai,477m,20,477103346,1337,0.05,8703180800,435159040,9138339840,8715,held_out
477m-g091-ai-r0.1,g091,ai,477m,20,477103346,1337,0.1,8703180800,870318080,9573498880,9130,held_out
477m-g091-ai-r0.25,g091,ai,477m,20,477103346,1337,0.25,8703180800,2175795200,10878976000,10375,held_out
477m-g091-ai-r0.5,g091,ai,477m,20,477103346,1337,0.5,8703180800,4351590400,13054771200,12450,held_out
477m-g091-ai-r1,g091,ai,477m,20,477103346,1337,1,8703180800,8703180800,17406361600,16600,held_out
477m-g091-human-r0.0025,g091,human,477m,20,477103346,1337,0.0025,8724152320,0,8724152320,8320,held_out
477m-g091-human-r0.025,g091,human,477m,20,477103346,1337,0.025,8920236032,0,8920236032,8507,held_out
477m-g091-human-r0.05,g091,human,477m,20,477103346,1337,0.05,9138339840,0,9138339840,8715,held_out
477m-g092-control,g092,control,477m,20,477103346,1337,0,9007267840,0,9007267840,8590,held_out
477m-g092-ai-r0.0025,g092,ai,477m,20,477103346,1337,0.0025,9007784045,22552467,9030336512,8612,held_out
477m-g092-ai-r0.025,g092,ai,477m,20,477103346,1337,0.025,9006830431,224832673,9231663104,8804,held_out
477m-g092-ai-r0.05,g092,ai,477m,20,477103346,1337,0.05,9007470387,449636557,9457106944,9019,held_out
477m-g092-ai-r0.1,g092,ai,477m,20,477103346,1337,0.1,9007611810,901431390,9909043200,9450,held_out
477m-g092-ai-r0.25,g092,ai,477m,20,477103346,1337,0.25,9007186651,2262908197,11270094848,10748,held_out
477m-g092-ai-r0.5,g092,ai,477m,20,477103346,1337,0.5,9007021193,4553163639,13560184832,12932,held_out
477m-g092-ai-r1,g092,ai,477m,20,477103346,1337,1,9007405771,9193776437,18201182208,17358,held_out
477m-g092-human-r0.0025,g092,human,477m,20,477103346,1337,0.0025,9030336512,0,9030336512,8612,held_out
477m-g092-human-r0.025,g092,human,477m,20,477103346,1337,0.025,9231663104,0,9231663104,8804,held_out
477m-g092-human-r0.05,g092,human,477m,20,477103346,1337,0.05,9457106944,0,9457106944,9019,held_out
477m-g093-control,g093,control,477m,20,477103346,1337,0,17406361600,0,17406361600,16600,held_out
477m-g093-ai-r0.05,g093,ai,477m,20,477103346,1337,0.05,17406361600,870318080,18276679680,17430,held_out
477m-g093-ai-r0.25,g093,ai,477m,20,477103346,1337,0.25,17406361600,4351590400,21757952000,20750,held_out
477m-g093-ai-r1,g093,ai,477m,20,477103346,1337,1,17406361600,17406361600,34812723200,33200,held_out
477m-g094-control,g094,control,477m,20,477103346,1337,0,18014535680,0,18014535680,17180,held_out
477m-g094-ai-r0.05,g094,ai,477m,20,477103346,1337,0.05,18014228305,899985583,18914213888,18038,held_out
477m-g094-ai-r0.1,g094,ai,477m,20,477103346,1337,0.1,18014384010,1802653814,19817037824,18899,held_out
477m-g094-ai-r0.25,g094,ai,477m,20,477103346,1337,0.25,18014802090,4526436182,22541238272,21497,held_out
477m-g094-ai-r0.5,g094,ai,477m,20,477103346,1337,0.5,18014313383,9105007705,27119321088,25863,held_out
477m-g094-ai-r1,g094,ai,477m,20,477103346,1337,1,18014673411,18387691005,36402364416,34716,held_out
477m-g095-control,g095,control,477m,20,477103346,1337,0,26109542400,0,26109542400,24900,held_out
477m-g095-ai-r0.25,g095,ai,477m,20,477103346,1337,0.25,26109542400,6527385600,32636928000,31125,held_out
477m-g095-ai-r0.5,g095,ai,477m,20,477103346,1337,0.5,26109542400,13054771200,39164313600,37350,held_out
477m-g095-ai-r1,g095,ai,477m,20,477103346,1337,1,26109542400,26109542400,52219084800,49800,held_out
477m-g096-control,g096,control,477m,20,477103346,1337,0,34812723200,0,34812723200,33200,held_out
477m-g096-ai-r0.05,g096,ai,477m,20,477103346,1337,0.05,34812723200,1740636160,36553359360,34860,held_out
477m-g096-ai-r0.25,g096,ai,477m,20,477103346,1337,0.25,34812723200,8703180800,43515904000,41500,held_out
477m-g096-ai-r0.5,g096,ai,477m,20,477103346,1337,0.5,34812723200,17406361600,52219084800,49800,held_out
973m-g097-control,g097,control,973m,26,972949562,1337,0,4591714304,0,4591714304,4379,held_out
973m-g098-control,g098,control,973m,26,972949562,1337,0,18367905792,0,18367905792,17517,held_out
973m-g098-ai-r0.05,g098,ai,973m,26,972949562,1337,0.05,18368055588,918402779,19286458368,18393,held_out
973m-g098-ai-r0.1,g098,ai,973m,26,972949562,1337,0.1,18368191767,1836819176,20205010944,19269,held_out
973m-g098-ai-r0.25,g098,ai,973m,26,972949562,1337,0.25,18367696076,4591924019,22959620096,21896,held_out
973m-g098-ai-r0.5,g098,ai,973m,26,972949562,1337,0.5,18368255317,9184127658,27552382976,26276,held_out
973m-g098-ai-r1,g098,ai,973m,26,972949562,1337,1,18368430080,18368430080,36736860160,35035,held_out
973m-g099-control,g099,control,973m,26,972949562,1337,0,36736860160,0,36736860160,35035,held_out
973m-g099-ai-r0.05,g099,ai,973m,26,972949562,1337,0.05,36736111177,1836805558,38572916736,36786,held_out
973m-g099-ai-r0.1,g099,ai,973m,26,972949562,1337,0.1,36736383534,3673638353,40410021888,38538,held_out
973m-g099-ai-r0.25,g099,ai,973m,26,972949562,1337,0.25,36736231014,9184057753,45920288768,43793,held_out
973m-g099-ai-r0.5,g099,ai,973m,26,972949562,1337,0.5,36736510634,18368255317,55104765952,52552,held_out
973m-f17-ai-removed,f17,filtered,973m,26,972949562,1337,,3567255552,0,3567255552,3402,filtering
973m-f17-web-mix,f17,natural,973m,26,972949562,1337,,3567032805,1024681499,4591714304,4379,filtering
973m-f18-ai-removed,f18,filtered,973m,26,972949562,1337,,14269022208,0,14269022208,13608,filtering
973m-f18-web-mix,f18,natural,973m,26,972949562,1337,,14268945798,4098959994,18367905792,17517,filtering
973m-f19-ai-removed,f19,filtered,973m,26,972949562,1337,,28538044416,0,28538044416,27216,filtering
973m-f19-web-mix,f19,natural,973m,26,972949562,1337,,28538706173,8198153987,36736860160,35035,filtering
