month,kind,share,lo80,hi80,lo95,hi95
2022-12,observed,0.0036597276015792298,,,,
2023-01,observed,0.004629041100800086,,,,
2023-02,observed,0.005999479372504514,,,,
2023-03,observed,0.012965719074640608,,,,
2023-04,observed,0.009136028056507957,,,,
2023-05,observed,0.014358606152267592,,,,
2023-06,observed,0.016849354775704782,,,,
2023-09,observed,0.045928653144575574,,,,
2023-10,observed,0.043373508651530585,,,,
2023-11,observed,0.05834772115981843,,,,
2023-12,observed,0.056374753288338644,,,,
2024-02,observed,0.08317564316598801,,,,
2024-03,observed,0.07706815886870531,,,,
2024-04,observed,0.09883395460784523,,,,
2024-05,observed,0.08806106039668528,,,,
2024-06,observed,0.1013521284025376,,,,
2024-07,observed,0.10549477209946265,,,,
2024-08,observed,0.09963005416789589,,,,
2024-09,observed,0.12682935862706096,,,,
2024-10,observed,0.11030877250548396,,,,
2024-11,observed,0.14156901758767904,,,,
2024-12,observed,0.14135851385587028,,,,
2025-01,observed,0.15015946499534927,,,,
2025-02,observed,0.13687227304466043,,,,
2025-03,observed,0.1530398042166542,,,,
2025-04,observed,0.16316942645020432,,,,
2025-05,observed,0.16573798975547013,,,,
2025-06,observed,0.16058355069271854,,,,
2025-07,observed,0.15728186428559343,,,,
2025-08,observed,0.17372305119325102,,,,
2025-09,observed,0.1671224036039905,,,,
2025-10,observed,0.19960609345538957,,,,
2025-11,observed,0.19296923261324556,,,,
2025-12,observed,0.20692343974114835,,,,
2026-01,observed,0.2266394809254352,,,,
2026-02,observed,0.21347106434227298,,,,
2026-03,observed,0.21334081310913797,,,,
2026-04,observed,0.2622136930474044,,,,
2026-05,observed,0.27987162777740665,,,,
2026-06,observed,0.2750085342095738,,,,
2026-07,observed,0.27893704687530657,,,,
2026-08,observed,0.3111431233820031,,,,
2026-09,forecast,0.3181313823770128,0.299171055025171,0.33709170972885455,0.288723872724159,0.34753889202986654
2026-10,forecast,0.32511964137202237,0.2980093935258714,0.35222988921817333,0.28307158700921103,0.3671676957348337
2026-11,forecast,0.332107900367032,0.2985458000904969,0.36567000064356714,0.28005300861663307,0.384162792117431
2026-12,forecast,0.3390961593620416,0.2999318755901354,0.37826044313394785,0.2783522686212755,0.39984005010280776
2027-01,forecast,0.3460844183570513,0.30184365453608714,0.39032518217801543,0.27746689583372586,0.4147019408803767
2027-02,forecast,0.35307267735206094,0.30411732263717817,0.4020280320669437,0.2771428139261033,0.4290025407780186
2027-03,forecast,0.36006093634707054,0.3066569492416175,0.41346492345252356,0.2772312342453326,0.4428906384488085
2027-04,forecast,0.3670491953420802,0.3094009305463335,0.4246974601378269,0.27763660915661476,0.45646178152754563
2027-05,forecast,0.3740374543370898,0.3123071008562989,0.43576780781788066,0.27829353957371444,0.46978136910046514
2027-06,forecast,0.38102571333209945,0.3153452127290438,0.4467062139351551,0.2791551116464696,0.4828963150177293
2027-07,forecast,0.3880139723271091,0.3184927720370226,0.4575351726171956,0.28018643693331197,0.49584150772090624
2027-08,forecast,0.3950022313221187,0.32173256548568685,0.46827189715855055,0.2813608175763303,0.508643645067907
2027-09,forecast,0.40199049031712836,0.3250511110273772,0.4789298696068795,0.28265734288978983,0.5213236377444669
2027-10,forecast,0.40897874931213796,0.32843764334193337,0.48951985528234254,0.2840593158383148,0.5338981827859611
2027-11,forecast,0.4159670083071476,0.33188342531964055,0.5000505912946547,0.2855531851454156,0.5463808314688796
2027-12,forecast,0.42295526730215727,0.3353812664980831,0.5105292681062314,0.2871277983879842,0.5587827362163303
2028-01,forecast,0.42994352629716687,0.33892517750227436,0.5209618750920594,0.2887738660321709,0.5711131865621628
2028-02,forecast,0.4369317852921765,0.3425101165420047,0.5313534540423483,0.29048356825021104,0.583380002334142
2028-03,forecast,0.4439200442871861,0.34613179983271514,0.5417082887416571,0.29225026088277994,0.5955898276915923
2028-04,forecast,0.4509083032821958,0.3497865574057063,0.5520300491586853,0.29406825180030904,0.6077483547640825
2028-05,forecast,0.45789656227720543,0.3534712217872986,0.5623219027671122,0.2959326282441163,0.6198604963102945
2028-06,forecast,0.4648848212722151,0.357183040899473,0.5725866016449572,0.2978391217351083,0.6319305208093219
2028-07,forecast,0.4718730802672247,0.3609196090904043,0.582826551444045,0.299784001101984,0.6439621594324654
2028-08,forecast,0.4788613392622343,0.36467881192720647,0.593043866597262,0.3017639868546612,0.6559586916698074
2028-09,forecast,0.48584959825724394,0.3684587815689485,0.6032404149455394,0.3037761819677253,0.6679230145467625
2028-10,forecast,0.4928378572522536,0.37225786036812153,0.6134178541363857,0.305818015426224,0.6798576990782832
2028-11,forecast,0.49982611624726325,0.37607457093929,0.6235776615552365,0.3078871958020798,0.6917650366924467
2028-12,forecast,0.5068143752422729,0.3799075913599793,0.6337211591245665,0.30998167279061123,0.7036470776939345
2029-01,forecast,0.5138026342372825,0.3837557344807535,0.6438495339938114,0.3120996051204175,0.7155056633541474
2029-02,forecast,0.5207908932322921,0.38761793055245997,0.6539638559121242,0.31423933360819756,0.7273424528563867
2029-03,forecast,0.5277791522273018,0.39149321255168823,0.6640650919029153,0.3163993583985029,0.7391589460561006
2029-04,forecast,0.5347674112223114,0.3953807037165105,0.6741541187281124,0.31857831963164474,0.7509565028129781
2029-05,forecast,0.541755670217321,0.39927960690473446,0.6842317335299075,0.3207749809383199,0.762736359496322
2029-06,forecast,0.5487439292123306,0.40318919546416854,0.6942986629604927,0.32298821527937227,0.774499643145289
2029-07,forecast,0.5557321882073403,0.40710880536451066,0.7043555710501699,0.32521699274233506,0.7862473836723455
2029-08,forecast,0.5627204472023499,0.4110378283876157,0.7144030660170841,0.3274603699795198,0.7979805244251801
2029-09,forecast,0.5697087061973596,0.4149757062101321,0.7244417061845871,0.3297174810301736,0.8096999313645455
2029-10,forecast,0.5766969651923692,0.4189219252421272,0.7344720051426112,0.3319875293151753,0.8214064010695632
2029-11,forecast,0.5836852241873789,0.4228760121090426,0.7444944362657152,0.3342697806295378,0.83310066774522
2029-12,forecast,0.5906734831823884,0.4268375296834328,0.7545094366813441,0.3365635569876266,0.8447834093771502
2030-01,forecast,0.5976617421773981,0.4308060735884338,0.7645174107663624,0.3388682312000311,0.8564552531547651
2030-02,forecast,0.6046500011724077,0.43478126910752674,0.7745187332372887,0.34118322208060203,0.8681167802642135
2030-03,forecast,0.6116382601674173,0.4387627684455074,0.7845137518893273,0.3435079901982086,0.879768530136626
2030-04,forecast,0.618626519162427,0.44275024829408133,0.7945027900307726,0.34584203410097103,0.8914110042238829
2030-05,forecast,0.6256147781574366,0.44674340766254456,0.8044861486523287,0.34818488695164174,0.9030446693632315
2030-06,forecast,0.6326030371524463,0.45074196593986393,0.8144641083650286,0.3505361135218879,0.9146699607830047
2030-07,forecast,0.6395912961474559,0.45474566115934845,0.8244369311355634,0.35289530750079234,0.9262872847941195
2030-08,forecast,0.6465795551424656,0.45875424844119295,0.8344048618437382,0.3552620890792358,0.9378970212056954
2030-09,forecast,0.6535678141374752,0.46276749859161637,0.8443681296833341,0.35763610277715685,0.9494995254977936
2030-10,forecast,0.6605560731324848,0.46678519684021724,0.8543269494247523,0.3600170154851881,0.9610951307797815
2030-11,forecast,0.6675443321274944,0.4708071416996322,0.8642815225553566,0.36240451469598317,0.9726841495590057
2030-12,forecast,0.6745325911225041,0.47483314393366904,0.8742320383113391,0.36479830690378956,0.9842668753412186
