month,dumps,source,documents,human_documents,mixed_documents,ai_documents,tokens,human_tokens,mixed_tokens,ai_tokens,ai_share,ai_or_mixed_share,ai_share_lo95,ai_share_hi95
2021-01,CC-MAIN-2021-04,fineweb,5000,4997,0,3,3432508,3430855,0,1653,0.0004815720749958922,0.0004815720749958922,0.0,0.0012043832218742673
2021-02,CC-MAIN-2021-10,fineweb,5000,4993,5,2,3481228,3472956,6714,1558,0.0004475432232534037,0.002376173005617558,0.0,0.0011627504145464542
2021-03,CC-MAIN-2021-10,fineweb,5000,4999,1,0,3618437,3613478,4959,0,0.0,0.0013704812326427128,0.0,0.0
2021-04,CC-MAIN-2021-17,fineweb,5000,4996,2,2,3578459,3577314,898,247,6.902412463018299e-05,0.00031997013239497784,0.0,0.00018082567990916444
2021-05,CC-MAIN-2021-21,fineweb,5000,4999,1,0,3684277,3683459,818,0,0.0,0.00022202456547105442,0.0,0.0
2021-06,CC-MAIN-2021-25,fineweb,5000,4994,2,4,3597614,3588026,7601,1987,0.0005523105035726457,0.002665099702191508,0.00011302788309817345,0.0011437993756357623
2021-07,CC-MAIN-2021-31,fineweb,5000,4997,1,2,3383904,3383080,149,675,0.00019947374393599818,0.00024350572593075928,0.0,0.000553026797089426
2021-08,CC-MAIN-2021-31,fineweb,5000,4992,5,3,3710128,3698204,10863,1061,0.0002859739610061971,0.0032139052884428785,0.0,0.0007555763305529549
2021-09,CC-MAIN-2021-39,fineweb,5000,4992,2,6,3545432,3540071,2128,3233,0.0009118775934780303,0.0015120865383964493,0.00012077483771449515,0.0019023572997382047
2021-10,CC-MAIN-2021-43,fineweb,5000,4992,2,6,3564549,3559507,1801,3241,0.000909231434327316,0.0014144846935755407,0.00016975825829704472,0.0018949511808980654
2021-11,CC-MAIN-2021-49,fineweb,5000,4994,1,5,3586779,3583933,760,2086,0.000581580298089177,0.000793469572560785,0.00010030277544772155,0.001188381786854992
2021-12,CC-MAIN-2021-49,fineweb,5000,4993,3,4,3516232,3503142,10958,2132,0.0006063308678153204,0.003722735018622207,9.792000160526236e-05,0.001345491595462265
2022-01,CC-MAIN-2022-05,fineweb,5000,4984,8,8,3552832,3540580,6774,5478,0.0015418685713256355,0.003448516563687785,0.0005319770313275612,0.0029472416011999407
2022-05,CC-MAIN-2022-21,fineweb,5000,4984,12,4,3471449,3458214,11286,1949,0.0005614370252882874,0.0038125290044589448,8.094910400284132e-05,0.0011947338690158366
2022-06,CC-MAIN-2022-27,fineweb,5000,4981,9,10,3682622,3668034,8006,6582,0.0017873134956560841,0.003961308002830592,0.000693015490998806,0.0031473609252734842
2022-07,CC-MAIN-2022-27,fineweb,5000,4985,9,6,3590120,3572990,13396,3734,0.0010400766548193374,0.004771428253094604,0.00022330155618813837,0.0020929036505617704
2022-08,CC-MAIN-2022-33,fineweb,5000,4979,8,13,3693441,3672271,10806,10364,0.002806055383042534,0.005731782367716176,0.0011259249091066978,0.004907177449996371
2022-09,CC-MAIN-2022-40,fineweb,5000,4981,8,11,3771552,3737492,23968,10092,0.0026758215185684834,0.009030765053749756,0.000839509600267453,0.004978023020885269
2022-10,CC-MAIN-2022-40,fineweb,5000,4983,6,11,3603893,3583349,7763,12781,0.0035464426940533473,0.005700502206919018,0.0011760767376977096,0.006643876720567597
2022-11,CC-MAIN-2022-49,fineweb,5000,4977,7,16,3864983,3837161,10017,17805,0.004606747300052808,0.00719847926886095,0.001243304764538115,0.00974182477797448
2022-12,CC-MAIN-2022-49,fineweb,5000,4979,9,12,3683061,3650521,19061,13479,0.0036597276015792298,0.008835042373721206,0.0012813144292539418,0.006878088306891856
2023-01,CC-MAIN-2023-06,fineweb,5000,4964,14,22,3571366,3535738,19096,16532,0.004629041100800086,0.009976014779778941,0.002052243586697164,0.0076372343647323005
2023-02,CC-MAIN-2023-06,fineweb,5000,4955,20,25,3587978,3532871,33581,21526,0.005999479372504514,0.015358789825355674,0.003509472714478446,0.009003426756597703
2023-03,CC-MAIN-2023-14,fineweb,5000,4926,23,51,3918564,3828546,39211,50807,0.012965719074640608,0.02297219083317256,0.008775892371078963,0.01781354413707696
2023-04,CC-MAIN-2023-14,fineweb,5000,4927,30,43,3838539,3762608,40862,35069,0.009136028056507957,0.019781224054256058,0.005778002005034036,0.012826979639610148
2023-05,CC-MAIN-2023-23,fineweb,5000,4896,32,72,4122545,4013029,50322,59194,0.014358606152267592,0.026565143618808285,0.009982875147707218,0.019774999745467883
2023-06,CC-MAIN-2023-23,fineweb,5000,4896,36,68,4019145,3906225,45200,67720,0.016849354775704782,0.028095527780162197,0.011605740550940118,0.023244183557912374
2023-09,CC-MAIN-2023-40,fineweb,5000,4789,39,172,3756914,3522916,61448,172550,0.045928653144575574,0.06228463041741174,0.036871088040547964,0.05572068902557661
2023-10,CC-MAIN-2023-40,fineweb,5000,4783,46,171,3612251,3393757,61818,156676,0.043373508651530585,0.06048693736952388,0.03427000594572167,0.053662399616671234
2023-11,CC-MAIN-2023-50,fineweb,5000,4725,53,222,3654710,3359417,82049,213244,0.05834772115981843,0.08079792924746423,0.049012806456365084,0.06922425938239217
2023-12,CC-MAIN-2023-50,fineweb,5000,4752,44,204,3622650,3357555,60869,204226,0.056374753288338644,0.07317709411618567,0.046235221391807566,0.06772594015438597
2024-02,CC-MAIN-2024-10,fineweb,5000,4643,60,297,3716148,3315939,91116,309093,0.08317564316598801,0.10769458051724527,0.07099022051733264,0.096971111977886
2024-03,CC-MAIN-2024-10,fineweb,5000,4646,66,288,3715672,3331005,98307,286360,0.07706815886870531,0.10352555338576709,0.06566066545463642,0.089702270189954
2024-04,CC-MAIN-2024-18,fineweb,5000,4585,71,344,3937068,3440602,107350,389116,0.09883395460784523,0.1261004381941079,0.08511017188483747,0.11335403519539279
2024-05,CC-MAIN-2024-22,fineweb,5000,4576,69,355,3801351,3355360,111240,334751,0.08806106039668528,0.11732434074096289,0.07488645608329783,0.10197532735803409
2024-06,CC-MAIN-2024-26,fineweb,5000,4562,77,361,3825968,3355759,82439,387770,0.1013521284025376,0.12289935514358719,0.086108653666233,0.11837606117203413
2024-07,CC-MAIN-2024-30,fineweb,5000,4509,91,400,3651944,3151167,115516,385261,0.10549477209946265,0.1371261443220378,0.09155322570164068,0.11989581012450366
2024-08,CC-MAIN-2024-33,fineweb,5000,4514,66,420,3904896,3408296,107555,389045,0.09963005416789589,0.12717368145015898,0.08687428439609961,0.1137162358861718
2024-09,CC-MAIN-2024-38,fineweb,5000,4435,84,481,3833994,3240887,106844,486263,0.12682935862706096,0.1546969035423634,0.11216478351097423,0.1429913394912809
2024-10,CC-MAIN-2024-42,fineweb,5000,4459,104,437,3949704,3370493,143524,435687,0.11030877250548396,0.14664668542250256,0.0949168853657081,0.12702669316985546
2024-11,CC-MAIN-2024-46,fineweb,5000,4380,95,525,3826713,3156495,128474,541744,0.14156901758767904,0.1751419560338076,0.12359728437119773,0.16049972835842094
2024-12,CC-MAIN-2024-51,fineweb,5000,4339,103,558,3600243,2965844,125474,508925,0.14135851385587028,0.1762100502660515,0.12659861707448083,0.15707033364378603
2025-01,CC-MAIN-2025-05,fineweb,5000,4344,93,563,3670398,2989640,129613,551145,0.15015946499534927,0.18547252913716714,0.1335424205021325,0.16717756162476421
2025-02,CC-MAIN-2025-08,fineweb,5000,4329,91,580,3674886,3060544,111352,502990,0.13687227304466043,0.16717307693354297,0.12214955681589977,0.15297478960928665
2025-03,CC-MAIN-2025-13,fineweb,5000,4267,114,619,3883885,3094631,194865,594389,0.1530398042166542,0.20321250500465385,0.13706570142767827,0.16930266393925397
2025-04,CC-MAIN-2025-18,fineweb,5000,4223,121,656,3888590,3115663,138428,634499,0.16316942645020432,0.19876793387834665,0.14313819649104725,0.18426020549342534
2025-05,CC-MAIN-2025-18;CC-MAIN-2025-21,fineweb,5000,4226,117,657,3988470,3186018,141411,661041,0.16573798975547013,0.20119293864564608,0.1451752521583127,0.1869294422897296
2025-06,CC-MAIN-2025-26,fineweb,5000,4176,136,688,3902523,3092614,183228,626681,0.16058355069271854,0.2075347153623438,0.14175989260346547,0.17954088974801422
2025-07,CC-MAIN-2025-30,common_crawl_random_warc,5000,4279,113,608,3191614,2529365,160266,501983,0.15728186428559343,0.20749658323343612,0.1408887672519729,0.17497562096697267
2025-08,CC-MAIN-2025-33,common_crawl_random_warc,5000,4255,115,630,3295786,2559365,163867,572554,0.17372305119325102,0.22344320899475875,0.15608386571029215,0.19188322556886536
2025-09,CC-MAIN-2025-38,common_crawl_random_warc,5000,4224,113,663,3334526,2619383,157869,557274,0.1671224036039905,0.21446616400651847,0.15159805465547166,0.18323254497062028
2025-10,CC-MAIN-2025-43,common_crawl_random_warc,5000,4174,123,703,3248994,2455228,145247,648519,0.19960609345538957,0.2443113160566009,0.18071742251005135,0.21975010050822524
2025-11,CC-MAIN-2025-47,common_crawl_random_warc,5000,4137,142,721,3470688,2611870,189082,669736,0.19296923261324556,0.24744892079034475,0.17458431981641986,0.21259939058237204
2025-12,CC-MAIN-2025-51,common_crawl_random_warc,5000,4079,128,793,3515218,2620632,167205,727381,0.20692343974114835,0.2544894797420814,0.18893178067090477,0.22545333649368152
2026-01,CC-MAIN-2026-04,common_crawl_random_warc,5000,4074,131,795,3535677,2560439,173914,801324,0.2266394809254352,0.27582779761839105,0.20693318807251415,0.24776559827686256
2026-02,CC-MAIN-2026-08,common_crawl_random_warc,5000,4077,119,804,3416805,2534257,153159,729389,0.21347106434227298,0.2582962738581804,0.19360393426651454,0.2340134316995667
2026-03,CC-MAIN-2026-12,common_crawl_random_warc,5000,4031,149,820,3570517,2604781,203999,761737,0.21334081310913797,0.27047511606862534,0.19379619496992267,0.23384575350273482
2026-04,CC-MAIN-2026-17,common_crawl_random_warc,5000,3894,132,974,3582475,2463230,179871,939374,0.2622136930474044,0.3124222778944724,0.24153125538384126,0.28281410124673695
2026-05,CC-MAIN-2026-21,common_crawl_random_warc,5000,3860,154,986,3517895,2353492,179844,984559,0.27987162777740665,0.33099424513807263,0.25842103602025246,0.30121801091041894
2026-06,CC-MAIN-2026-25,common_crawl_random_warc,5000,3867,163,970,3787697,2506561,239487,1041649,0.2750085342095738,0.3382361366286691,0.2540454962065635,0.2968689199317732
2026-07,CC-MAIN-2026-30,common_crawl_random_warc,5000,3810,163,1027,3618899,2392722,216732,1009445,0.27893704687530657,0.33882597994583435,0.258028561908162,0.30046614057344695
2026-08,CC-MAIN-2026-34,common_crawl_random_warc,5000,3747,160,1093,3715242,2358432,200838,1155972,0.3111431233820031,0.3652009747951816,0.28946215336345144,0.33294560086190145
