name,prompts,rate,low,high
973m-g097-control,webtext,0.30509,0.28030,0.32994
973m-g098-control,webtext,0.25137,0.23073,0.27160
973m-g098-ai-r0.05,webtext,0.29805,0.26015,0.35073
973m-g098-ai-r0.1,webtext,0.30523,0.28120,0.33038
973m-g098-ai-r0.25,webtext,0.28896,0.26442,0.31451
973m-g098-ai-r0.5,webtext,0.31735,0.29045,0.34427
973m-g098-ai-r1,webtext,0.32017,0.29325,0.34828
973m-g099-control,webtext,0.22583,0.20558,0.24620
973m-g099-ai-r0.05,webtext,0.29101,0.26942,0.31194
973m-g099-ai-r0.1,webtext,0.29510,0.27189,0.31909
973m-g099-ai-r0.25,webtext,0.29752,0.27159,0.32406
973m-g099-ai-r0.5,webtext,0.31489,0.29181,0.33900
973m-g097-control,writingprompts,0.21194,0.17439,0.25021
973m-g098-control,writingprompts,0.16887,0.13581,0.20292
973m-g098-ai-r0.05,writingprompts,0.15340,0.12366,0.18267
973m-g098-ai-r0.1,writingprompts,0.21854,0.17830,0.25987
973m-g098-ai-r0.25,writingprompts,0.25153,0.21129,0.29444
973m-g098-ai-r0.5,writingprompts,0.33954,0.28760,0.39374
973m-g098-ai-r1,writingprompts,0.31153,0.26103,0.36431
973m-g099-control,writingprompts,0.14257,0.11681,0.16945
973m-g099-ai-r0.05,writingprompts,0.15489,0.12390,0.18765
973m-g099-ai-r0.1,writingprompts,0.21032,0.17354,0.24758
973m-g099-ai-r0.25,writingprompts,0.17398,0.13859,0.21448
973m-g099-ai-r0.5,writingprompts,0.35673,0.30476,0.40708
268m-g075-control,writingprompts,0.16444,0.13233,0.20052
268m-g075-ai-r0.025,writingprompts,0.23798,0.19931,0.27974
268m-g075-ai-r0.05,writingprompts,0.18240,0.15042,0.21507
268m-g075-ai-r0.25,writingprompts,0.25532,0.21235,0.29930
268m-g075-ai-r0.5,writingprompts,0.22771,0.18643,0.27397
268m-g075-ai-r1,writingprompts,0.27957,0.23644,0.32448
268m-g075-ai-r2,writingprompts,0.40809,0.33777,0.47721
268m-g075-ai-r4,writingprompts,0.72346,0.63341,0.82444
268m-g081-control,writingprompts,0.15553,0.12348,0.19154
268m-g081-ai-r0.025,writingprompts,0.18050,0.14534,0.21741
268m-g081-ai-r0.05,writingprompts,0.20692,0.17160,0.24622
268m-g081-ai-r0.25,writingprompts,0.24202,0.20036,0.28611
268m-g081-ai-r0.5,writingprompts,0.23965,0.19877,0.28026
268m-g081-ai-r1,writingprompts,0.35964,0.30388,0.41646
268m-g081-ai-r2,writingprompts,0.46117,0.39255,0.52624
268m-g081-ai-r4,writingprompts,0.53944,0.46785,0.62232
